Created by PLY version 3.11 (http://www.dabeaz.com/ply)

Grammar

Rule 0     S' -> statement
Rule 1     statement -> expression
Rule 2     statement -> expression COMMENT
Rule 3     object -> object ATTR SYMBOL
Rule 4     object -> object ATTR_SAFE SYMBOL
Rule 5     expression -> object
Rule 6     expression -> expression QMARK expression COLON expression
Rule 7     expression -> expression COALESCE expression
Rule 8     expression -> expression MOD expression
Rule 9     expression -> expression MUL expression
Rule 10    expression -> expression FDIV expression
Rule 11    expression -> expression TDIV expression
Rule 12    expression -> expression POW expression
Rule 13    expression -> expression ADD expression
Rule 14    expression -> expression SUB expression
Rule 15    expression -> expression BWAND expression
Rule 16    expression -> expression BWOR expression
Rule 17    expression -> expression BWXOR expression
Rule 18    expression -> expression BWLSH expression
Rule 19    expression -> expression BWRSH expression
Rule 20    expression -> expression IN expression
Rule 21    expression -> expression NOT IN expression
Rule 22    expression -> expression EQ expression
Rule 23    expression -> expression NE expression
Rule 24    expression -> expression GT expression
Rule 25    expression -> expression GE expression
Rule 26    expression -> expression LT expression
Rule 27    expression -> expression LE expression
Rule 28    expression -> expression EQ_FZM expression
Rule 29    expression -> expression EQ_FZS expression
Rule 30    expression -> expression NE_FZM expression
Rule 31    expression -> expression NE_FZS expression
Rule 32    expression -> expression AND expression
Rule 33    expression -> expression OR expression
Rule 34    object -> LPAREN expression RPAREN
Rule 35    expression -> NOT expression
Rule 36    object -> SYMBOL
Rule 37    expression -> SUB expression
Rule 38    expression -> TRUE
Rule 39    expression -> FALSE
Rule 40    object -> BYTES
Rule 41    object -> DATETIME
Rule 42    object -> TIMEDELTA
Rule 43    expression -> FLOAT
Rule 44    expression -> FLOAT_NAN
Rule 45    expression -> FLOAT_INF
Rule 46    object -> NULL
Rule 47    object -> LBRACE ary_members RBRACE
Rule 48    object -> LBRACE ary_members COMMA RBRACE
Rule 49    object -> STRING
Rule 50    object -> LBRACKET RBRACKET
Rule 51    object -> LBRACKET ary_members RBRACKET
Rule 52    object -> LBRACKET ary_members COMMA RBRACKET
Rule 53    object -> LBRACKET expression FOR SYMBOL IN expression RBRACKET
Rule 54    object -> LBRACKET expression FOR SYMBOL IN expression IF expression RBRACKET
Rule 55    ary_members -> expression
Rule 56    ary_members -> ary_members COMMA expression
Rule 57    object -> LBRACE RBRACE
Rule 58    object -> LBRACE map_members RBRACE
Rule 59    object -> LBRACE map_members COMMA RBRACE
Rule 60    map_member -> expression COLON expression
Rule 61    map_members -> map_member
Rule 62    map_members -> map_members COMMA map_member
Rule 63    object -> object LBRACKET expression RBRACKET
Rule 64    object -> object LBRACKET COLON RBRACKET
Rule 65    object -> object LBRACKET COLON expression RBRACKET
Rule 66    object -> object LBRACKET expression COLON RBRACKET
Rule 67    object -> object LBRACKET expression COLON expression RBRACKET
Rule 68    object -> expression LPAREN RPAREN
Rule 69    object -> expression LPAREN ary_members RPAREN

Terminals, with rules where they appear

ADD                  : 13
AND                  : 32
ATTR                 : 3
ATTR_SAFE            : 4
BWAND                : 15
BWLSH                : 18
BWOR                 : 16
BWRSH                : 19
BWXOR                : 17
BYTES                : 40
COALESCE             : 7
COLON                : 6 60 64 65 66 67
COMMA                : 48 52 56 59 62
COMMENT              : 2
DATETIME             : 41
EQ                   : 22
EQ_FZM               : 28
EQ_FZS               : 29
FALSE                : 39
FDIV                 : 10
FLOAT                : 43
FLOAT_INF            : 45
FLOAT_NAN            : 44
FOR                  : 53 54
GE                   : 25
GT                   : 24
IF                   : 54
IN                   : 20 21 53 54
LBRACE               : 47 48 57 58 59
LBRACKET             : 50 51 52 53 54 63 64 65 66 67
LE                   : 27
LPAREN               : 34 68 69
LT                   : 26
MOD                  : 8
MUL                  : 9
NE                   : 23
NE_FZM               : 30
NE_FZS               : 31
NOT                  : 21 35
NULL                 : 46
OR                   : 33
POW                  : 12
QMARK                : 6
RBRACE               : 47 48 57 58 59
RBRACKET             : 50 51 52 53 54 63 64 65 66 67
RPAREN               : 34 68 69
STRING               : 49
SUB                  : 14 37
SYMBOL               : 3 4 36 53 54
TDIV                 : 11
TIMEDELTA            : 42
TRUE                 : 38
error                : 

Nonterminals, with rules where they appear

ary_members          : 47 48 51 52 56 69
expression           : 1 2 6 6 6 7 7 8 8 9 9 10 10 11 11 12 12 13 13 14 14 15 15 16 16 17 17 18 18 19 19 20 20 21 21 22 22 23 23 24 24 25 25 26 26 27 27 28 28 29 29 30 30 31 31 32 32 33 33 34 35 37 53 53 54 54 54 55 56 60 60 63 65 66 67 67 68 69
map_member           : 61 62
map_members          : 58 59 62
object               : 3 4 5 63 64 65 66 67
statement            : 0

Parsing method: LALR

state 0

    (0) S' -> . statement
    (1) statement -> . expression
    (2) statement -> . expression COMMENT
    (5) expression -> . object
    (6) expression -> . expression QMARK expression COLON expression
    (7) expression -> . expression COALESCE expression
    (8) expression -> . expression MOD expression
    (9) expression -> . expression MUL expression
    (10) expression -> . expression FDIV expression
    (11) expression -> . expression TDIV expression
    (12) expression -> . expression POW expression
    (13) expression -> . expression ADD expression
    (14) expression -> . expression SUB expression
    (15) expression -> . expression BWAND expression
    (16) expression -> . expression BWOR expression
    (17) expression -> . expression BWXOR expression
    (18) expression -> . expression BWLSH expression
    (19) expression -> . expression BWRSH expression
    (20) expression -> . expression IN expression
    (21) expression -> . expression NOT IN expression
    (22) expression -> . expression EQ expression
    (23) expression -> . expression NE expression
    (24) expression -> . expression GT expression
    (25) expression -> . expression GE expression
    (26) expression -> . expression LT expression
    (27) expression -> . expression LE expression
    (28) expression -> . expression EQ_FZM expression
    (29) expression -> . expression EQ_FZS expression
    (30) expression -> . expression NE_FZM expression
    (31) expression -> . expression NE_FZS expression
    (32) expression -> . expression AND expression
    (33) expression -> . expression OR expression
    (35) expression -> . NOT expression
    (37) expression -> . SUB expression
    (38) expression -> . TRUE
    (39) expression -> . FALSE
    (43) expression -> . FLOAT
    (44) expression -> . FLOAT_NAN
    (45) expression -> . FLOAT_INF
    (3) object -> . object ATTR SYMBOL
    (4) object -> . object ATTR_SAFE SYMBOL
    (34) object -> . LPAREN expression RPAREN
    (36) object -> . SYMBOL
    (40) object -> . BYTES
    (41) object -> . DATETIME
    (42) object -> . TIMEDELTA
    (46) object -> . NULL
    (47) object -> . LBRACE ary_members RBRACE
    (48) object -> . LBRACE ary_members COMMA RBRACE
    (49) object -> . STRING
    (50) object -> . LBRACKET RBRACKET
    (51) object -> . LBRACKET ary_members RBRACKET
    (52) object -> . LBRACKET ary_members COMMA RBRACKET
    (53) object -> . LBRACKET expression FOR SYMBOL IN expression RBRACKET
    (54) object -> . LBRACKET expression FOR SYMBOL IN expression IF expression RBRACKET
    (57) object -> . LBRACE RBRACE
    (58) object -> . LBRACE map_members RBRACE
    (59) object -> . LBRACE map_members COMMA RBRACE
    (63) object -> . object LBRACKET expression RBRACKET
    (64) object -> . object LBRACKET COLON RBRACKET
    (65) object -> . object LBRACKET COLON expression RBRACKET
    (66) object -> . object LBRACKET expression COLON RBRACKET
    (67) object -> . object LBRACKET expression COLON expression RBRACKET
    (68) object -> . expression LPAREN RPAREN
    (69) object -> . expression LPAREN ary_members RPAREN

    NOT             shift and go to state 5
    SUB             shift and go to state 4
    TRUE            shift and go to state 6
    FALSE           shift and go to state 7
    FLOAT           shift and go to state 8
    FLOAT_NAN       shift and go to state 9
    FLOAT_INF       shift and go to state 10
    LPAREN          shift and go to state 12
    SYMBOL          shift and go to state 11
    BYTES           shift and go to state 13
    DATETIME        shift and go to state 14
    TIMEDELTA       shift and go to state 15
    NULL            shift and go to state 16
    LBRACE          shift and go to state 17
    STRING          shift and go to state 18
    LBRACKET        shift and go to state 19

    statement                      shift and go to state 1
    expression                     shift and go to state 2
    object                         shift and go to state 3

state 1

    (0) S' -> statement .



state 2

    (1) statement -> expression .
    (2) statement -> expression . COMMENT
    (6) expression -> expression . QMARK expression COLON expression
    (7) expression -> expression . COALESCE expression
    (8) expression -> expression . MOD expression
    (9) expression -> expression . MUL expression
    (10) expression -> expression . FDIV expression
    (11) expression -> expression . TDIV expression
    (12) expression -> expression . POW expression
    (13) expression -> expression . ADD expression
    (14) expression -> expression . SUB expression
    (15) expression -> expression . BWAND expression
    (16) expression -> expression . BWOR expression
    (17) expression -> expression . BWXOR expression
    (18) expression -> expression . BWLSH expression
    (19) expression -> expression . BWRSH expression
    (20) expression -> expression . IN expression
    (21) expression -> expression . NOT IN expression
    (22) expression -> expression . EQ expression
    (23) expression -> expression . NE expression
    (24) expression -> expression . GT expression
    (25) expression -> expression . GE expression
    (26) expression -> expression . LT expression
    (27) expression -> expression . LE expression
    (28) expression -> expression . EQ_FZM expression
    (29) expression -> expression . EQ_FZS expression
    (30) expression -> expression . NE_FZM expression
    (31) expression -> expression . NE_FZS expression
    (32) expression -> expression . AND expression
    (33) expression -> expression . OR expression
    (68) object -> expression . LPAREN RPAREN
    (69) object -> expression . LPAREN ary_members RPAREN

    $end            reduce using rule 1 (statement -> expression .)
    COMMENT         shift and go to state 20
    QMARK           shift and go to state 21
    COALESCE        shift and go to state 22
    MOD             shift and go to state 23
    MUL             shift and go to state 24
    FDIV            shift and go to state 25
    TDIV            shift and go to state 26
    POW             shift and go to state 27
    ADD             shift and go to state 28
    SUB             shift and go to state 29
    BWAND           shift and go to state 30
    BWOR            shift and go to state 31
    BWXOR           shift and go to state 32
    BWLSH           shift and go to state 33
    BWRSH           shift and go to state 34
    IN              shift and go to state 35
    NOT             shift and go to state 36
    EQ              shift and go to state 37
    NE              shift and go to state 38
    GT              shift and go to state 39
    GE              shift and go to state 40
    LT              shift and go to state 41
    LE              shift and go to state 42
    EQ_FZM          shift and go to state 43
    EQ_FZS          shift and go to state 44
    NE_FZM          shift and go to state 45
    NE_FZS          shift and go to state 46
    AND             shift and go to state 47
    OR              shift and go to state 48
    LPAREN          shift and go to state 49


state 3

    (5) expression -> object .
    (3) object -> object . ATTR SYMBOL
    (4) object -> object . ATTR_SAFE SYMBOL
    (63) object -> object . LBRACKET expression RBRACKET
    (64) object -> object . LBRACKET COLON RBRACKET
    (65) object -> object . LBRACKET COLON expression RBRACKET
    (66) object -> object . LBRACKET expression COLON RBRACKET
    (67) object -> object . LBRACKET expression COLON expression RBRACKET

    COMMENT         reduce using rule 5 (expression -> object .)
    QMARK           reduce using rule 5 (expression -> object .)
    COALESCE        reduce using rule 5 (expression -> object .)
    MOD             reduce using rule 5 (expression -> object .)
    MUL             reduce using rule 5 (expression -> object .)
    FDIV            reduce using rule 5 (expression -> object .)
    TDIV            reduce using rule 5 (expression -> object .)
    POW             reduce using rule 5 (expression -> object .)
    ADD             reduce using rule 5 (expression -> object .)
    SUB             reduce using rule 5 (expression -> object .)
    BWAND           reduce using rule 5 (expression -> object .)
    BWOR            reduce using rule 5 (expression -> object .)
    BWXOR           reduce using rule 5 (expression -> object .)
    BWLSH           reduce using rule 5 (expression -> object .)
    BWRSH           reduce using rule 5 (expression -> object .)
    IN              reduce using rule 5 (expression -> object .)
    NOT             reduce using rule 5 (expression -> object .)
    EQ              reduce using rule 5 (expression -> object .)
    NE              reduce using rule 5 (expression -> object .)
    GT              reduce using rule 5 (expression -> object .)
    GE              reduce using rule 5 (expression -> object .)
    LT              reduce using rule 5 (expression -> object .)
    LE              reduce using rule 5 (expression -> object .)
    EQ_FZM          reduce using rule 5 (expression -> object .)
    EQ_FZS          reduce using rule 5 (expression -> object .)
    NE_FZM          reduce using rule 5 (expression -> object .)
    NE_FZS          reduce using rule 5 (expression -> object .)
    AND             reduce using rule 5 (expression -> object .)
    OR              reduce using rule 5 (expression -> object .)
    LPAREN          reduce using rule 5 (expression -> object .)
    $end            reduce using rule 5 (expression -> object .)
    RPAREN          reduce using rule 5 (expression -> object .)
    COLON           reduce using rule 5 (expression -> object .)
    RBRACE          reduce using rule 5 (expression -> object .)
    COMMA           reduce using rule 5 (expression -> object .)
    FOR             reduce using rule 5 (expression -> object .)
    RBRACKET        reduce using rule 5 (expression -> object .)
    IF              reduce using rule 5 (expression -> object .)
    ATTR            shift and go to state 50
    ATTR_SAFE       shift and go to state 51
    LBRACKET        shift and go to state 52


state 4

    (37) expression -> SUB . expression
    (5) expression -> . object
    (6) expression -> . expression QMARK expression COLON expression
    (7) expression -> . expression COALESCE expression
    (8) expression -> . expression MOD expression
    (9) expression -> . expression MUL expression
    (10) expression -> . expression FDIV expression
    (11) expression -> . expression TDIV expression
    (12) expression -> . expression POW expression
    (13) expression -> . expression ADD expression
    (14) expression -> . expression SUB expression
    (15) expression -> . expression BWAND expression
    (16) expression -> . expression BWOR expression
    (17) expression -> . expression BWXOR expression
    (18) expression -> . expression BWLSH expression
    (19) expression -> . expression BWRSH expression
    (20) expression -> . expression IN expression
    (21) expression -> . expression NOT IN expression
    (22) expression -> . expression EQ expression
    (23) expression -> . expression NE expression
    (24) expression -> . expression GT expression
    (25) expression -> . expression GE expression
    (26) expression -> . expression LT expression
    (27) expression -> . expression LE expression
    (28) expression -> . expression EQ_FZM expression
    (29) expression -> . expression EQ_FZS expression
    (30) expression -> . expression NE_FZM expression
    (31) expression -> . expression NE_FZS expression
    (32) expression -> . expression AND expression
    (33) expression -> . expression OR expression
    (35) expression -> . NOT expression
    (37) expression -> . SUB expression
    (38) expression -> . TRUE
    (39) expression -> . FALSE
    (43) expression -> . FLOAT
    (44) expression -> . FLOAT_NAN
    (45) expression -> . FLOAT_INF
    (3) object -> . object ATTR SYMBOL
    (4) object -> . object ATTR_SAFE SYMBOL
    (34) object -> . LPAREN expression RPAREN
    (36) object -> . SYMBOL
    (40) object -> . BYTES
    (41) object -> . DATETIME
    (42) object -> . TIMEDELTA
    (46) object -> . NULL
    (47) object -> . LBRACE ary_members RBRACE
    (48) object -> . LBRACE ary_members COMMA RBRACE
    (49) object -> . STRING
    (50) object -> . LBRACKET RBRACKET
    (51) object -> . LBRACKET ary_members RBRACKET
    (52) object -> . LBRACKET ary_members COMMA RBRACKET
    (53) object -> . LBRACKET expression FOR SYMBOL IN expression RBRACKET
    (54) object -> . LBRACKET expression FOR SYMBOL IN expression IF expression RBRACKET
    (57) object -> . LBRACE RBRACE
    (58) object -> . LBRACE map_members RBRACE
    (59) object -> . LBRACE map_members COMMA RBRACE
    (63) object -> . object LBRACKET expression RBRACKET
    (64) object -> . object LBRACKET COLON RBRACKET
    (65) object -> . object LBRACKET COLON expression RBRACKET
    (66) object -> . object LBRACKET expression COLON RBRACKET
    (67) object -> . object LBRACKET expression COLON expression RBRACKET
    (68) object -> . expression LPAREN RPAREN
    (69) object -> . expression LPAREN ary_members RPAREN

    NOT             shift and go to state 5
    SUB             shift and go to state 4
    TRUE            shift and go to state 6
    FALSE           shift and go to state 7
    FLOAT           shift and go to state 8
    FLOAT_NAN       shift and go to state 9
    FLOAT_INF       shift and go to state 10
    LPAREN          shift and go to state 12
    SYMBOL          shift and go to state 11
    BYTES           shift and go to state 13
    DATETIME        shift and go to state 14
    TIMEDELTA       shift and go to state 15
    NULL            shift and go to state 16
    LBRACE          shift and go to state 17
    STRING          shift and go to state 18
    LBRACKET        shift and go to state 19

    expression                     shift and go to state 53
    object                         shift and go to state 3

state 5

    (35) expression -> NOT . expression
    (5) expression -> . object
    (6) expression -> . expression QMARK expression COLON expression
    (7) expression -> . expression COALESCE expression
    (8) expression -> . expression MOD expression
    (9) expression -> . expression MUL expression
    (10) expression -> . expression FDIV expression
    (11) expression -> . expression TDIV expression
    (12) expression -> . expression POW expression
    (13) expression -> . expression ADD expression
    (14) expression -> . expression SUB expression
    (15) expression -> . expression BWAND expression
    (16) expression -> . expression BWOR expression
    (17) expression -> . expression BWXOR expression
    (18) expression -> . expression BWLSH expression
    (19) expression -> . expression BWRSH expression
    (20) expression -> . expression IN expression
    (21) expression -> . expression NOT IN expression
    (22) expression -> . expression EQ expression
    (23) expression -> . expression NE expression
    (24) expression -> . expression GT expression
    (25) expression -> . expression GE expression
    (26) expression -> . expression LT expression
    (27) expression -> . expression LE expression
    (28) expression -> . expression EQ_FZM expression
    (29) expression -> . expression EQ_FZS expression
    (30) expression -> . expression NE_FZM expression
    (31) expression -> . expression NE_FZS expression
    (32) expression -> . expression AND expression
    (33) expression -> . expression OR expression
    (35) expression -> . NOT expression
    (37) expression -> . SUB expression
    (38) expression -> . TRUE
    (39) expression -> . FALSE
    (43) expression -> . FLOAT
    (44) expression -> . FLOAT_NAN
    (45) expression -> . FLOAT_INF
    (3) object -> . object ATTR SYMBOL
    (4) object -> . object ATTR_SAFE SYMBOL
    (34) object -> . LPAREN expression RPAREN
    (36) object -> . SYMBOL
    (40) object -> . BYTES
    (41) object -> . DATETIME
    (42) object -> . TIMEDELTA
    (46) object -> . NULL
    (47) object -> . LBRACE ary_members RBRACE
    (48) object -> . LBRACE ary_members COMMA RBRACE
    (49) object -> . STRING
    (50) object -> . LBRACKET RBRACKET
    (51) object -> . LBRACKET ary_members RBRACKET
    (52) object -> . LBRACKET ary_members COMMA RBRACKET
    (53) object -> . LBRACKET expression FOR SYMBOL IN expression RBRACKET
    (54) object -> . LBRACKET expression FOR SYMBOL IN expression IF expression RBRACKET
    (57) object -> . LBRACE RBRACE
    (58) object -> . LBRACE map_members RBRACE
    (59) object -> . LBRACE map_members COMMA RBRACE
    (63) object -> . object LBRACKET expression RBRACKET
    (64) object -> . object LBRACKET COLON RBRACKET
    (65) object -> . object LBRACKET COLON expression RBRACKET
    (66) object -> . object LBRACKET expression COLON RBRACKET
    (67) object -> . object LBRACKET expression COLON expression RBRACKET
    (68) object -> . expression LPAREN RPAREN
    (69) object -> . expression LPAREN ary_members RPAREN

    NOT             shift and go to state 5
    SUB             shift and go to state 4
    TRUE            shift and go to state 6
    FALSE           shift and go to state 7
    FLOAT           shift and go to state 8
    FLOAT_NAN       shift and go to state 9
    FLOAT_INF       shift and go to state 10
    LPAREN          shift and go to state 12
    SYMBOL          shift and go to state 11
    BYTES           shift and go to state 13
    DATETIME        shift and go to state 14
    TIMEDELTA       shift and go to state 15
    NULL            shift and go to state 16
    LBRACE          shift and go to state 17
    STRING          shift and go to state 18
    LBRACKET        shift and go to state 19

    expression                     shift and go to state 54
    object                         shift and go to state 3

state 6

    (38) expression -> TRUE .

    COMMENT         reduce using rule 38 (expression -> TRUE .)
    QMARK           reduce using rule 38 (expression -> TRUE .)
    COALESCE        reduce using rule 38 (expression -> TRUE .)
    MOD             reduce using rule 38 (expression -> TRUE .)
    MUL             reduce using rule 38 (expression -> TRUE .)
    FDIV            reduce using rule 38 (expression -> TRUE .)
    TDIV            reduce using rule 38 (expression -> TRUE .)
    POW             reduce using rule 38 (expression -> TRUE .)
    ADD             reduce using rule 38 (expression -> TRUE .)
    SUB             reduce using rule 38 (expression -> TRUE .)
    BWAND           reduce using rule 38 (expression -> TRUE .)
    BWOR            reduce using rule 38 (expression -> TRUE .)
    BWXOR           reduce using rule 38 (expression -> TRUE .)
    BWLSH           reduce using rule 38 (expression -> TRUE .)
    BWRSH           reduce using rule 38 (expression -> TRUE .)
    IN              reduce using rule 38 (expression -> TRUE .)
    NOT             reduce using rule 38 (expression -> TRUE .)
    EQ              reduce using rule 38 (expression -> TRUE .)
    NE              reduce using rule 38 (expression -> TRUE .)
    GT              reduce using rule 38 (expression -> TRUE .)
    GE              reduce using rule 38 (expression -> TRUE .)
    LT              reduce using rule 38 (expression -> TRUE .)
    LE              reduce using rule 38 (expression -> TRUE .)
    EQ_FZM          reduce using rule 38 (expression -> TRUE .)
    EQ_FZS          reduce using rule 38 (expression -> TRUE .)
    NE_FZM          reduce using rule 38 (expression -> TRUE .)
    NE_FZS          reduce using rule 38 (expression -> TRUE .)
    AND             reduce using rule 38 (expression -> TRUE .)
    OR              reduce using rule 38 (expression -> TRUE .)
    LPAREN          reduce using rule 38 (expression -> TRUE .)
    $end            reduce using rule 38 (expression -> TRUE .)
    RPAREN          reduce using rule 38 (expression -> TRUE .)
    COLON           reduce using rule 38 (expression -> TRUE .)
    RBRACE          reduce using rule 38 (expression -> TRUE .)
    COMMA           reduce using rule 38 (expression -> TRUE .)
    FOR             reduce using rule 38 (expression -> TRUE .)
    RBRACKET        reduce using rule 38 (expression -> TRUE .)
    IF              reduce using rule 38 (expression -> TRUE .)


state 7

    (39) expression -> FALSE .

    COMMENT         reduce using rule 39 (expression -> FALSE .)
    QMARK           reduce using rule 39 (expression -> FALSE .)
    COALESCE        reduce using rule 39 (expression -> FALSE .)
    MOD             reduce using rule 39 (expression -> FALSE .)
    MUL             reduce using rule 39 (expression -> FALSE .)
    FDIV            reduce using rule 39 (expression -> FALSE .)
    TDIV            reduce using rule 39 (expression -> FALSE .)
    POW             reduce using rule 39 (expression -> FALSE .)
    ADD             reduce using rule 39 (expression -> FALSE .)
    SUB             reduce using rule 39 (expression -> FALSE .)
    BWAND           reduce using rule 39 (expression -> FALSE .)
    BWOR            reduce using rule 39 (expression -> FALSE .)
    BWXOR           reduce using rule 39 (expression -> FALSE .)
    BWLSH           reduce using rule 39 (expression -> FALSE .)
    BWRSH           reduce using rule 39 (expression -> FALSE .)
    IN              reduce using rule 39 (expression -> FALSE .)
    NOT             reduce using rule 39 (expression -> FALSE .)
    EQ              reduce using rule 39 (expression -> FALSE .)
    NE              reduce using rule 39 (expression -> FALSE .)
    GT              reduce using rule 39 (expression -> FALSE .)
    GE              reduce using rule 39 (expression -> FALSE .)
    LT              reduce using rule 39 (expression -> FALSE .)
    LE              reduce using rule 39 (expression -> FALSE .)
    EQ_FZM          reduce using rule 39 (expression -> FALSE .)
    EQ_FZS          reduce using rule 39 (expression -> FALSE .)
    NE_FZM          reduce using rule 39 (expression -> FALSE .)
    NE_FZS          reduce using rule 39 (expression -> FALSE .)
    AND             reduce using rule 39 (expression -> FALSE .)
    OR              reduce using rule 39 (expression -> FALSE .)
    LPAREN          reduce using rule 39 (expression -> FALSE .)
    $end            reduce using rule 39 (expression -> FALSE .)
    RPAREN          reduce using rule 39 (expression -> FALSE .)
    COLON           reduce using rule 39 (expression -> FALSE .)
    RBRACE          reduce using rule 39 (expression -> FALSE .)
    COMMA           reduce using rule 39 (expression -> FALSE .)
    FOR             reduce using rule 39 (expression -> FALSE .)
    RBRACKET        reduce using rule 39 (expression -> FALSE .)
    IF              reduce using rule 39 (expression -> FALSE .)


state 8

    (43) expression -> FLOAT .

    COMMENT         reduce using rule 43 (expression -> FLOAT .)
    QMARK           reduce using rule 43 (expression -> FLOAT .)
    COALESCE        reduce using rule 43 (expression -> FLOAT .)
    MOD             reduce using rule 43 (expression -> FLOAT .)
    MUL             reduce using rule 43 (expression -> FLOAT .)
    FDIV            reduce using rule 43 (expression -> FLOAT .)
    TDIV            reduce using rule 43 (expression -> FLOAT .)
    POW             reduce using rule 43 (expression -> FLOAT .)
    ADD             reduce using rule 43 (expression -> FLOAT .)
    SUB             reduce using rule 43 (expression -> FLOAT .)
    BWAND           reduce using rule 43 (expression -> FLOAT .)
    BWOR            reduce using rule 43 (expression -> FLOAT .)
    BWXOR           reduce using rule 43 (expression -> FLOAT .)
    BWLSH           reduce using rule 43 (expression -> FLOAT .)
    BWRSH           reduce using rule 43 (expression -> FLOAT .)
    IN              reduce using rule 43 (expression -> FLOAT .)
    NOT             reduce using rule 43 (expression -> FLOAT .)
    EQ              reduce using rule 43 (expression -> FLOAT .)
    NE              reduce using rule 43 (expression -> FLOAT .)
    GT              reduce using rule 43 (expression -> FLOAT .)
    GE              reduce using rule 43 (expression -> FLOAT .)
    LT              reduce using rule 43 (expression -> FLOAT .)
    LE              reduce using rule 43 (expression -> FLOAT .)
    EQ_FZM          reduce using rule 43 (expression -> FLOAT .)
    EQ_FZS          reduce using rule 43 (expression -> FLOAT .)
    NE_FZM          reduce using rule 43 (expression -> FLOAT .)
    NE_FZS          reduce using rule 43 (expression -> FLOAT .)
    AND             reduce using rule 43 (expression -> FLOAT .)
    OR              reduce using rule 43 (expression -> FLOAT .)
    LPAREN          reduce using rule 43 (expression -> FLOAT .)
    $end            reduce using rule 43 (expression -> FLOAT .)
    RPAREN          reduce using rule 43 (expression -> FLOAT .)
    COLON           reduce using rule 43 (expression -> FLOAT .)
    RBRACE          reduce using rule 43 (expression -> FLOAT .)
    COMMA           reduce using rule 43 (expression -> FLOAT .)
    FOR             reduce using rule 43 (expression -> FLOAT .)
    RBRACKET        reduce using rule 43 (expression -> FLOAT .)
    IF              reduce using rule 43 (expression -> FLOAT .)


state 9

    (44) expression -> FLOAT_NAN .

    COMMENT         reduce using rule 44 (expression -> FLOAT_NAN .)
    QMARK           reduce using rule 44 (expression -> FLOAT_NAN .)
    COALESCE        reduce using rule 44 (expression -> FLOAT_NAN .)
    MOD             reduce using rule 44 (expression -> FLOAT_NAN .)
    MUL             reduce using rule 44 (expression -> FLOAT_NAN .)
    FDIV            reduce using rule 44 (expression -> FLOAT_NAN .)
    TDIV            reduce using rule 44 (expression -> FLOAT_NAN .)
    POW             reduce using rule 44 (expression -> FLOAT_NAN .)
    ADD             reduce using rule 44 (expression -> FLOAT_NAN .)
    SUB             reduce using rule 44 (expression -> FLOAT_NAN .)
    BWAND           reduce using rule 44 (expression -> FLOAT_NAN .)
    BWOR            reduce using rule 44 (expression -> FLOAT_NAN .)
    BWXOR           reduce using rule 44 (expression -> FLOAT_NAN .)
    BWLSH           reduce using rule 44 (expression -> FLOAT_NAN .)
    BWRSH           reduce using rule 44 (expression -> FLOAT_NAN .)
    IN              reduce using rule 44 (expression -> FLOAT_NAN .)
    NOT             reduce using rule 44 (expression -> FLOAT_NAN .)
    EQ              reduce using rule 44 (expression -> FLOAT_NAN .)
    NE              reduce using rule 44 (expression -> FLOAT_NAN .)
    GT              reduce using rule 44 (expression -> FLOAT_NAN .)
    GE              reduce using rule 44 (expression -> FLOAT_NAN .)
    LT              reduce using rule 44 (expression -> FLOAT_NAN .)
    LE              reduce using rule 44 (expression -> FLOAT_NAN .)
    EQ_FZM          reduce using rule 44 (expression -> FLOAT_NAN .)
    EQ_FZS          reduce using rule 44 (expression -> FLOAT_NAN .)
    NE_FZM          reduce using rule 44 (expression -> FLOAT_NAN .)
    NE_FZS          reduce using rule 44 (expression -> FLOAT_NAN .)
    AND             reduce using rule 44 (expression -> FLOAT_NAN .)
    OR              reduce using rule 44 (expression -> FLOAT_NAN .)
    LPAREN          reduce using rule 44 (expression -> FLOAT_NAN .)
    $end            reduce using rule 44 (expression -> FLOAT_NAN .)
    RPAREN          reduce using rule 44 (expression -> FLOAT_NAN .)
    COLON           reduce using rule 44 (expression -> FLOAT_NAN .)
    RBRACE          reduce using rule 44 (expression -> FLOAT_NAN .)
    COMMA           reduce using rule 44 (expression -> FLOAT_NAN .)
    FOR             reduce using rule 44 (expression -> FLOAT_NAN .)
    RBRACKET        reduce using rule 44 (expression -> FLOAT_NAN .)
    IF              reduce using rule 44 (expression -> FLOAT_NAN .)


state 10

    (45) expression -> FLOAT_INF .

    COMMENT         reduce using rule 45 (expression -> FLOAT_INF .)
    QMARK           reduce using rule 45 (expression -> FLOAT_INF .)
    COALESCE        reduce using rule 45 (expression -> FLOAT_INF .)
    MOD             reduce using rule 45 (expression -> FLOAT_INF .)
    MUL             reduce using rule 45 (expression -> FLOAT_INF .)
    FDIV            reduce using rule 45 (expression -> FLOAT_INF .)
    TDIV            reduce using rule 45 (expression -> FLOAT_INF .)
    POW             reduce using rule 45 (expression -> FLOAT_INF .)
    ADD             reduce using rule 45 (expression -> FLOAT_INF .)
    SUB             reduce using rule 45 (expression -> FLOAT_INF .)
    BWAND           reduce using rule 45 (expression -> FLOAT_INF .)
    BWOR            reduce using rule 45 (expression -> FLOAT_INF .)
    BWXOR           reduce using rule 45 (expression -> FLOAT_INF .)
    BWLSH           reduce using rule 45 (expression -> FLOAT_INF .)
    BWRSH           reduce using rule 45 (expression -> FLOAT_INF .)
    IN              reduce using rule 45 (expression -> FLOAT_INF .)
    NOT             reduce using rule 45 (expression -> FLOAT_INF .)
    EQ              reduce using rule 45 (expression -> FLOAT_INF .)
    NE              reduce using rule 45 (expression -> FLOAT_INF .)
    GT              reduce using rule 45 (expression -> FLOAT_INF .)
    GE              reduce using rule 45 (expression -> FLOAT_INF .)
    LT              reduce using rule 45 (expression -> FLOAT_INF .)
    LE              reduce using rule 45 (expression -> FLOAT_INF .)
    EQ_FZM          reduce using rule 45 (expression -> FLOAT_INF .)
    EQ_FZS          reduce using rule 45 (expression -> FLOAT_INF .)
    NE_FZM          reduce using rule 45 (expression -> FLOAT_INF .)
    NE_FZS          reduce using rule 45 (expression -> FLOAT_INF .)
    AND             reduce using rule 45 (expression -> FLOAT_INF .)
    OR              reduce using rule 45 (expression -> FLOAT_INF .)
    LPAREN          reduce using rule 45 (expression -> FLOAT_INF .)
    $end            reduce using rule 45 (expression -> FLOAT_INF .)
    RPAREN          reduce using rule 45 (expression -> FLOAT_INF .)
    COLON           reduce using rule 45 (expression -> FLOAT_INF .)
    RBRACE          reduce using rule 45 (expression -> FLOAT_INF .)
    COMMA           reduce using rule 45 (expression -> FLOAT_INF .)
    FOR             reduce using rule 45 (expression -> FLOAT_INF .)
    RBRACKET        reduce using rule 45 (expression -> FLOAT_INF .)
    IF              reduce using rule 45 (expression -> FLOAT_INF .)


state 11

    (36) object -> SYMBOL .

    ATTR            reduce using rule 36 (object -> SYMBOL .)
    ATTR_SAFE       reduce using rule 36 (object -> SYMBOL .)
    LBRACKET        reduce using rule 36 (object -> SYMBOL .)
    COMMENT         reduce using rule 36 (object -> SYMBOL .)
    QMARK           reduce using rule 36 (object -> SYMBOL .)
    COALESCE        reduce using rule 36 (object -> SYMBOL .)
    MOD             reduce using rule 36 (object -> SYMBOL .)
    MUL             reduce using rule 36 (object -> SYMBOL .)
    FDIV            reduce using rule 36 (object -> SYMBOL .)
    TDIV            reduce using rule 36 (object -> SYMBOL .)
    POW             reduce using rule 36 (object -> SYMBOL .)
    ADD             reduce using rule 36 (object -> SYMBOL .)
    SUB             reduce using rule 36 (object -> SYMBOL .)
    BWAND           reduce using rule 36 (object -> SYMBOL .)
    BWOR            reduce using rule 36 (object -> SYMBOL .)
    BWXOR           reduce using rule 36 (object -> SYMBOL .)
    BWLSH           reduce using rule 36 (object -> SYMBOL .)
    BWRSH           reduce using rule 36 (object -> SYMBOL .)
    IN              reduce using rule 36 (object -> SYMBOL .)
    NOT             reduce using rule 36 (object -> SYMBOL .)
    EQ              reduce using rule 36 (object -> SYMBOL .)
    NE              reduce using rule 36 (object -> SYMBOL .)
    GT              reduce using rule 36 (object -> SYMBOL .)
    GE              reduce using rule 36 (object -> SYMBOL .)
    LT              reduce using rule 36 (object -> SYMBOL .)
    LE              reduce using rule 36 (object -> SYMBOL .)
    EQ_FZM          reduce using rule 36 (object -> SYMBOL .)
    EQ_FZS          reduce using rule 36 (object -> SYMBOL .)
    NE_FZM          reduce using rule 36 (object -> SYMBOL .)
    NE_FZS          reduce using rule 36 (object -> SYMBOL .)
    AND             reduce using rule 36 (object -> SYMBOL .)
    OR              reduce using rule 36 (object -> SYMBOL .)
    LPAREN          reduce using rule 36 (object -> SYMBOL .)
    $end            reduce using rule 36 (object -> SYMBOL .)
    RPAREN          reduce using rule 36 (object -> SYMBOL .)
    COLON           reduce using rule 36 (object -> SYMBOL .)
    RBRACE          reduce using rule 36 (object -> SYMBOL .)
    COMMA           reduce using rule 36 (object -> SYMBOL .)
    FOR             reduce using rule 36 (object -> SYMBOL .)
    RBRACKET        reduce using rule 36 (object -> SYMBOL .)
    IF              reduce using rule 36 (object -> SYMBOL .)


state 12

    (34) object -> LPAREN . expression RPAREN
    (5) expression -> . object
    (6) expression -> . expression QMARK expression COLON expression
    (7) expression -> . expression COALESCE expression
    (8) expression -> . expression MOD expression
    (9) expression -> . expression MUL expression
    (10) expression -> . expression FDIV expression
    (11) expression -> . expression TDIV expression
    (12) expression -> . expression POW expression
    (13) expression -> . expression ADD expression
    (14) expression -> . expression SUB expression
    (15) expression -> . expression BWAND expression
    (16) expression -> . expression BWOR expression
    (17) expression -> . expression BWXOR expression
    (18) expression -> . expression BWLSH expression
    (19) expression -> . expression BWRSH expression
    (20) expression -> . expression IN expression
    (21) expression -> . expression NOT IN expression
    (22) expression -> . expression EQ expression
    (23) expression -> . expression NE expression
    (24) expression -> . expression GT expression
    (25) expression -> . expression GE expression
    (26) expression -> . expression LT expression
    (27) expression -> . expression LE expression
    (28) expression -> . expression EQ_FZM expression
    (29) expression -> . expression EQ_FZS expression
    (30) expression -> . expression NE_FZM expression
    (31) expression -> . expression NE_FZS expression
    (32) expression -> . expression AND expression
    (33) expression -> . expression OR expression
    (35) expression -> . NOT expression
    (37) expression -> . SUB expression
    (38) expression -> . TRUE
    (39) expression -> . FALSE
    (43) expression -> . FLOAT
    (44) expression -> . FLOAT_NAN
    (45) expression -> . FLOAT_INF
    (3) object -> . object ATTR SYMBOL
    (4) object -> . object ATTR_SAFE SYMBOL
    (34) object -> . LPAREN expression RPAREN
    (36) object -> . SYMBOL
    (40) object -> . BYTES
    (41) object -> . DATETIME
    (42) object -> . TIMEDELTA
    (46) object -> . NULL
    (47) object -> . LBRACE ary_members RBRACE
    (48) object -> . LBRACE ary_members COMMA RBRACE
    (49) object -> . STRING
    (50) object -> . LBRACKET RBRACKET
    (51) object -> . LBRACKET ary_members RBRACKET
    (52) object -> . LBRACKET ary_members COMMA RBRACKET
    (53) object -> . LBRACKET expression FOR SYMBOL IN expression RBRACKET
    (54) object -> . LBRACKET expression FOR SYMBOL IN expression IF expression RBRACKET
    (57) object -> . LBRACE RBRACE
    (58) object -> . LBRACE map_members RBRACE
    (59) object -> . LBRACE map_members COMMA RBRACE
    (63) object -> . object LBRACKET expression RBRACKET
    (64) object -> . object LBRACKET COLON RBRACKET
    (65) object -> . object LBRACKET COLON expression RBRACKET
    (66) object -> . object LBRACKET expression COLON RBRACKET
    (67) object -> . object LBRACKET expression COLON expression RBRACKET
    (68) object -> . expression LPAREN RPAREN
    (69) object -> . expression LPAREN ary_members RPAREN

    NOT             shift and go to state 5
    SUB             shift and go to state 4
    TRUE            shift and go to state 6
    FALSE           shift and go to state 7
    FLOAT           shift and go to state 8
    FLOAT_NAN       shift and go to state 9
    FLOAT_INF       shift and go to state 10
    LPAREN          shift and go to state 12
    SYMBOL          shift and go to state 11
    BYTES           shift and go to state 13
    DATETIME        shift and go to state 14
    TIMEDELTA       shift and go to state 15
    NULL            shift and go to state 16
    LBRACE          shift and go to state 17
    STRING          shift and go to state 18
    LBRACKET        shift and go to state 19

    expression                     shift and go to state 55
    object                         shift and go to state 3

state 13

    (40) object -> BYTES .

    ATTR            reduce using rule 40 (object -> BYTES .)
    ATTR_SAFE       reduce using rule 40 (object -> BYTES .)
    LBRACKET        reduce using rule 40 (object -> BYTES .)
    COMMENT         reduce using rule 40 (object -> BYTES .)
    QMARK           reduce using rule 40 (object -> BYTES .)
    COALESCE        reduce using rule 40 (object -> BYTES .)
    MOD             reduce using rule 40 (object -> BYTES .)
    MUL             reduce using rule 40 (object -> BYTES .)
    FDIV            reduce using rule 40 (object -> BYTES .)
    TDIV            reduce using rule 40 (object -> BYTES .)
    POW             reduce using rule 40 (object -> BYTES .)
    ADD             reduce using rule 40 (object -> BYTES .)
    SUB             reduce using rule 40 (object -> BYTES .)
    BWAND           reduce using rule 40 (object -> BYTES .)
    BWOR            reduce using rule 40 (object -> BYTES .)
    BWXOR           reduce using rule 40 (object -> BYTES .)
    BWLSH           reduce using rule 40 (object -> BYTES .)
    BWRSH           reduce using rule 40 (object -> BYTES .)
    IN              reduce using rule 40 (object -> BYTES .)
    NOT             reduce using rule 40 (object -> BYTES .)
    EQ              reduce using rule 40 (object -> BYTES .)
    NE              reduce using rule 40 (object -> BYTES .)
    GT              reduce using rule 40 (object -> BYTES .)
    GE              reduce using rule 40 (object -> BYTES .)
    LT              reduce using rule 40 (object -> BYTES .)
    LE              reduce using rule 40 (object -> BYTES .)
    EQ_FZM          reduce using rule 40 (object -> BYTES .)
    EQ_FZS          reduce using rule 40 (object -> BYTES .)
    NE_FZM          reduce using rule 40 (object -> BYTES .)
    NE_FZS          reduce using rule 40 (object -> BYTES .)
    AND             reduce using rule 40 (object -> BYTES .)
    OR              reduce using rule 40 (object -> BYTES .)
    LPAREN          reduce using rule 40 (object -> BYTES .)
    $end            reduce using rule 40 (object -> BYTES .)
    RPAREN          reduce using rule 40 (object -> BYTES .)
    COLON           reduce using rule 40 (object -> BYTES .)
    RBRACE          reduce using rule 40 (object -> BYTES .)
    COMMA           reduce using rule 40 (object -> BYTES .)
    FOR             reduce using rule 40 (object -> BYTES .)
    RBRACKET        reduce using rule 40 (object -> BYTES .)
    IF              reduce using rule 40 (object -> BYTES .)


state 14

    (41) object -> DATETIME .

    ATTR            reduce using rule 41 (object -> DATETIME .)
    ATTR_SAFE       reduce using rule 41 (object -> DATETIME .)
    LBRACKET        reduce using rule 41 (object -> DATETIME .)
    COMMENT         reduce using rule 41 (object -> DATETIME .)
    QMARK           reduce using rule 41 (object -> DATETIME .)
    COALESCE        reduce using rule 41 (object -> DATETIME .)
    MOD             reduce using rule 41 (object -> DATETIME .)
    MUL             reduce using rule 41 (object -> DATETIME .)
    FDIV            reduce using rule 41 (object -> DATETIME .)
    TDIV            reduce using rule 41 (object -> DATETIME .)
    POW             reduce using rule 41 (object -> DATETIME .)
    ADD             reduce using rule 41 (object -> DATETIME .)
    SUB             reduce using rule 41 (object -> DATETIME .)
    BWAND           reduce using rule 41 (object -> DATETIME .)
    BWOR            reduce using rule 41 (object -> DATETIME .)
    BWXOR           reduce using rule 41 (object -> DATETIME .)
    BWLSH           reduce using rule 41 (object -> DATETIME .)
    BWRSH           reduce using rule 41 (object -> DATETIME .)
    IN              reduce using rule 41 (object -> DATETIME .)
    NOT             reduce using rule 41 (object -> DATETIME .)
    EQ              reduce using rule 41 (object -> DATETIME .)
    NE              reduce using rule 41 (object -> DATETIME .)
    GT              reduce using rule 41 (object -> DATETIME .)
    GE              reduce using rule 41 (object -> DATETIME .)
    LT              reduce using rule 41 (object -> DATETIME .)
    LE              reduce using rule 41 (object -> DATETIME .)
    EQ_FZM          reduce using rule 41 (object -> DATETIME .)
    EQ_FZS          reduce using rule 41 (object -> DATETIME .)
    NE_FZM          reduce using rule 41 (object -> DATETIME .)
    NE_FZS          reduce using rule 41 (object -> DATETIME .)
    AND             reduce using rule 41 (object -> DATETIME .)
    OR              reduce using rule 41 (object -> DATETIME .)
    LPAREN          reduce using rule 41 (object -> DATETIME .)
    $end            reduce using rule 41 (object -> DATETIME .)
    RPAREN          reduce using rule 41 (object -> DATETIME .)
    COLON           reduce using rule 41 (object -> DATETIME .)
    RBRACE          reduce using rule 41 (object -> DATETIME .)
    COMMA           reduce using rule 41 (object -> DATETIME .)
    FOR             reduce using rule 41 (object -> DATETIME .)
    RBRACKET        reduce using rule 41 (object -> DATETIME .)
    IF              reduce using rule 41 (object -> DATETIME .)


state 15

    (42) object -> TIMEDELTA .

    ATTR            reduce using rule 42 (object -> TIMEDELTA .)
    ATTR_SAFE       reduce using rule 42 (object -> TIMEDELTA .)
    LBRACKET        reduce using rule 42 (object -> TIMEDELTA .)
    COMMENT         reduce using rule 42 (object -> TIMEDELTA .)
    QMARK           reduce using rule 42 (object -> TIMEDELTA .)
    COALESCE        reduce using rule 42 (object -> TIMEDELTA .)
    MOD             reduce using rule 42 (object -> TIMEDELTA .)
    MUL             reduce using rule 42 (object -> TIMEDELTA .)
    FDIV            reduce using rule 42 (object -> TIMEDELTA .)
    TDIV            reduce using rule 42 (object -> TIMEDELTA .)
    POW             reduce using rule 42 (object -> TIMEDELTA .)
    ADD             reduce using rule 42 (object -> TIMEDELTA .)
    SUB             reduce using rule 42 (object -> TIMEDELTA .)
    BWAND           reduce using rule 42 (object -> TIMEDELTA .)
    BWOR            reduce using rule 42 (object -> TIMEDELTA .)
    BWXOR           reduce using rule 42 (object -> TIMEDELTA .)
    BWLSH           reduce using rule 42 (object -> TIMEDELTA .)
    BWRSH           reduce using rule 42 (object -> TIMEDELTA .)
    IN              reduce using rule 42 (object -> TIMEDELTA .)
    NOT             reduce using rule 42 (object -> TIMEDELTA .)
    EQ              reduce using rule 42 (object -> TIMEDELTA .)
    NE              reduce using rule 42 (object -> TIMEDELTA .)
    GT              reduce using rule 42 (object -> TIMEDELTA .)
    GE              reduce using rule 42 (object -> TIMEDELTA .)
    LT              reduce using rule 42 (object -> TIMEDELTA .)
    LE              reduce using rule 42 (object -> TIMEDELTA .)
    EQ_FZM          reduce using rule 42 (object -> TIMEDELTA .)
    EQ_FZS          reduce using rule 42 (object -> TIMEDELTA .)
    NE_FZM          reduce using rule 42 (object -> TIMEDELTA .)
    NE_FZS          reduce using rule 42 (object -> TIMEDELTA .)
    AND             reduce using rule 42 (object -> TIMEDELTA .)
    OR              reduce using rule 42 (object -> TIMEDELTA .)
    LPAREN          reduce using rule 42 (object -> TIMEDELTA .)
    $end            reduce using rule 42 (object -> TIMEDELTA .)
    RPAREN          reduce using rule 42 (object -> TIMEDELTA .)
    COLON           reduce using rule 42 (object -> TIMEDELTA .)
    RBRACE          reduce using rule 42 (object -> TIMEDELTA .)
    COMMA           reduce using rule 42 (object -> TIMEDELTA .)
    FOR             reduce using rule 42 (object -> TIMEDELTA .)
    RBRACKET        reduce using rule 42 (object -> TIMEDELTA .)
    IF              reduce using rule 42 (object -> TIMEDELTA .)


state 16

    (46) object -> NULL .

    ATTR            reduce using rule 46 (object -> NULL .)
    ATTR_SAFE       reduce using rule 46 (object -> NULL .)
    LBRACKET        reduce using rule 46 (object -> NULL .)
    COMMENT         reduce using rule 46 (object -> NULL .)
    QMARK           reduce using rule 46 (object -> NULL .)
    COALESCE        reduce using rule 46 (object -> NULL .)
    MOD             reduce using rule 46 (object -> NULL .)
    MUL             reduce using rule 46 (object -> NULL .)
    FDIV            reduce using rule 46 (object -> NULL .)
    TDIV            reduce using rule 46 (object -> NULL .)
    POW             reduce using rule 46 (object -> NULL .)
    ADD             reduce using rule 46 (object -> NULL .)
    SUB             reduce using rule 46 (object -> NULL .)
    BWAND           reduce using rule 46 (object -> NULL .)
    BWOR            reduce using rule 46 (object -> NULL .)
    BWXOR           reduce using rule 46 (object -> NULL .)
    BWLSH           reduce using rule 46 (object -> NULL .)
    BWRSH           reduce using rule 46 (object -> NULL .)
    IN              reduce using rule 46 (object -> NULL .)
    NOT             reduce using rule 46 (object -> NULL .)
    EQ              reduce using rule 46 (object -> NULL .)
    NE              reduce using rule 46 (object -> NULL .)
    GT              reduce using rule 46 (object -> NULL .)
    GE              reduce using rule 46 (object -> NULL .)
    LT              reduce using rule 46 (object -> NULL .)
    LE              reduce using rule 46 (object -> NULL .)
    EQ_FZM          reduce using rule 46 (object -> NULL .)
    EQ_FZS          reduce using rule 46 (object -> NULL .)
    NE_FZM          reduce using rule 46 (object -> NULL .)
    NE_FZS          reduce using rule 46 (object -> NULL .)
    AND             reduce using rule 46 (object -> NULL .)
    OR              reduce using rule 46 (object -> NULL .)
    LPAREN          reduce using rule 46 (object -> NULL .)
    $end            reduce using rule 46 (object -> NULL .)
    RPAREN          reduce using rule 46 (object -> NULL .)
    COLON           reduce using rule 46 (object -> NULL .)
    RBRACE          reduce using rule 46 (object -> NULL .)
    COMMA           reduce using rule 46 (object -> NULL .)
    FOR             reduce using rule 46 (object -> NULL .)
    RBRACKET        reduce using rule 46 (object -> NULL .)
    IF              reduce using rule 46 (object -> NULL .)


state 17

    (47) object -> LBRACE . ary_members RBRACE
    (48) object -> LBRACE . ary_members COMMA RBRACE
    (57) object -> LBRACE . RBRACE
    (58) object -> LBRACE . map_members RBRACE
    (59) object -> LBRACE . map_members COMMA RBRACE
    (55) ary_members -> . expression
    (56) ary_members -> . ary_members COMMA expression
    (61) map_members -> . map_member
    (62) map_members -> . map_members COMMA map_member
    (5) expression -> . object
    (6) expression -> . expression QMARK expression COLON expression
    (7) expression -> . expression COALESCE expression
    (8) expression -> . expression MOD expression
    (9) expression -> . expression MUL expression
    (10) expression -> . expression FDIV expression
    (11) expression -> . expression TDIV expression
    (12) expression -> . expression POW expression
    (13) expression -> . expression ADD expression
    (14) expression -> . expression SUB expression
    (15) expression -> . expression BWAND expression
    (16) expression -> . expression BWOR expression
    (17) expression -> . expression BWXOR expression
    (18) expression -> . expression BWLSH expression
    (19) expression -> . expression BWRSH expression
    (20) expression -> . expression IN expression
    (21) expression -> . expression NOT IN expression
    (22) expression -> . expression EQ expression
    (23) expression -> . expression NE expression
    (24) expression -> . expression GT expression
    (25) expression -> . expression GE expression
    (26) expression -> . expression LT expression
    (27) expression -> . expression LE expression
    (28) expression -> . expression EQ_FZM expression
    (29) expression -> . expression EQ_FZS expression
    (30) expression -> . expression NE_FZM expression
    (31) expression -> . expression NE_FZS expression
    (32) expression -> . expression AND expression
    (33) expression -> . expression OR expression
    (35) expression -> . NOT expression
    (37) expression -> . SUB expression
    (38) expression -> . TRUE
    (39) expression -> . FALSE
    (43) expression -> . FLOAT
    (44) expression -> . FLOAT_NAN
    (45) expression -> . FLOAT_INF
    (60) map_member -> . expression COLON expression
    (3) object -> . object ATTR SYMBOL
    (4) object -> . object ATTR_SAFE SYMBOL
    (34) object -> . LPAREN expression RPAREN
    (36) object -> . SYMBOL
    (40) object -> . BYTES
    (41) object -> . DATETIME
    (42) object -> . TIMEDELTA
    (46) object -> . NULL
    (47) object -> . LBRACE ary_members RBRACE
    (48) object -> . LBRACE ary_members COMMA RBRACE
    (49) object -> . STRING
    (50) object -> . LBRACKET RBRACKET
    (51) object -> . LBRACKET ary_members RBRACKET
    (52) object -> . LBRACKET ary_members COMMA RBRACKET
    (53) object -> . LBRACKET expression FOR SYMBOL IN expression RBRACKET
    (54) object -> . LBRACKET expression FOR SYMBOL IN expression IF expression RBRACKET
    (57) object -> . LBRACE RBRACE
    (58) object -> . LBRACE map_members RBRACE
    (59) object -> . LBRACE map_members COMMA RBRACE
    (63) object -> . object LBRACKET expression RBRACKET
    (64) object -> . object LBRACKET COLON RBRACKET
    (65) object -> . object LBRACKET COLON expression RBRACKET
    (66) object -> . object LBRACKET expression COLON RBRACKET
    (67) object -> . object LBRACKET expression COLON expression RBRACKET
    (68) object -> . expression LPAREN RPAREN
    (69) object -> . expression LPAREN ary_members RPAREN

    RBRACE          shift and go to state 57
    NOT             shift and go to state 5
    SUB             shift and go to state 4
    TRUE            shift and go to state 6
    FALSE           shift and go to state 7
    FLOAT           shift and go to state 8
    FLOAT_NAN       shift and go to state 9
    FLOAT_INF       shift and go to state 10
    LPAREN          shift and go to state 12
    SYMBOL          shift and go to state 11
    BYTES           shift and go to state 13
    DATETIME        shift and go to state 14
    TIMEDELTA       shift and go to state 15
    NULL            shift and go to state 16
    LBRACE          shift and go to state 17
    STRING          shift and go to state 18
    LBRACKET        shift and go to state 19

    ary_members                    shift and go to state 56
    map_members                    shift and go to state 58
    expression                     shift and go to state 59
    map_member                     shift and go to state 60
    object                         shift and go to state 3

state 18

    (49) object -> STRING .

    ATTR            reduce using rule 49 (object -> STRING .)
    ATTR_SAFE       reduce using rule 49 (object -> STRING .)
    LBRACKET        reduce using rule 49 (object -> STRING .)
    COMMENT         reduce using rule 49 (object -> STRING .)
    QMARK           reduce using rule 49 (object -> STRING .)
    COALESCE        reduce using rule 49 (object -> STRING .)
    MOD             reduce using rule 49 (object -> STRING .)
    MUL             reduce using rule 49 (object -> STRING .)
    FDIV            reduce using rule 49 (object -> STRING .)
    TDIV            reduce using rule 49 (object -> STRING .)
    POW             reduce using rule 49 (object -> STRING .)
    ADD             reduce using rule 49 (object -> STRING .)
    SUB             reduce using rule 49 (object -> STRING .)
    BWAND           reduce using rule 49 (object -> STRING .)
    BWOR            reduce using rule 49 (object -> STRING .)
    BWXOR           reduce using rule 49 (object -> STRING .)
    BWLSH           reduce using rule 49 (object -> STRING .)
    BWRSH           reduce using rule 49 (object -> STRING .)
    IN              reduce using rule 49 (object -> STRING .)
    NOT             reduce using rule 49 (object -> STRING .)
    EQ              reduce using rule 49 (object -> STRING .)
    NE              reduce using rule 49 (object -> STRING .)
    GT              reduce using rule 49 (object -> STRING .)
    GE              reduce using rule 49 (object -> STRING .)
    LT              reduce using rule 49 (object -> STRING .)
    LE              reduce using rule 49 (object -> STRING .)
    EQ_FZM          reduce using rule 49 (object -> STRING .)
    EQ_FZS          reduce using rule 49 (object -> STRING .)
    NE_FZM          reduce using rule 49 (object -> STRING .)
    NE_FZS          reduce using rule 49 (object -> STRING .)
    AND             reduce using rule 49 (object -> STRING .)
    OR              reduce using rule 49 (object -> STRING .)
    LPAREN          reduce using rule 49 (object -> STRING .)
    $end            reduce using rule 49 (object -> STRING .)
    RPAREN          reduce using rule 49 (object -> STRING .)
    COLON           reduce using rule 49 (object -> STRING .)
    RBRACE          reduce using rule 49 (object -> STRING .)
    COMMA           reduce using rule 49 (object -> STRING .)
    FOR             reduce using rule 49 (object -> STRING .)
    RBRACKET        reduce using rule 49 (object -> STRING .)
    IF              reduce using rule 49 (object -> STRING .)


state 19

    (50) object -> LBRACKET . RBRACKET
    (51) object -> LBRACKET . ary_members RBRACKET
    (52) object -> LBRACKET . ary_members COMMA RBRACKET
    (53) object -> LBRACKET . expression FOR SYMBOL IN expression RBRACKET
    (54) object -> LBRACKET . expression FOR SYMBOL IN expression IF expression RBRACKET
    (55) ary_members -> . expression
    (56) ary_members -> . ary_members COMMA expression
    (5) expression -> . object
    (6) expression -> . expression QMARK expression COLON expression
    (7) expression -> . expression COALESCE expression
    (8) expression -> . expression MOD expression
    (9) expression -> . expression MUL expression
    (10) expression -> . expression FDIV expression
    (11) expression -> . expression TDIV expression
    (12) expression -> . expression POW expression
    (13) expression -> . expression ADD expression
    (14) expression -> . expression SUB expression
    (15) expression -> . expression BWAND expression
    (16) expression -> . expression BWOR expression
    (17) expression -> . expression BWXOR expression
    (18) expression -> . expression BWLSH expression
    (19) expression -> . expression BWRSH expression
    (20) expression -> . expression IN expression
    (21) expression -> . expression NOT IN expression
    (22) expression -> . expression EQ expression
    (23) expression -> . expression NE expression
    (24) expression -> . expression GT expression
    (25) expression -> . expression GE expression
    (26) expression -> . expression LT expression
    (27) expression -> . expression LE expression
    (28) expression -> . expression EQ_FZM expression
    (29) expression -> . expression EQ_FZS expression
    (30) expression -> . expression NE_FZM expression
    (31) expression -> . expression NE_FZS expression
    (32) expression -> . expression AND expression
    (33) expression -> . expression OR expression
    (35) expression -> . NOT expression
    (37) expression -> . SUB expression
    (38) expression -> . TRUE
    (39) expression -> . FALSE
    (43) expression -> . FLOAT
    (44) expression -> . FLOAT_NAN
    (45) expression -> . FLOAT_INF
    (3) object -> . object ATTR SYMBOL
    (4) object -> . object ATTR_SAFE SYMBOL
    (34) object -> . LPAREN expression RPAREN
    (36) object -> . SYMBOL
    (40) object -> . BYTES
    (41) object -> . DATETIME
    (42) object -> . TIMEDELTA
    (46) object -> . NULL
    (47) object -> . LBRACE ary_members RBRACE
    (48) object -> . LBRACE ary_members COMMA RBRACE
    (49) object -> . STRING
    (50) object -> . LBRACKET RBRACKET
    (51) object -> . LBRACKET ary_members RBRACKET
    (52) object -> . LBRACKET ary_members COMMA RBRACKET
    (53) object -> . LBRACKET expression FOR SYMBOL IN expression RBRACKET
    (54) object -> . LBRACKET expression FOR SYMBOL IN expression IF expression RBRACKET
    (57) object -> . LBRACE RBRACE
    (58) object -> . LBRACE map_members RBRACE
    (59) object -> . LBRACE map_members COMMA RBRACE
    (63) object -> . object LBRACKET expression RBRACKET
    (64) object -> . object LBRACKET COLON RBRACKET
    (65) object -> . object LBRACKET COLON expression RBRACKET
    (66) object -> . object LBRACKET expression COLON RBRACKET
    (67) object -> . object LBRACKET expression COLON expression RBRACKET
    (68) object -> . expression LPAREN RPAREN
    (69) object -> . expression LPAREN ary_members RPAREN

    RBRACKET        shift and go to state 61
    NOT             shift and go to state 5
    SUB             shift and go to state 4
    TRUE            shift and go to state 6
    FALSE           shift and go to state 7
    FLOAT           shift and go to state 8
    FLOAT_NAN       shift and go to state 9
    FLOAT_INF       shift and go to state 10
    LPAREN          shift and go to state 12
    SYMBOL          shift and go to state 11
    BYTES           shift and go to state 13
    DATETIME        shift and go to state 14
    TIMEDELTA       shift and go to state 15
    NULL            shift and go to state 16
    LBRACE          shift and go to state 17
    STRING          shift and go to state 18
    LBRACKET        shift and go to state 19

    ary_members                    shift and go to state 62
    expression                     shift and go to state 63
    object                         shift and go to state 3

state 20

    (2) statement -> expression COMMENT .

    $end            reduce using rule 2 (statement -> expression COMMENT .)


state 21

    (6) expression -> expression QMARK . expression COLON expression
    (5) expression -> . object
    (6) expression -> . expression QMARK expression COLON expression
    (7) expression -> . expression COALESCE expression
    (8) expression -> . expression MOD expression
    (9) expression -> . expression MUL expression
    (10) expression -> . expression FDIV expression
    (11) expression -> . expression TDIV expression
    (12) expression -> . expression POW expression
    (13) expression -> . expression ADD expression
    (14) expression -> . expression SUB expression
    (15) expression -> . expression BWAND expression
    (16) expression -> . expression BWOR expression
    (17) expression -> . expression BWXOR expression
    (18) expression -> . expression BWLSH expression
    (19) expression -> . expression BWRSH expression
    (20) expression -> . expression IN expression
    (21) expression -> . expression NOT IN expression
    (22) expression -> . expression EQ expression
    (23) expression -> . expression NE expression
    (24) expression -> . expression GT expression
    (25) expression -> . expression GE expression
    (26) expression -> . expression LT expression
    (27) expression -> . expression LE expression
    (28) expression -> . expression EQ_FZM expression
    (29) expression -> . expression EQ_FZS expression
    (30) expression -> . expression NE_FZM expression
    (31) expression -> . expression NE_FZS expression
    (32) expression -> . expression AND expression
    (33) expression -> . expression OR expression
    (35) expression -> . NOT expression
    (37) expression -> . SUB expression
    (38) expression -> . TRUE
    (39) expression -> . FALSE
    (43) expression -> . FLOAT
    (44) expression -> . FLOAT_NAN
    (45) expression -> . FLOAT_INF
    (3) object -> . object ATTR SYMBOL
    (4) object -> . object ATTR_SAFE SYMBOL
    (34) object -> . LPAREN expression RPAREN
    (36) object -> . SYMBOL
    (40) object -> . BYTES
    (41) object -> . DATETIME
    (42) object -> . TIMEDELTA
    (46) object -> . NULL
    (47) object -> . LBRACE ary_members RBRACE
    (48) object -> . LBRACE ary_members COMMA RBRACE
    (49) object -> . STRING
    (50) object -> . LBRACKET RBRACKET
    (51) object -> . LBRACKET ary_members RBRACKET
    (52) object -> . LBRACKET ary_members COMMA RBRACKET
    (53) object -> . LBRACKET expression FOR SYMBOL IN expression RBRACKET
    (54) object -> . LBRACKET expression FOR SYMBOL IN expression IF expression RBRACKET
    (57) object -> . LBRACE RBRACE
    (58) object -> . LBRACE map_members RBRACE
    (59) object -> . LBRACE map_members COMMA RBRACE
    (63) object -> . object LBRACKET expression RBRACKET
    (64) object -> . object LBRACKET COLON RBRACKET
    (65) object -> . object LBRACKET COLON expression RBRACKET
    (66) object -> . object LBRACKET expression COLON RBRACKET
    (67) object -> . object LBRACKET expression COLON expression RBRACKET
    (68) object -> . expression LPAREN RPAREN
    (69) object -> . expression LPAREN ary_members RPAREN

    NOT             shift and go to state 5
    SUB             shift and go to state 4
    TRUE            shift and go to state 6
    FALSE           shift and go to state 7
    FLOAT           shift and go to state 8
    FLOAT_NAN       shift and go to state 9
    FLOAT_INF       shift and go to state 10
    LPAREN          shift and go to state 12
    SYMBOL          shift and go to state 11
    BYTES           shift and go to state 13
    DATETIME        shift and go to state 14
    TIMEDELTA       shift and go to state 15
    NULL            shift and go to state 16
    LBRACE          shift and go to state 17
    STRING          shift and go to state 18
    LBRACKET        shift and go to state 19

    expression                     shift and go to state 64
    object                         shift and go to state 3

state 22

    (7) expression -> expression COALESCE . expression
    (5) expression -> . object
    (6) expression -> . expression QMARK expression COLON expression
    (7) expression -> . expression COALESCE expression
    (8) expression -> . expression MOD expression
    (9) expression -> . expression MUL expression
    (10) expression -> . expression FDIV expression
    (11) expression -> . expression TDIV expression
    (12) expression -> . expression POW expression
    (13) expression -> . expression ADD expression
    (14) expression -> . expression SUB expression
    (15) expression -> . expression BWAND expression
    (16) expression -> . expression BWOR expression
    (17) expression -> . expression BWXOR expression
    (18) expression -> . expression BWLSH expression
    (19) expression -> . expression BWRSH expression
    (20) expression -> . expression IN expression
    (21) expression -> . expression NOT IN expression
    (22) expression -> . expression EQ expression
    (23) expression -> . expression NE expression
    (24) expression -> . expression GT expression
    (25) expression -> . expression GE expression
    (26) expression -> . expression LT expression
    (27) expression -> . expression LE expression
    (28) expression -> . expression EQ_FZM expression
    (29) expression -> . expression EQ_FZS expression
    (30) expression -> . expression NE_FZM expression
    (31) expression -> . expression NE_FZS expression
    (32) expression -> . expression AND expression
    (33) expression -> . expression OR expression
    (35) expression -> . NOT expression
    (37) expression -> . SUB expression
    (38) expression -> . TRUE
    (39) expression -> . FALSE
    (43) expression -> . FLOAT
    (44) expression -> . FLOAT_NAN
    (45) expression -> . FLOAT_INF
    (3) object -> . object ATTR SYMBOL
    (4) object -> . object ATTR_SAFE SYMBOL
    (34) object -> . LPAREN expression RPAREN
    (36) object -> . SYMBOL
    (40) object -> . BYTES
    (41) object -> . DATETIME
    (42) object -> . TIMEDELTA
    (46) object -> . NULL
    (47) object -> . LBRACE ary_members RBRACE
    (48) object -> . LBRACE ary_members COMMA RBRACE
    (49) object -> . STRING
    (50) object -> . LBRACKET RBRACKET
    (51) object -> . LBRACKET ary_members RBRACKET
    (52) object -> . LBRACKET ary_members COMMA RBRACKET
    (53) object -> . LBRACKET expression FOR SYMBOL IN expression RBRACKET
    (54) object -> . LBRACKET expression FOR SYMBOL IN expression IF expression RBRACKET
    (57) object -> . LBRACE RBRACE
    (58) object -> . LBRACE map_members RBRACE
    (59) object -> . LBRACE map_members COMMA RBRACE
    (63) object -> . object LBRACKET expression RBRACKET
    (64) object -> . object LBRACKET COLON RBRACKET
    (65) object -> . object LBRACKET COLON expression RBRACKET
    (66) object -> . object LBRACKET expression COLON RBRACKET
    (67) object -> . object LBRACKET expression COLON expression RBRACKET
    (68) object -> . expression LPAREN RPAREN
    (69) object -> . expression LPAREN ary_members RPAREN

    NOT             shift and go to state 5
    SUB             shift and go to state 4
    TRUE            shift and go to state 6
    FALSE           shift and go to state 7
    FLOAT           shift and go to state 8
    FLOAT_NAN       shift and go to state 9
    FLOAT_INF       shift and go to state 10
    LPAREN          shift and go to state 12
    SYMBOL          shift and go to state 11
    BYTES           shift and go to state 13
    DATETIME        shift and go to state 14
    TIMEDELTA       shift and go to state 15
    NULL            shift and go to state 16
    LBRACE          shift and go to state 17
    STRING          shift and go to state 18
    LBRACKET        shift and go to state 19

    expression                     shift and go to state 65
    object                         shift and go to state 3

state 23

    (8) expression -> expression MOD . expression
    (5) expression -> . object
    (6) expression -> . expression QMARK expression COLON expression
    (7) expression -> . expression COALESCE expression
    (8) expression -> . expression MOD expression
    (9) expression -> . expression MUL expression
    (10) expression -> . expression FDIV expression
    (11) expression -> . expression TDIV expression
    (12) expression -> . expression POW expression
    (13) expression -> . expression ADD expression
    (14) expression -> . expression SUB expression
    (15) expression -> . expression BWAND expression
    (16) expression -> . expression BWOR expression
    (17) expression -> . expression BWXOR expression
    (18) expression -> . expression BWLSH expression
    (19) expression -> . expression BWRSH expression
    (20) expression -> . expression IN expression
    (21) expression -> . expression NOT IN expression
    (22) expression -> . expression EQ expression
    (23) expression -> . expression NE expression
    (24) expression -> . expression GT expression
    (25) expression -> . expression GE expression
    (26) expression -> . expression LT expression
    (27) expression -> . expression LE expression
    (28) expression -> . expression EQ_FZM expression
    (29) expression -> . expression EQ_FZS expression
    (30) expression -> . expression NE_FZM expression
    (31) expression -> . expression NE_FZS expression
    (32) expression -> . expression AND expression
    (33) expression -> . expression OR expression
    (35) expression -> . NOT expression
    (37) expression -> . SUB expression
    (38) expression -> . TRUE
    (39) expression -> . FALSE
    (43) expression -> . FLOAT
    (44) expression -> . FLOAT_NAN
    (45) expression -> . FLOAT_INF
    (3) object -> . object ATTR SYMBOL
    (4) object -> . object ATTR_SAFE SYMBOL
    (34) object -> . LPAREN expression RPAREN
    (36) object -> . SYMBOL
    (40) object -> . BYTES
    (41) object -> . DATETIME
    (42) object -> . TIMEDELTA
    (46) object -> . NULL
    (47) object -> . LBRACE ary_members RBRACE
    (48) object -> . LBRACE ary_members COMMA RBRACE
    (49) object -> . STRING
    (50) object -> . LBRACKET RBRACKET
    (51) object -> . LBRACKET ary_members RBRACKET
    (52) object -> . LBRACKET ary_members COMMA RBRACKET
    (53) object -> . LBRACKET expression FOR SYMBOL IN expression RBRACKET
    (54) object -> . LBRACKET expression FOR SYMBOL IN expression IF expression RBRACKET
    (57) object -> . LBRACE RBRACE
    (58) object -> . LBRACE map_members RBRACE
    (59) object -> . LBRACE map_members COMMA RBRACE
    (63) object -> . object LBRACKET expression RBRACKET
    (64) object -> . object LBRACKET COLON RBRACKET
    (65) object -> . object LBRACKET COLON expression RBRACKET
    (66) object -> . object LBRACKET expression COLON RBRACKET
    (67) object -> . object LBRACKET expression COLON expression RBRACKET
    (68) object -> . expression LPAREN RPAREN
    (69) object -> . expression LPAREN ary_members RPAREN

    NOT             shift and go to state 5
    SUB             shift and go to state 4
    TRUE            shift and go to state 6
    FALSE           shift and go to state 7
    FLOAT           shift and go to state 8
    FLOAT_NAN       shift and go to state 9
    FLOAT_INF       shift and go to state 10
    LPAREN          shift and go to state 12
    SYMBOL          shift and go to state 11
    BYTES           shift and go to state 13
    DATETIME        shift and go to state 14
    TIMEDELTA       shift and go to state 15
    NULL            shift and go to state 16
    LBRACE          shift and go to state 17
    STRING          shift and go to state 18
    LBRACKET        shift and go to state 19

    expression                     shift and go to state 66
    object                         shift and go to state 3

state 24

    (9) expression -> expression MUL . expression
    (5) expression -> . object
    (6) expression -> . expression QMARK expression COLON expression
    (7) expression -> . expression COALESCE expression
    (8) expression -> . expression MOD expression
    (9) expression -> . expression MUL expression
    (10) expression -> . expression FDIV expression
    (11) expression -> . expression TDIV expression
    (12) expression -> . expression POW expression
    (13) expression -> . expression ADD expression
    (14) expression -> . expression SUB expression
    (15) expression -> . expression BWAND expression
    (16) expression -> . expression BWOR expression
    (17) expression -> . expression BWXOR expression
    (18) expression -> . expression BWLSH expression
    (19) expression -> . expression BWRSH expression
    (20) expression -> . expression IN expression
    (21) expression -> . expression NOT IN expression
    (22) expression -> . expression EQ expression
    (23) expression -> . expression NE expression
    (24) expression -> . expression GT expression
    (25) expression -> . expression GE expression
    (26) expression -> . expression LT expression
    (27) expression -> . expression LE expression
    (28) expression -> . expression EQ_FZM expression
    (29) expression -> . expression EQ_FZS expression
    (30) expression -> . expression NE_FZM expression
    (31) expression -> . expression NE_FZS expression
    (32) expression -> . expression AND expression
    (33) expression -> . expression OR expression
    (35) expression -> . NOT expression
    (37) expression -> . SUB expression
    (38) expression -> . TRUE
    (39) expression -> . FALSE
    (43) expression -> . FLOAT
    (44) expression -> . FLOAT_NAN
    (45) expression -> . FLOAT_INF
    (3) object -> . object ATTR SYMBOL
    (4) object -> . object ATTR_SAFE SYMBOL
    (34) object -> . LPAREN expression RPAREN
    (36) object -> . SYMBOL
    (40) object -> . BYTES
    (41) object -> . DATETIME
    (42) object -> . TIMEDELTA
    (46) object -> . NULL
    (47) object -> . LBRACE ary_members RBRACE
    (48) object -> . LBRACE ary_members COMMA RBRACE
    (49) object -> . STRING
    (50) object -> . LBRACKET RBRACKET
    (51) object -> . LBRACKET ary_members RBRACKET
    (52) object -> . LBRACKET ary_members COMMA RBRACKET
    (53) object -> . LBRACKET expression FOR SYMBOL IN expression RBRACKET
    (54) object -> . LBRACKET expression FOR SYMBOL IN expression IF expression RBRACKET
    (57) object -> . LBRACE RBRACE
    (58) object -> . LBRACE map_members RBRACE
    (59) object -> . LBRACE map_members COMMA RBRACE
    (63) object -> . object LBRACKET expression RBRACKET
    (64) object -> . object LBRACKET COLON RBRACKET
    (65) object -> . object LBRACKET COLON expression RBRACKET
    (66) object -> . object LBRACKET expression COLON RBRACKET
    (67) object -> . object LBRACKET expression COLON expression RBRACKET
    (68) object -> . expression LPAREN RPAREN
    (69) object -> . expression LPAREN ary_members RPAREN

    NOT             shift and go to state 5
    SUB             shift and go to state 4
    TRUE            shift and go to state 6
    FALSE           shift and go to state 7
    FLOAT           shift and go to state 8
    FLOAT_NAN       shift and go to state 9
    FLOAT_INF       shift and go to state 10
    LPAREN          shift and go to state 12
    SYMBOL          shift and go to state 11
    BYTES           shift and go to state 13
    DATETIME        shift and go to state 14
    TIMEDELTA       shift and go to state 15
    NULL            shift and go to state 16
    LBRACE          shift and go to state 17
    STRING          shift and go to state 18
    LBRACKET        shift and go to state 19

    expression                     shift and go to state 67
    object                         shift and go to state 3

state 25

    (10) expression -> expression FDIV . expression
    (5) expression -> . object
    (6) expression -> . expression QMARK expression COLON expression
    (7) expression -> . expression COALESCE expression
    (8) expression -> . expression MOD expression
    (9) expression -> . expression MUL expression
    (10) expression -> . expression FDIV expression
    (11) expression -> . expression TDIV expression
    (12) expression -> . expression POW expression
    (13) expression -> . expression ADD expression
    (14) expression -> . expression SUB expression
    (15) expression -> . expression BWAND expression
    (16) expression -> . expression BWOR expression
    (17) expression -> . expression BWXOR expression
    (18) expression -> . expression BWLSH expression
    (19) expression -> . expression BWRSH expression
    (20) expression -> . expression IN expression
    (21) expression -> . expression NOT IN expression
    (22) expression -> . expression EQ expression
    (23) expression -> . expression NE expression
    (24) expression -> . expression GT expression
    (25) expression -> . expression GE expression
    (26) expression -> . expression LT expression
    (27) expression -> . expression LE expression
    (28) expression -> . expression EQ_FZM expression
    (29) expression -> . expression EQ_FZS expression
    (30) expression -> . expression NE_FZM expression
    (31) expression -> . expression NE_FZS expression
    (32) expression -> . expression AND expression
    (33) expression -> . expression OR expression
    (35) expression -> . NOT expression
    (37) expression -> . SUB expression
    (38) expression -> . TRUE
    (39) expression -> . FALSE
    (43) expression -> . FLOAT
    (44) expression -> . FLOAT_NAN
    (45) expression -> . FLOAT_INF
    (3) object -> . object ATTR SYMBOL
    (4) object -> . object ATTR_SAFE SYMBOL
    (34) object -> . LPAREN expression RPAREN
    (36) object -> . SYMBOL
    (40) object -> . BYTES
    (41) object -> . DATETIME
    (42) object -> . TIMEDELTA
    (46) object -> . NULL
    (47) object -> . LBRACE ary_members RBRACE
    (48) object -> . LBRACE ary_members COMMA RBRACE
    (49) object -> . STRING
    (50) object -> . LBRACKET RBRACKET
    (51) object -> . LBRACKET ary_members RBRACKET
    (52) object -> . LBRACKET ary_members COMMA RBRACKET
    (53) object -> . LBRACKET expression FOR SYMBOL IN expression RBRACKET
    (54) object -> . LBRACKET expression FOR SYMBOL IN expression IF expression RBRACKET
    (57) object -> . LBRACE RBRACE
    (58) object -> . LBRACE map_members RBRACE
    (59) object -> . LBRACE map_members COMMA RBRACE
    (63) object -> . object LBRACKET expression RBRACKET
    (64) object -> . object LBRACKET COLON RBRACKET
    (65) object -> . object LBRACKET COLON expression RBRACKET
    (66) object -> . object LBRACKET expression COLON RBRACKET
    (67) object -> . object LBRACKET expression COLON expression RBRACKET
    (68) object -> . expression LPAREN RPAREN
    (69) object -> . expression LPAREN ary_members RPAREN

    NOT             shift and go to state 5
    SUB             shift and go to state 4
    TRUE            shift and go to state 6
    FALSE           shift and go to state 7
    FLOAT           shift and go to state 8
    FLOAT_NAN       shift and go to state 9
    FLOAT_INF       shift and go to state 10
    LPAREN          shift and go to state 12
    SYMBOL          shift and go to state 11
    BYTES           shift and go to state 13
    DATETIME        shift and go to state 14
    TIMEDELTA       shift and go to state 15
    NULL            shift and go to state 16
    LBRACE          shift and go to state 17
    STRING          shift and go to state 18
    LBRACKET        shift and go to state 19

    expression                     shift and go to state 68
    object                         shift and go to state 3

state 26

    (11) expression -> expression TDIV . expression
    (5) expression -> . object
    (6) expression -> . expression QMARK expression COLON expression
    (7) expression -> . expression COALESCE expression
    (8) expression -> . expression MOD expression
    (9) expression -> . expression MUL expression
    (10) expression -> . expression FDIV expression
    (11) expression -> . expression TDIV expression
    (12) expression -> . expression POW expression
    (13) expression -> . expression ADD expression
    (14) expression -> . expression SUB expression
    (15) expression -> . expression BWAND expression
    (16) expression -> . expression BWOR expression
    (17) expression -> . expression BWXOR expression
    (18) expression -> . expression BWLSH expression
    (19) expression -> . expression BWRSH expression
    (20) expression -> . expression IN expression
    (21) expression -> . expression NOT IN expression
    (22) expression -> . expression EQ expression
    (23) expression -> . expression NE expression
    (24) expression -> . expression GT expression
    (25) expression -> . expression GE expression
    (26) expression -> . expression LT expression
    (27) expression -> . expression LE expression
    (28) expression -> . expression EQ_FZM expression
    (29) expression -> . expression EQ_FZS expression
    (30) expression -> . expression NE_FZM expression
    (31) expression -> . expression NE_FZS expression
    (32) expression -> . expression AND expression
    (33) expression -> . expression OR expression
    (35) expression -> . NOT expression
    (37) expression -> . SUB expression
    (38) expression -> . TRUE
    (39) expression -> . FALSE
    (43) expression -> . FLOAT
    (44) expression -> . FLOAT_NAN
    (45) expression -> . FLOAT_INF
    (3) object -> . object ATTR SYMBOL
    (4) object -> . object ATTR_SAFE SYMBOL
    (34) object -> . LPAREN expression RPAREN
    (36) object -> . SYMBOL
    (40) object -> . BYTES
    (41) object -> . DATETIME
    (42) object -> . TIMEDELTA
    (46) object -> . NULL
    (47) object -> . LBRACE ary_members RBRACE
    (48) object -> . LBRACE ary_members COMMA RBRACE
    (49) object -> . STRING
    (50) object -> . LBRACKET RBRACKET
    (51) object -> . LBRACKET ary_members RBRACKET
    (52) object -> . LBRACKET ary_members COMMA RBRACKET
    (53) object -> . LBRACKET expression FOR SYMBOL IN expression RBRACKET
    (54) object -> . LBRACKET expression FOR SYMBOL IN expression IF expression RBRACKET
    (57) object -> . LBRACE RBRACE
    (58) object -> . LBRACE map_members RBRACE
    (59) object -> . LBRACE map_members COMMA RBRACE
    (63) object -> . object LBRACKET expression RBRACKET
    (64) object -> . object LBRACKET COLON RBRACKET
    (65) object -> . object LBRACKET COLON expression RBRACKET
    (66) object -> . object LBRACKET expression COLON RBRACKET
    (67) object -> . object LBRACKET expression COLON expression RBRACKET
    (68) object -> . expression LPAREN RPAREN
    (69) object -> . expression LPAREN ary_members RPAREN

    NOT             shift and go to state 5
    SUB             shift and go to state 4
    TRUE            shift and go to state 6
    FALSE           shift and go to state 7
    FLOAT           shift and go to state 8
    FLOAT_NAN       shift and go to state 9
    FLOAT_INF       shift and go to state 10
    LPAREN          shift and go to state 12
    SYMBOL          shift and go to state 11
    BYTES           shift and go to state 13
    DATETIME        shift and go to state 14
    TIMEDELTA       shift and go to state 15
    NULL            shift and go to state 16
    LBRACE          shift and go to state 17
    STRING          shift and go to state 18
    LBRACKET        shift and go to state 19

    expression                     shift and go to state 69
    object                         shift and go to state 3

state 27

    (12) expression -> expression POW . expression
    (5) expression -> . object
    (6) expression -> . expression QMARK expression COLON expression
    (7) expression -> . expression COALESCE expression
    (8) expression -> . expression MOD expression
    (9) expression -> . expression MUL expression
    (10) expression -> . expression FDIV expression
    (11) expression -> . expression TDIV expression
    (12) expression -> . expression POW expression
    (13) expression -> . expression ADD expression
    (14) expression -> . expression SUB expression
    (15) expression -> . expression BWAND expression
    (16) expression -> . expression BWOR expression
    (17) expression -> . expression BWXOR expression
    (18) expression -> . expression BWLSH expression
    (19) expression -> . expression BWRSH expression
    (20) expression -> . expression IN expression
    (21) expression -> . expression NOT IN expression
    (22) expression -> . expression EQ expression
    (23) expression -> . expression NE expression
    (24) expression -> . expression GT expression
    (25) expression -> . expression GE expression
    (26) expression -> . expression LT expression
    (27) expression -> . expression LE expression
    (28) expression -> . expression EQ_FZM expression
    (29) expression -> . expression EQ_FZS expression
    (30) expression -> . expression NE_FZM expression
    (31) expression -> . expression NE_FZS expression
    (32) expression -> . expression AND expression
    (33) expression -> . expression OR expression
    (35) expression -> . NOT expression
    (37) expression -> . SUB expression
    (38) expression -> . TRUE
    (39) expression -> . FALSE
    (43) expression -> . FLOAT
    (44) expression -> . FLOAT_NAN
    (45) expression -> . FLOAT_INF
    (3) object -> . object ATTR SYMBOL
    (4) object -> . object ATTR_SAFE SYMBOL
    (34) object -> . LPAREN expression RPAREN
    (36) object -> . SYMBOL
    (40) object -> . BYTES
    (41) object -> . DATETIME
    (42) object -> . TIMEDELTA
    (46) object -> . NULL
    (47) object -> . LBRACE ary_members RBRACE
    (48) object -> . LBRACE ary_members COMMA RBRACE
    (49) object -> . STRING
    (50) object -> . LBRACKET RBRACKET
    (51) object -> . LBRACKET ary_members RBRACKET
    (52) object -> . LBRACKET ary_members COMMA RBRACKET
    (53) object -> . LBRACKET expression FOR SYMBOL IN expression RBRACKET
    (54) object -> . LBRACKET expression FOR SYMBOL IN expression IF expression RBRACKET
    (57) object -> . LBRACE RBRACE
    (58) object -> . LBRACE map_members RBRACE
    (59) object -> . LBRACE map_members COMMA RBRACE
    (63) object -> . object LBRACKET expression RBRACKET
    (64) object -> . object LBRACKET COLON RBRACKET
    (65) object -> . object LBRACKET COLON expression RBRACKET
    (66) object -> . object LBRACKET expression COLON RBRACKET
    (67) object -> . object LBRACKET expression COLON expression RBRACKET
    (68) object -> . expression LPAREN RPAREN
    (69) object -> . expression LPAREN ary_members RPAREN

    NOT             shift and go to state 5
    SUB             shift and go to state 4
    TRUE            shift and go to state 6
    FALSE           shift and go to state 7
    FLOAT           shift and go to state 8
    FLOAT_NAN       shift and go to state 9
    FLOAT_INF       shift and go to state 10
    LPAREN          shift and go to state 12
    SYMBOL          shift and go to state 11
    BYTES           shift and go to state 13
    DATETIME        shift and go to state 14
    TIMEDELTA       shift and go to state 15
    NULL            shift and go to state 16
    LBRACE          shift and go to state 17
    STRING          shift and go to state 18
    LBRACKET        shift and go to state 19

    expression                     shift and go to state 70
    object                         shift and go to state 3

state 28

    (13) expression -> expression ADD . expression
    (5) expression -> . object
    (6) expression -> . expression QMARK expression COLON expression
    (7) expression -> . expression COALESCE expression
    (8) expression -> . expression MOD expression
    (9) expression -> . expression MUL expression
    (10) expression -> . expression FDIV expression
    (11) expression -> . expression TDIV expression
    (12) expression -> . expression POW expression
    (13) expression -> . expression ADD expression
    (14) expression -> . expression SUB expression
    (15) expression -> . expression BWAND expression
    (16) expression -> . expression BWOR expression
    (17) expression -> . expression BWXOR expression
    (18) expression -> . expression BWLSH expression
    (19) expression -> . expression BWRSH expression
    (20) expression -> . expression IN expression
    (21) expression -> . expression NOT IN expression
    (22) expression -> . expression EQ expression
    (23) expression -> . expression NE expression
    (24) expression -> . expression GT expression
    (25) expression -> . expression GE expression
    (26) expression -> . expression LT expression
    (27) expression -> . expression LE expression
    (28) expression -> . expression EQ_FZM expression
    (29) expression -> . expression EQ_FZS expression
    (30) expression -> . expression NE_FZM expression
    (31) expression -> . expression NE_FZS expression
    (32) expression -> . expression AND expression
    (33) expression -> . expression OR expression
    (35) expression -> . NOT expression
    (37) expression -> . SUB expression
    (38) expression -> . TRUE
    (39) expression -> . FALSE
    (43) expression -> . FLOAT
    (44) expression -> . FLOAT_NAN
    (45) expression -> . FLOAT_INF
    (3) object -> . object ATTR SYMBOL
    (4) object -> . object ATTR_SAFE SYMBOL
    (34) object -> . LPAREN expression RPAREN
    (36) object -> . SYMBOL
    (40) object -> . BYTES
    (41) object -> . DATETIME
    (42) object -> . TIMEDELTA
    (46) object -> . NULL
    (47) object -> . LBRACE ary_members RBRACE
    (48) object -> . LBRACE ary_members COMMA RBRACE
    (49) object -> . STRING
    (50) object -> . LBRACKET RBRACKET
    (51) object -> . LBRACKET ary_members RBRACKET
    (52) object -> . LBRACKET ary_members COMMA RBRACKET
    (53) object -> . LBRACKET expression FOR SYMBOL IN expression RBRACKET
    (54) object -> . LBRACKET expression FOR SYMBOL IN expression IF expression RBRACKET
    (57) object -> . LBRACE RBRACE
    (58) object -> . LBRACE map_members RBRACE
    (59) object -> . LBRACE map_members COMMA RBRACE
    (63) object -> . object LBRACKET expression RBRACKET
    (64) object -> . object LBRACKET COLON RBRACKET
    (65) object -> . object LBRACKET COLON expression RBRACKET
    (66) object -> . object LBRACKET expression COLON RBRACKET
    (67) object -> . object LBRACKET expression COLON expression RBRACKET
    (68) object -> . expression LPAREN RPAREN
    (69) object -> . expression LPAREN ary_members RPAREN

    NOT             shift and go to state 5
    SUB             shift and go to state 4
    TRUE            shift and go to state 6
    FALSE           shift and go to state 7
    FLOAT           shift and go to state 8
    FLOAT_NAN       shift and go to state 9
    FLOAT_INF       shift and go to state 10
    LPAREN          shift and go to state 12
    SYMBOL          shift and go to state 11
    BYTES           shift and go to state 13
    DATETIME        shift and go to state 14
    TIMEDELTA       shift and go to state 15
    NULL            shift and go to state 16
    LBRACE          shift and go to state 17
    STRING          shift and go to state 18
    LBRACKET        shift and go to state 19

    expression                     shift and go to state 71
    object                         shift and go to state 3

state 29

    (14) expression -> expression SUB . expression
    (5) expression -> . object
    (6) expression -> . expression QMARK expression COLON expression
    (7) expression -> . expression COALESCE expression
    (8) expression -> . expression MOD expression
    (9) expression -> . expression MUL expression
    (10) expression -> . expression FDIV expression
    (11) expression -> . expression TDIV expression
    (12) expression -> . expression POW expression
    (13) expression -> . expression ADD expression
    (14) expression -> . expression SUB expression
    (15) expression -> . expression BWAND expression
    (16) expression -> . expression BWOR expression
    (17) expression -> . expression BWXOR expression
    (18) expression -> . expression BWLSH expression
    (19) expression -> . expression BWRSH expression
    (20) expression -> . expression IN expression
    (21) expression -> . expression NOT IN expression
    (22) expression -> . expression EQ expression
    (23) expression -> . expression NE expression
    (24) expression -> . expression GT expression
    (25) expression -> . expression GE expression
    (26) expression -> . expression LT expression
    (27) expression -> . expression LE expression
    (28) expression -> . expression EQ_FZM expression
    (29) expression -> . expression EQ_FZS expression
    (30) expression -> . expression NE_FZM expression
    (31) expression -> . expression NE_FZS expression
    (32) expression -> . expression AND expression
    (33) expression -> . expression OR expression
    (35) expression -> . NOT expression
    (37) expression -> . SUB expression
    (38) expression -> . TRUE
    (39) expression -> . FALSE
    (43) expression -> . FLOAT
    (44) expression -> . FLOAT_NAN
    (45) expression -> . FLOAT_INF
    (3) object -> . object ATTR SYMBOL
    (4) object -> . object ATTR_SAFE SYMBOL
    (34) object -> . LPAREN expression RPAREN
    (36) object -> . SYMBOL
    (40) object -> . BYTES
    (41) object -> . DATETIME
    (42) object -> . TIMEDELTA
    (46) object -> . NULL
    (47) object -> . LBRACE ary_members RBRACE
    (48) object -> . LBRACE ary_members COMMA RBRACE
    (49) object -> . STRING
    (50) object -> . LBRACKET RBRACKET
    (51) object -> . LBRACKET ary_members RBRACKET
    (52) object -> . LBRACKET ary_members COMMA RBRACKET
    (53) object -> . LBRACKET expression FOR SYMBOL IN expression RBRACKET
    (54) object -> . LBRACKET expression FOR SYMBOL IN expression IF expression RBRACKET
    (57) object -> . LBRACE RBRACE
    (58) object -> . LBRACE map_members RBRACE
    (59) object -> . LBRACE map_members COMMA RBRACE
    (63) object -> . object LBRACKET expression RBRACKET
    (64) object -> . object LBRACKET COLON RBRACKET
    (65) object -> . object LBRACKET COLON expression RBRACKET
    (66) object -> . object LBRACKET expression COLON RBRACKET
    (67) object -> . object LBRACKET expression COLON expression RBRACKET
    (68) object -> . expression LPAREN RPAREN
    (69) object -> . expression LPAREN ary_members RPAREN

    NOT             shift and go to state 5
    SUB             shift and go to state 4
    TRUE            shift and go to state 6
    FALSE           shift and go to state 7
    FLOAT           shift and go to state 8
    FLOAT_NAN       shift and go to state 9
    FLOAT_INF       shift and go to state 10
    LPAREN          shift and go to state 12
    SYMBOL          shift and go to state 11
    BYTES           shift and go to state 13
    DATETIME        shift and go to state 14
    TIMEDELTA       shift and go to state 15
    NULL            shift and go to state 16
    LBRACE          shift and go to state 17
    STRING          shift and go to state 18
    LBRACKET        shift and go to state 19

    expression                     shift and go to state 72
    object                         shift and go to state 3

state 30

    (15) expression -> expression BWAND . expression
    (5) expression -> . object
    (6) expression -> . expression QMARK expression COLON expression
    (7) expression -> . expression COALESCE expression
    (8) expression -> . expression MOD expression
    (9) expression -> . expression MUL expression
    (10) expression -> . expression FDIV expression
    (11) expression -> . expression TDIV expression
    (12) expression -> . expression POW expression
    (13) expression -> . expression ADD expression
    (14) expression -> . expression SUB expression
    (15) expression -> . expression BWAND expression
    (16) expression -> . expression BWOR expression
    (17) expression -> . expression BWXOR expression
    (18) expression -> . expression BWLSH expression
    (19) expression -> . expression BWRSH expression
    (20) expression -> . expression IN expression
    (21) expression -> . expression NOT IN expression
    (22) expression -> . expression EQ expression
    (23) expression -> . expression NE expression
    (24) expression -> . expression GT expression
    (25) expression -> . expression GE expression
    (26) expression -> . expression LT expression
    (27) expression -> . expression LE expression
    (28) expression -> . expression EQ_FZM expression
    (29) expression -> . expression EQ_FZS expression
    (30) expression -> . expression NE_FZM expression
    (31) expression -> . expression NE_FZS expression
    (32) expression -> . expression AND expression
    (33) expression -> . expression OR expression
    (35) expression -> . NOT expression
    (37) expression -> . SUB expression
    (38) expression -> . TRUE
    (39) expression -> . FALSE
    (43) expression -> . FLOAT
    (44) expression -> . FLOAT_NAN
    (45) expression -> . FLOAT_INF
    (3) object -> . object ATTR SYMBOL
    (4) object -> . object ATTR_SAFE SYMBOL
    (34) object -> . LPAREN expression RPAREN
    (36) object -> . SYMBOL
    (40) object -> . BYTES
    (41) object -> . DATETIME
    (42) object -> . TIMEDELTA
    (46) object -> . NULL
    (47) object -> . LBRACE ary_members RBRACE
    (48) object -> . LBRACE ary_members COMMA RBRACE
    (49) object -> . STRING
    (50) object -> . LBRACKET RBRACKET
    (51) object -> . LBRACKET ary_members RBRACKET
    (52) object -> . LBRACKET ary_members COMMA RBRACKET
    (53) object -> . LBRACKET expression FOR SYMBOL IN expression RBRACKET
    (54) object -> . LBRACKET expression FOR SYMBOL IN expression IF expression RBRACKET
    (57) object -> . LBRACE RBRACE
    (58) object -> . LBRACE map_members RBRACE
    (59) object -> . LBRACE map_members COMMA RBRACE
    (63) object -> . object LBRACKET expression RBRACKET
    (64) object -> . object LBRACKET COLON RBRACKET
    (65) object -> . object LBRACKET COLON expression RBRACKET
    (66) object -> . object LBRACKET expression COLON RBRACKET
    (67) object -> . object LBRACKET expression COLON expression RBRACKET
    (68) object -> . expression LPAREN RPAREN
    (69) object -> . expression LPAREN ary_members RPAREN

    NOT             shift and go to state 5
    SUB             shift and go to state 4
    TRUE            shift and go to state 6
    FALSE           shift and go to state 7
    FLOAT           shift and go to state 8
    FLOAT_NAN       shift and go to state 9
    FLOAT_INF       shift and go to state 10
    LPAREN          shift and go to state 12
    SYMBOL          shift and go to state 11
    BYTES           shift and go to state 13
    DATETIME        shift and go to state 14
    TIMEDELTA       shift and go to state 15
    NULL            shift and go to state 16
    LBRACE          shift and go to state 17
    STRING          shift and go to state 18
    LBRACKET        shift and go to state 19

    expression                     shift and go to state 73
    object                         shift and go to state 3

state 31

    (16) expression -> expression BWOR . expression
    (5) expression -> . object
    (6) expression -> . expression QMARK expression COLON expression
    (7) expression -> . expression COALESCE expression
    (8) expression -> . expression MOD expression
    (9) expression -> . expression MUL expression
    (10) expression -> . expression FDIV expression
    (11) expression -> . expression TDIV expression
    (12) expression -> . expression POW expression
    (13) expression -> . expression ADD expression
    (14) expression -> . expression SUB expression
    (15) expression -> . expression BWAND expression
    (16) expression -> . expression BWOR expression
    (17) expression -> . expression BWXOR expression
    (18) expression -> . expression BWLSH expression
    (19) expression -> . expression BWRSH expression
    (20) expression -> . expression IN expression
    (21) expression -> . expression NOT IN expression
    (22) expression -> . expression EQ expression
    (23) expression -> . expression NE expression
    (24) expression -> . expression GT expression
    (25) expression -> . expression GE expression
    (26) expression -> . expression LT expression
    (27) expression -> . expression LE expression
    (28) expression -> . expression EQ_FZM expression
    (29) expression -> . expression EQ_FZS expression
    (30) expression -> . expression NE_FZM expression
    (31) expression -> . expression NE_FZS expression
    (32) expression -> . expression AND expression
    (33) expression -> . expression OR expression
    (35) expression -> . NOT expression
    (37) expression -> . SUB expression
    (38) expression -> . TRUE
    (39) expression -> . FALSE
    (43) expression -> . FLOAT
    (44) expression -> . FLOAT_NAN
    (45) expression -> . FLOAT_INF
    (3) object -> . object ATTR SYMBOL
    (4) object -> . object ATTR_SAFE SYMBOL
    (34) object -> . LPAREN expression RPAREN
    (36) object -> . SYMBOL
    (40) object -> . BYTES
    (41) object -> . DATETIME
    (42) object -> . TIMEDELTA
    (46) object -> . NULL
    (47) object -> . LBRACE ary_members RBRACE
    (48) object -> . LBRACE ary_members COMMA RBRACE
    (49) object -> . STRING
    (50) object -> . LBRACKET RBRACKET
    (51) object -> . LBRACKET ary_members RBRACKET
    (52) object -> . LBRACKET ary_members COMMA RBRACKET
    (53) object -> . LBRACKET expression FOR SYMBOL IN expression RBRACKET
    (54) object -> . LBRACKET expression FOR SYMBOL IN expression IF expression RBRACKET
    (57) object -> . LBRACE RBRACE
    (58) object -> . LBRACE map_members RBRACE
    (59) object -> . LBRACE map_members COMMA RBRACE
    (63) object -> . object LBRACKET expression RBRACKET
    (64) object -> . object LBRACKET COLON RBRACKET
    (65) object -> . object LBRACKET COLON expression RBRACKET
    (66) object -> . object LBRACKET expression COLON RBRACKET
    (67) object -> . object LBRACKET expression COLON expression RBRACKET
    (68) object -> . expression LPAREN RPAREN
    (69) object -> . expression LPAREN ary_members RPAREN

    NOT             shift and go to state 5
    SUB             shift and go to state 4
    TRUE            shift and go to state 6
    FALSE           shift and go to state 7
    FLOAT           shift and go to state 8
    FLOAT_NAN       shift and go to state 9
    FLOAT_INF       shift and go to state 10
    LPAREN          shift and go to state 12
    SYMBOL          shift and go to state 11
    BYTES           shift and go to state 13
    DATETIME        shift and go to state 14
    TIMEDELTA       shift and go to state 15
    NULL            shift and go to state 16
    LBRACE          shift and go to state 17
    STRING          shift and go to state 18
    LBRACKET        shift and go to state 19

    expression                     shift and go to state 74
    object                         shift and go to state 3

state 32

    (17) expression -> expression BWXOR . expression
    (5) expression -> . object
    (6) expression -> . expression QMARK expression COLON expression
    (7) expression -> . expression COALESCE expression
    (8) expression -> . expression MOD expression
    (9) expression -> . expression MUL expression
    (10) expression -> . expression FDIV expression
    (11) expression -> . expression TDIV expression
    (12) expression -> . expression POW expression
    (13) expression -> . expression ADD expression
    (14) expression -> . expression SUB expression
    (15) expression -> . expression BWAND expression
    (16) expression -> . expression BWOR expression
    (17) expression -> . expression BWXOR expression
    (18) expression -> . expression BWLSH expression
    (19) expression -> . expression BWRSH expression
    (20) expression -> . expression IN expression
    (21) expression -> . expression NOT IN expression
    (22) expression -> . expression EQ expression
    (23) expression -> . expression NE expression
    (24) expression -> . expression GT expression
    (25) expression -> . expression GE expression
    (26) expression -> . expression LT expression
    (27) expression -> . expression LE expression
    (28) expression -> . expression EQ_FZM expression
    (29) expression -> . expression EQ_FZS expression
    (30) expression -> . expression NE_FZM expression
    (31) expression -> . expression NE_FZS expression
    (32) expression -> . expression AND expression
    (33) expression -> . expression OR expression
    (35) expression -> . NOT expression
    (37) expression -> . SUB expression
    (38) expression -> . TRUE
    (39) expression -> . FALSE
    (43) expression -> . FLOAT
    (44) expression -> . FLOAT_NAN
    (45) expression -> . FLOAT_INF
    (3) object -> . object ATTR SYMBOL
    (4) object -> . object ATTR_SAFE SYMBOL
    (34) object -> . LPAREN expression RPAREN
    (36) object -> . SYMBOL
    (40) object -> . BYTES
    (41) object -> . DATETIME
    (42) object -> . TIMEDELTA
    (46) object -> . NULL
    (47) object -> . LBRACE ary_members RBRACE
    (48) object -> . LBRACE ary_members COMMA RBRACE
    (49) object -> . STRING
    (50) object -> . LBRACKET RBRACKET
    (51) object -> . LBRACKET ary_members RBRACKET
    (52) object -> . LBRACKET ary_members COMMA RBRACKET
    (53) object -> . LBRACKET expression FOR SYMBOL IN expression RBRACKET
    (54) object -> . LBRACKET expression FOR SYMBOL IN expression IF expression RBRACKET
    (57) object -> . LBRACE RBRACE
    (58) object -> . LBRACE map_members RBRACE
    (59) object -> . LBRACE map_members COMMA RBRACE
    (63) object -> . object LBRACKET expression RBRACKET
    (64) object -> . object LBRACKET COLON RBRACKET
    (65) object -> . object LBRACKET COLON expression RBRACKET
    (66) object -> . object LBRACKET expression COLON RBRACKET
    (67) object -> . object LBRACKET expression COLON expression RBRACKET
    (68) object -> . expression LPAREN RPAREN
    (69) object -> . expression LPAREN ary_members RPAREN

    NOT             shift and go to state 5
    SUB             shift and go to state 4
    TRUE            shift and go to state 6
    FALSE           shift and go to state 7
    FLOAT           shift and go to state 8
    FLOAT_NAN       shift and go to state 9
    FLOAT_INF       shift and go to state 10
    LPAREN          shift and go to state 12
    SYMBOL          shift and go to state 11
    BYTES           shift and go to state 13
    DATETIME        shift and go to state 14
    TIMEDELTA       shift and go to state 15
    NULL            shift and go to state 16
    LBRACE          shift and go to state 17
    STRING          shift and go to state 18
    LBRACKET        shift and go to state 19

    expression                     shift and go to state 75
    object                         shift and go to state 3

state 33

    (18) expression -> expression BWLSH . expression
    (5) expression -> . object
    (6) expression -> . expression QMARK expression COLON expression
    (7) expression -> . expression COALESCE expression
    (8) expression -> . expression MOD expression
    (9) expression -> . expression MUL expression
    (10) expression -> . expression FDIV expression
    (11) expression -> . expression TDIV expression
    (12) expression -> . expression POW expression
    (13) expression -> . expression ADD expression
    (14) expression -> . expression SUB expression
    (15) expression -> . expression BWAND expression
    (16) expression -> . expression BWOR expression
    (17) expression -> . expression BWXOR expression
    (18) expression -> . expression BWLSH expression
    (19) expression -> . expression BWRSH expression
    (20) expression -> . expression IN expression
    (21) expression -> . expression NOT IN expression
    (22) expression -> . expression EQ expression
    (23) expression -> . expression NE expression
    (24) expression -> . expression GT expression
    (25) expression -> . expression GE expression
    (26) expression -> . expression LT expression
    (27) expression -> . expression LE expression
    (28) expression -> . expression EQ_FZM expression
    (29) expression -> . expression EQ_FZS expression
    (30) expression -> . expression NE_FZM expression
    (31) expression -> . expression NE_FZS expression
    (32) expression -> . expression AND expression
    (33) expression -> . expression OR expression
    (35) expression -> . NOT expression
    (37) expression -> . SUB expression
    (38) expression -> . TRUE
    (39) expression -> . FALSE
    (43) expression -> . FLOAT
    (44) expression -> . FLOAT_NAN
    (45) expression -> . FLOAT_INF
    (3) object -> . object ATTR SYMBOL
    (4) object -> . object ATTR_SAFE SYMBOL
    (34) object -> . LPAREN expression RPAREN
    (36) object -> . SYMBOL
    (40) object -> . BYTES
    (41) object -> . DATETIME
    (42) object -> . TIMEDELTA
    (46) object -> . NULL
    (47) object -> . LBRACE ary_members RBRACE
    (48) object -> . LBRACE ary_members COMMA RBRACE
    (49) object -> . STRING
    (50) object -> . LBRACKET RBRACKET
    (51) object -> . LBRACKET ary_members RBRACKET
    (52) object -> . LBRACKET ary_members COMMA RBRACKET
    (53) object -> . LBRACKET expression FOR SYMBOL IN expression RBRACKET
    (54) object -> . LBRACKET expression FOR SYMBOL IN expression IF expression RBRACKET
    (57) object -> . LBRACE RBRACE
    (58) object -> . LBRACE map_members RBRACE
    (59) object -> . LBRACE map_members COMMA RBRACE
    (63) object -> . object LBRACKET expression RBRACKET
    (64) object -> . object LBRACKET COLON RBRACKET
    (65) object -> . object LBRACKET COLON expression RBRACKET
    (66) object -> . object LBRACKET expression COLON RBRACKET
    (67) object -> . object LBRACKET expression COLON expression RBRACKET
    (68) object -> . expression LPAREN RPAREN
    (69) object -> . expression LPAREN ary_members RPAREN

    NOT             shift and go to state 5
    SUB             shift and go to state 4
    TRUE            shift and go to state 6
    FALSE           shift and go to state 7
    FLOAT           shift and go to state 8
    FLOAT_NAN       shift and go to state 9
    FLOAT_INF       shift and go to state 10
    LPAREN          shift and go to state 12
    SYMBOL          shift and go to state 11
    BYTES           shift and go to state 13
    DATETIME        shift and go to state 14
    TIMEDELTA       shift and go to state 15
    NULL            shift and go to state 16
    LBRACE          shift and go to state 17
    STRING          shift and go to state 18
    LBRACKET        shift and go to state 19

    expression                     shift and go to state 76
    object                         shift and go to state 3

state 34

    (19) expression -> expression BWRSH . expression
    (5) expression -> . object
    (6) expression -> . expression QMARK expression COLON expression
    (7) expression -> . expression COALESCE expression
    (8) expression -> . expression MOD expression
    (9) expression -> . expression MUL expression
    (10) expression -> . expression FDIV expression
    (11) expression -> . expression TDIV expression
    (12) expression -> . expression POW expression
    (13) expression -> . expression ADD expression
    (14) expression -> . expression SUB expression
    (15) expression -> . expression BWAND expression
    (16) expression -> . expression BWOR expression
    (17) expression -> . expression BWXOR expression
    (18) expression -> . expression BWLSH expression
    (19) expression -> . expression BWRSH expression
    (20) expression -> . expression IN expression
    (21) expression -> . expression NOT IN expression
    (22) expression -> . expression EQ expression
    (23) expression -> . expression NE expression
    (24) expression -> . expression GT expression
    (25) expression -> . expression GE expression
    (26) expression -> . expression LT expression
    (27) expression -> . expression LE expression
    (28) expression -> . expression EQ_FZM expression
    (29) expression -> . expression EQ_FZS expression
    (30) expression -> . expression NE_FZM expression
    (31) expression -> . expression NE_FZS expression
    (32) expression -> . expression AND expression
    (33) expression -> . expression OR expression
    (35) expression -> . NOT expression
    (37) expression -> . SUB expression
    (38) expression -> . TRUE
    (39) expression -> . FALSE
    (43) expression -> . FLOAT
    (44) expression -> . FLOAT_NAN
    (45) expression -> . FLOAT_INF
    (3) object -> . object ATTR SYMBOL
    (4) object -> . object ATTR_SAFE SYMBOL
    (34) object -> . LPAREN expression RPAREN
    (36) object -> . SYMBOL
    (40) object -> . BYTES
    (41) object -> . DATETIME
    (42) object -> . TIMEDELTA
    (46) object -> . NULL
    (47) object -> . LBRACE ary_members RBRACE
    (48) object -> . LBRACE ary_members COMMA RBRACE
    (49) object -> . STRING
    (50) object -> . LBRACKET RBRACKET
    (51) object -> . LBRACKET ary_members RBRACKET
    (52) object -> . LBRACKET ary_members COMMA RBRACKET
    (53) object -> . LBRACKET expression FOR SYMBOL IN expression RBRACKET
    (54) object -> . LBRACKET expression FOR SYMBOL IN expression IF expression RBRACKET
    (57) object -> . LBRACE RBRACE
    (58) object -> . LBRACE map_members RBRACE
    (59) object -> . LBRACE map_members COMMA RBRACE
    (63) object -> . object LBRACKET expression RBRACKET
    (64) object -> . object LBRACKET COLON RBRACKET
    (65) object -> . object LBRACKET COLON expression RBRACKET
    (66) object -> . object LBRACKET expression COLON RBRACKET
    (67) object -> . object LBRACKET expression COLON expression RBRACKET
    (68) object -> . expression LPAREN RPAREN
    (69) object -> . expression LPAREN ary_members RPAREN

    NOT             shift and go to state 5
    SUB             shift and go to state 4
    TRUE            shift and go to state 6
    FALSE           shift and go to state 7
    FLOAT           shift and go to state 8
    FLOAT_NAN       shift and go to state 9
    FLOAT_INF       shift and go to state 10
    LPAREN          shift and go to state 12
    SYMBOL          shift and go to state 11
    BYTES           shift and go to state 13
    DATETIME        shift and go to state 14
    TIMEDELTA       shift and go to state 15
    NULL            shift and go to state 16
    LBRACE          shift and go to state 17
    STRING          shift and go to state 18
    LBRACKET        shift and go to state 19

    expression                     shift and go to state 77
    object                         shift and go to state 3

state 35

    (20) expression -> expression IN . expression
    (5) expression -> . object
    (6) expression -> . expression QMARK expression COLON expression
    (7) expression -> . expression COALESCE expression
    (8) expression -> . expression MOD expression
    (9) expression -> . expression MUL expression
    (10) expression -> . expression FDIV expression
    (11) expression -> . expression TDIV expression
    (12) expression -> . expression POW expression
    (13) expression -> . expression ADD expression
    (14) expression -> . expression SUB expression
    (15) expression -> . expression BWAND expression
    (16) expression -> . expression BWOR expression
    (17) expression -> . expression BWXOR expression
    (18) expression -> . expression BWLSH expression
    (19) expression -> . expression BWRSH expression
    (20) expression -> . expression IN expression
    (21) expression -> . expression NOT IN expression
    (22) expression -> . expression EQ expression
    (23) expression -> . expression NE expression
    (24) expression -> . expression GT expression
    (25) expression -> . expression GE expression
    (26) expression -> . expression LT expression
    (27) expression -> . expression LE expression
    (28) expression -> . expression EQ_FZM expression
    (29) expression -> . expression EQ_FZS expression
    (30) expression -> . expression NE_FZM expression
    (31) expression -> . expression NE_FZS expression
    (32) expression -> . expression AND expression
    (33) expression -> . expression OR expression
    (35) expression -> . NOT expression
    (37) expression -> . SUB expression
    (38) expression -> . TRUE
    (39) expression -> . FALSE
    (43) expression -> . FLOAT
    (44) expression -> . FLOAT_NAN
    (45) expression -> . FLOAT_INF
    (3) object -> . object ATTR SYMBOL
    (4) object -> . object ATTR_SAFE SYMBOL
    (34) object -> . LPAREN expression RPAREN
    (36) object -> . SYMBOL
    (40) object -> . BYTES
    (41) object -> . DATETIME
    (42) object -> . TIMEDELTA
    (46) object -> . NULL
    (47) object -> . LBRACE ary_members RBRACE
    (48) object -> . LBRACE ary_members COMMA RBRACE
    (49) object -> . STRING
    (50) object -> . LBRACKET RBRACKET
    (51) object -> . LBRACKET ary_members RBRACKET
    (52) object -> . LBRACKET ary_members COMMA RBRACKET
    (53) object -> . LBRACKET expression FOR SYMBOL IN expression RBRACKET
    (54) object -> . LBRACKET expression FOR SYMBOL IN expression IF expression RBRACKET
    (57) object -> . LBRACE RBRACE
    (58) object -> . LBRACE map_members RBRACE
    (59) object -> . LBRACE map_members COMMA RBRACE
    (63) object -> . object LBRACKET expression RBRACKET
    (64) object -> . object LBRACKET COLON RBRACKET
    (65) object -> . object LBRACKET COLON expression RBRACKET
    (66) object -> . object LBRACKET expression COLON RBRACKET
    (67) object -> . object LBRACKET expression COLON expression RBRACKET
    (68) object -> . expression LPAREN RPAREN
    (69) object -> . expression LPAREN ary_members RPAREN

    NOT             shift and go to state 5
    SUB             shift and go to state 4
    TRUE            shift and go to state 6
    FALSE           shift and go to state 7
    FLOAT           shift and go to state 8
    FLOAT_NAN       shift and go to state 9
    FLOAT_INF       shift and go to state 10
    LPAREN          shift and go to state 12
    SYMBOL          shift and go to state 11
    BYTES           shift and go to state 13
    DATETIME        shift and go to state 14
    TIMEDELTA       shift and go to state 15
    NULL            shift and go to state 16
    LBRACE          shift and go to state 17
    STRING          shift and go to state 18
    LBRACKET        shift and go to state 19

    expression                     shift and go to state 78
    object                         shift and go to state 3

state 36

    (21) expression -> expression NOT . IN expression

    IN              shift and go to state 79


state 37

    (22) expression -> expression EQ . expression
    (5) expression -> . object
    (6) expression -> . expression QMARK expression COLON expression
    (7) expression -> . expression COALESCE expression
    (8) expression -> . expression MOD expression
    (9) expression -> . expression MUL expression
    (10) expression -> . expression FDIV expression
    (11) expression -> . expression TDIV expression
    (12) expression -> . expression POW expression
    (13) expression -> . expression ADD expression
    (14) expression -> . expression SUB expression
    (15) expression -> . expression BWAND expression
    (16) expression -> . expression BWOR expression
    (17) expression -> . expression BWXOR expression
    (18) expression -> . expression BWLSH expression
    (19) expression -> . expression BWRSH expression
    (20) expression -> . expression IN expression
    (21) expression -> . expression NOT IN expression
    (22) expression -> . expression EQ expression
    (23) expression -> . expression NE expression
    (24) expression -> . expression GT expression
    (25) expression -> . expression GE expression
    (26) expression -> . expression LT expression
    (27) expression -> . expression LE expression
    (28) expression -> . expression EQ_FZM expression
    (29) expression -> . expression EQ_FZS expression
    (30) expression -> . expression NE_FZM expression
    (31) expression -> . expression NE_FZS expression
    (32) expression -> . expression AND expression
    (33) expression -> . expression OR expression
    (35) expression -> . NOT expression
    (37) expression -> . SUB expression
    (38) expression -> . TRUE
    (39) expression -> . FALSE
    (43) expression -> . FLOAT
    (44) expression -> . FLOAT_NAN
    (45) expression -> . FLOAT_INF
    (3) object -> . object ATTR SYMBOL
    (4) object -> . object ATTR_SAFE SYMBOL
    (34) object -> . LPAREN expression RPAREN
    (36) object -> . SYMBOL
    (40) object -> . BYTES
    (41) object -> . DATETIME
    (42) object -> . TIMEDELTA
    (46) object -> . NULL
    (47) object -> . LBRACE ary_members RBRACE
    (48) object -> . LBRACE ary_members COMMA RBRACE
    (49) object -> . STRING
    (50) object -> . LBRACKET RBRACKET
    (51) object -> . LBRACKET ary_members RBRACKET
    (52) object -> . LBRACKET ary_members COMMA RBRACKET
    (53) object -> . LBRACKET expression FOR SYMBOL IN expression RBRACKET
    (54) object -> . LBRACKET expression FOR SYMBOL IN expression IF expression RBRACKET
    (57) object -> . LBRACE RBRACE
    (58) object -> . LBRACE map_members RBRACE
    (59) object -> . LBRACE map_members COMMA RBRACE
    (63) object -> . object LBRACKET expression RBRACKET
    (64) object -> . object LBRACKET COLON RBRACKET
    (65) object -> . object LBRACKET COLON expression RBRACKET
    (66) object -> . object LBRACKET expression COLON RBRACKET
    (67) object -> . object LBRACKET expression COLON expression RBRACKET
    (68) object -> . expression LPAREN RPAREN
    (69) object -> . expression LPAREN ary_members RPAREN

    NOT             shift and go to state 5
    SUB             shift and go to state 4
    TRUE            shift and go to state 6
    FALSE           shift and go to state 7
    FLOAT           shift and go to state 8
    FLOAT_NAN       shift and go to state 9
    FLOAT_INF       shift and go to state 10
    LPAREN          shift and go to state 12
    SYMBOL          shift and go to state 11
    BYTES           shift and go to state 13
    DATETIME        shift and go to state 14
    TIMEDELTA       shift and go to state 15
    NULL            shift and go to state 16
    LBRACE          shift and go to state 17
    STRING          shift and go to state 18
    LBRACKET        shift and go to state 19

    expression                     shift and go to state 80
    object                         shift and go to state 3

state 38

    (23) expression -> expression NE . expression
    (5) expression -> . object
    (6) expression -> . expression QMARK expression COLON expression
    (7) expression -> . expression COALESCE expression
    (8) expression -> . expression MOD expression
    (9) expression -> . expression MUL expression
    (10) expression -> . expression FDIV expression
    (11) expression -> . expression TDIV expression
    (12) expression -> . expression POW expression
    (13) expression -> . expression ADD expression
    (14) expression -> . expression SUB expression
    (15) expression -> . expression BWAND expression
    (16) expression -> . expression BWOR expression
    (17) expression -> . expression BWXOR expression
    (18) expression -> . expression BWLSH expression
    (19) expression -> . expression BWRSH expression
    (20) expression -> . expression IN expression
    (21) expression -> . expression NOT IN expression
    (22) expression -> . expression EQ expression
    (23) expression -> . expression NE expression
    (24) expression -> . expression GT expression
    (25) expression -> . expression GE expression
    (26) expression -> . expression LT expression
    (27) expression -> . expression LE expression
    (28) expression -> . expression EQ_FZM expression
    (29) expression -> . expression EQ_FZS expression
    (30) expression -> . expression NE_FZM expression
    (31) expression -> . expression NE_FZS expression
    (32) expression -> . expression AND expression
    (33) expression -> . expression OR expression
    (35) expression -> . NOT expression
    (37) expression -> . SUB expression
    (38) expression -> . TRUE
    (39) expression -> . FALSE
    (43) expression -> . FLOAT
    (44) expression -> . FLOAT_NAN
    (45) expression -> . FLOAT_INF
    (3) object -> . object ATTR SYMBOL
    (4) object -> . object ATTR_SAFE SYMBOL
    (34) object -> . LPAREN expression RPAREN
    (36) object -> . SYMBOL
    (40) object -> . BYTES
    (41) object -> . DATETIME
    (42) object -> . TIMEDELTA
    (46) object -> . NULL
    (47) object -> . LBRACE ary_members RBRACE
    (48) object -> . LBRACE ary_members COMMA RBRACE
    (49) object -> . STRING
    (50) object -> . LBRACKET RBRACKET
    (51) object -> . LBRACKET ary_members RBRACKET
    (52) object -> . LBRACKET ary_members COMMA RBRACKET
    (53) object -> . LBRACKET expression FOR SYMBOL IN expression RBRACKET
    (54) object -> . LBRACKET expression FOR SYMBOL IN expression IF expression RBRACKET
    (57) object -> . LBRACE RBRACE
    (58) object -> . LBRACE map_members RBRACE
    (59) object -> . LBRACE map_members COMMA RBRACE
    (63) object -> . object LBRACKET expression RBRACKET
    (64) object -> . object LBRACKET COLON RBRACKET
    (65) object -> . object LBRACKET COLON expression RBRACKET
    (66) object -> . object LBRACKET expression COLON RBRACKET
    (67) object -> . object LBRACKET expression COLON expression RBRACKET
    (68) object -> . expression LPAREN RPAREN
    (69) object -> . expression LPAREN ary_members RPAREN

    NOT             shift and go to state 5
    SUB             shift and go to state 4
    TRUE            shift and go to state 6
    FALSE           shift and go to state 7
    FLOAT           shift and go to state 8
    FLOAT_NAN       shift and go to state 9
    FLOAT_INF       shift and go to state 10
    LPAREN          shift and go to state 12
    SYMBOL          shift and go to state 11
    BYTES           shift and go to state 13
    DATETIME        shift and go to state 14
    TIMEDELTA       shift and go to state 15
    NULL            shift and go to state 16
    LBRACE          shift and go to state 17
    STRING          shift and go to state 18
    LBRACKET        shift and go to state 19

    expression                     shift and go to state 81
    object                         shift and go to state 3

state 39

    (24) expression -> expression GT . expression
    (5) expression -> . object
    (6) expression -> . expression QMARK expression COLON expression
    (7) expression -> . expression COALESCE expression
    (8) expression -> . expression MOD expression
    (9) expression -> . expression MUL expression
    (10) expression -> . expression FDIV expression
    (11) expression -> . expression TDIV expression
    (12) expression -> . expression POW expression
    (13) expression -> . expression ADD expression
    (14) expression -> . expression SUB expression
    (15) expression -> . expression BWAND expression
    (16) expression -> . expression BWOR expression
    (17) expression -> . expression BWXOR expression
    (18) expression -> . expression BWLSH expression
    (19) expression -> . expression BWRSH expression
    (20) expression -> . expression IN expression
    (21) expression -> . expression NOT IN expression
    (22) expression -> . expression EQ expression
    (23) expression -> . expression NE expression
    (24) expression -> . expression GT expression
    (25) expression -> . expression GE expression
    (26) expression -> . expression LT expression
    (27) expression -> . expression LE expression
    (28) expression -> . expression EQ_FZM expression
    (29) expression -> . expression EQ_FZS expression
    (30) expression -> . expression NE_FZM expression
    (31) expression -> . expression NE_FZS expression
    (32) expression -> . expression AND expression
    (33) expression -> . expression OR expression
    (35) expression -> . NOT expression
    (37) expression -> . SUB expression
    (38) expression -> . TRUE
    (39) expression -> . FALSE
    (43) expression -> . FLOAT
    (44) expression -> . FLOAT_NAN
    (45) expression -> . FLOAT_INF
    (3) object -> . object ATTR SYMBOL
    (4) object -> . object ATTR_SAFE SYMBOL
    (34) object -> . LPAREN expression RPAREN
    (36) object -> . SYMBOL
    (40) object -> . BYTES
    (41) object -> . DATETIME
    (42) object -> . TIMEDELTA
    (46) object -> . NULL
    (47) object -> . LBRACE ary_members RBRACE
    (48) object -> . LBRACE ary_members COMMA RBRACE
    (49) object -> . STRING
    (50) object -> . LBRACKET RBRACKET
    (51) object -> . LBRACKET ary_members RBRACKET
    (52) object -> . LBRACKET ary_members COMMA RBRACKET
    (53) object -> . LBRACKET expression FOR SYMBOL IN expression RBRACKET
    (54) object -> . LBRACKET expression FOR SYMBOL IN expression IF expression RBRACKET
    (57) object -> . LBRACE RBRACE
    (58) object -> . LBRACE map_members RBRACE
    (59) object -> . LBRACE map_members COMMA RBRACE
    (63) object -> . object LBRACKET expression RBRACKET
    (64) object -> . object LBRACKET COLON RBRACKET
    (65) object -> . object LBRACKET COLON expression RBRACKET
    (66) object -> . object LBRACKET expression COLON RBRACKET
    (67) object -> . object LBRACKET expression COLON expression RBRACKET
    (68) object -> . expression LPAREN RPAREN
    (69) object -> . expression LPAREN ary_members RPAREN

    NOT             shift and go to state 5
    SUB             shift and go to state 4
    TRUE            shift and go to state 6
    FALSE           shift and go to state 7
    FLOAT           shift and go to state 8
    FLOAT_NAN       shift and go to state 9
    FLOAT_INF       shift and go to state 10
    LPAREN          shift and go to state 12
    SYMBOL          shift and go to state 11
    BYTES           shift and go to state 13
    DATETIME        shift and go to state 14
    TIMEDELTA       shift and go to state 15
    NULL            shift and go to state 16
    LBRACE          shift and go to state 17
    STRING          shift and go to state 18
    LBRACKET        shift and go to state 19

    expression                     shift and go to state 82
    object                         shift and go to state 3

state 40

    (25) expression -> expression GE . expression
    (5) expression -> . object
    (6) expression -> . expression QMARK expression COLON expression
    (7) expression -> . expression COALESCE expression
    (8) expression -> . expression MOD expression
    (9) expression -> . expression MUL expression
    (10) expression -> . expression FDIV expression
    (11) expression -> . expression TDIV expression
    (12) expression -> . expression POW expression
    (13) expression -> . expression ADD expression
    (14) expression -> . expression SUB expression
    (15) expression -> . expression BWAND expression
    (16) expression -> . expression BWOR expression
    (17) expression -> . expression BWXOR expression
    (18) expression -> . expression BWLSH expression
    (19) expression -> . expression BWRSH expression
    (20) expression -> . expression IN expression
    (21) expression -> . expression NOT IN expression
    (22) expression -> . expression EQ expression
    (23) expression -> . expression NE expression
    (24) expression -> . expression GT expression
    (25) expression -> . expression GE expression
    (26) expression -> . expression LT expression
    (27) expression -> . expression LE expression
    (28) expression -> . expression EQ_FZM expression
    (29) expression -> . expression EQ_FZS expression
    (30) expression -> . expression NE_FZM expression
    (31) expression -> . expression NE_FZS expression
    (32) expression -> . expression AND expression
    (33) expression -> . expression OR expression
    (35) expression -> . NOT expression
    (37) expression -> . SUB expression
    (38) expression -> . TRUE
    (39) expression -> . FALSE
    (43) expression -> . FLOAT
    (44) expression -> . FLOAT_NAN
    (45) expression -> . FLOAT_INF
    (3) object -> . object ATTR SYMBOL
    (4) object -> . object ATTR_SAFE SYMBOL
    (34) object -> . LPAREN expression RPAREN
    (36) object -> . SYMBOL
    (40) object -> . BYTES
    (41) object -> . DATETIME
    (42) object -> . TIMEDELTA
    (46) object -> . NULL
    (47) object -> . LBRACE ary_members RBRACE
    (48) object -> . LBRACE ary_members COMMA RBRACE
    (49) object -> . STRING
    (50) object -> . LBRACKET RBRACKET
    (51) object -> . LBRACKET ary_members RBRACKET
    (52) object -> . LBRACKET ary_members COMMA RBRACKET
    (53) object -> . LBRACKET expression FOR SYMBOL IN expression RBRACKET
    (54) object -> . LBRACKET expression FOR SYMBOL IN expression IF expression RBRACKET
    (57) object -> . LBRACE RBRACE
    (58) object -> . LBRACE map_members RBRACE
    (59) object -> . LBRACE map_members COMMA RBRACE
    (63) object -> . object LBRACKET expression RBRACKET
    (64) object -> . object LBRACKET COLON RBRACKET
    (65) object -> . object LBRACKET COLON expression RBRACKET
    (66) object -> . object LBRACKET expression COLON RBRACKET
    (67) object -> . object LBRACKET expression COLON expression RBRACKET
    (68) object -> . expression LPAREN RPAREN
    (69) object -> . expression LPAREN ary_members RPAREN

    NOT             shift and go to state 5
    SUB             shift and go to state 4
    TRUE            shift and go to state 6
    FALSE           shift and go to state 7
    FLOAT           shift and go to state 8
    FLOAT_NAN       shift and go to state 9
    FLOAT_INF       shift and go to state 10
    LPAREN          shift and go to state 12
    SYMBOL          shift and go to state 11
    BYTES           shift and go to state 13
    DATETIME        shift and go to state 14
    TIMEDELTA       shift and go to state 15
    NULL            shift and go to state 16
    LBRACE          shift and go to state 17
    STRING          shift and go to state 18
    LBRACKET        shift and go to state 19

    expression                     shift and go to state 83
    object                         shift and go to state 3

state 41

    (26) expression -> expression LT . expression
    (5) expression -> . object
    (6) expression -> . expression QMARK expression COLON expression
    (7) expression -> . expression COALESCE expression
    (8) expression -> . expression MOD expression
    (9) expression -> . expression MUL expression
    (10) expression -> . expression FDIV expression
    (11) expression -> . expression TDIV expression
    (12) expression -> . expression POW expression
    (13) expression -> . expression ADD expression
    (14) expression -> . expression SUB expression
    (15) expression -> . expression BWAND expression
    (16) expression -> . expression BWOR expression
    (17) expression -> . expression BWXOR expression
    (18) expression -> . expression BWLSH expression
    (19) expression -> . expression BWRSH expression
    (20) expression -> . expression IN expression
    (21) expression -> . expression NOT IN expression
    (22) expression -> . expression EQ expression
    (23) expression -> . expression NE expression
    (24) expression -> . expression GT expression
    (25) expression -> . expression GE expression
    (26) expression -> . expression LT expression
    (27) expression -> . expression LE expression
    (28) expression -> . expression EQ_FZM expression
    (29) expression -> . expression EQ_FZS expression
    (30) expression -> . expression NE_FZM expression
    (31) expression -> . expression NE_FZS expression
    (32) expression -> . expression AND expression
    (33) expression -> . expression OR expression
    (35) expression -> . NOT expression
    (37) expression -> . SUB expression
    (38) expression -> . TRUE
    (39) expression -> . FALSE
    (43) expression -> . FLOAT
    (44) expression -> . FLOAT_NAN
    (45) expression -> . FLOAT_INF
    (3) object -> . object ATTR SYMBOL
    (4) object -> . object ATTR_SAFE SYMBOL
    (34) object -> . LPAREN expression RPAREN
    (36) object -> . SYMBOL
    (40) object -> . BYTES
    (41) object -> . DATETIME
    (42) object -> . TIMEDELTA
    (46) object -> . NULL
    (47) object -> . LBRACE ary_members RBRACE
    (48) object -> . LBRACE ary_members COMMA RBRACE
    (49) object -> . STRING
    (50) object -> . LBRACKET RBRACKET
    (51) object -> . LBRACKET ary_members RBRACKET
    (52) object -> . LBRACKET ary_members COMMA RBRACKET
    (53) object -> . LBRACKET expression FOR SYMBOL IN expression RBRACKET
    (54) object -> . LBRACKET expression FOR SYMBOL IN expression IF expression RBRACKET
    (57) object -> . LBRACE RBRACE
    (58) object -> . LBRACE map_members RBRACE
    (59) object -> . LBRACE map_members COMMA RBRACE
    (63) object -> . object LBRACKET expression RBRACKET
    (64) object -> . object LBRACKET COLON RBRACKET
    (65) object -> . object LBRACKET COLON expression RBRACKET
    (66) object -> . object LBRACKET expression COLON RBRACKET
    (67) object -> . object LBRACKET expression COLON expression RBRACKET
    (68) object -> . expression LPAREN RPAREN
    (69) object -> . expression LPAREN ary_members RPAREN

    NOT             shift and go to state 5
    SUB             shift and go to state 4
    TRUE            shift and go to state 6
    FALSE           shift and go to state 7
    FLOAT           shift and go to state 8
    FLOAT_NAN       shift and go to state 9
    FLOAT_INF       shift and go to state 10
    LPAREN          shift and go to state 12
    SYMBOL          shift and go to state 11
    BYTES           shift and go to state 13
    DATETIME        shift and go to state 14
    TIMEDELTA       shift and go to state 15
    NULL            shift and go to state 16
    LBRACE          shift and go to state 17
    STRING          shift and go to state 18
    LBRACKET        shift and go to state 19

    expression                     shift and go to state 84
    object                         shift and go to state 3

state 42

    (27) expression -> expression LE . expression
    (5) expression -> . object
    (6) expression -> . expression QMARK expression COLON expression
    (7) expression -> . expression COALESCE expression
    (8) expression -> . expression MOD expression
    (9) expression -> . expression MUL expression
    (10) expression -> . expression FDIV expression
    (11) expression -> . expression TDIV expression
    (12) expression -> . expression POW expression
    (13) expression -> . expression ADD expression
    (14) expression -> . expression SUB expression
    (15) expression -> . expression BWAND expression
    (16) expression -> . expression BWOR expression
    (17) expression -> . expression BWXOR expression
    (18) expression -> . expression BWLSH expression
    (19) expression -> . expression BWRSH expression
    (20) expression -> . expression IN expression
    (21) expression -> . expression NOT IN expression
    (22) expression -> . expression EQ expression
    (23) expression -> . expression NE expression
    (24) expression -> . expression GT expression
    (25) expression -> . expression GE expression
    (26) expression -> . expression LT expression
    (27) expression -> . expression LE expression
    (28) expression -> . expression EQ_FZM expression
    (29) expression -> . expression EQ_FZS expression
    (30) expression -> . expression NE_FZM expression
    (31) expression -> . expression NE_FZS expression
    (32) expression -> . expression AND expression
    (33) expression -> . expression OR expression
    (35) expression -> . NOT expression
    (37) expression -> . SUB expression
    (38) expression -> . TRUE
    (39) expression -> . FALSE
    (43) expression -> . FLOAT
    (44) expression -> . FLOAT_NAN
    (45) expression -> . FLOAT_INF
    (3) object -> . object ATTR SYMBOL
    (4) object -> . object ATTR_SAFE SYMBOL
    (34) object -> . LPAREN expression RPAREN
    (36) object -> . SYMBOL
    (40) object -> . BYTES
    (41) object -> . DATETIME
    (42) object -> . TIMEDELTA
    (46) object -> . NULL
    (47) object -> . LBRACE ary_members RBRACE
    (48) object -> . LBRACE ary_members COMMA RBRACE
    (49) object -> . STRING
    (50) object -> . LBRACKET RBRACKET
    (51) object -> . LBRACKET ary_members RBRACKET
    (52) object -> . LBRACKET ary_members COMMA RBRACKET
    (53) object -> . LBRACKET expression FOR SYMBOL IN expression RBRACKET
    (54) object -> . LBRACKET expression FOR SYMBOL IN expression IF expression RBRACKET
    (57) object -> . LBRACE RBRACE
    (58) object -> . LBRACE map_members RBRACE
    (59) object -> . LBRACE map_members COMMA RBRACE
    (63) object -> . object LBRACKET expression RBRACKET
    (64) object -> . object LBRACKET COLON RBRACKET
    (65) object -> . object LBRACKET COLON expression RBRACKET
    (66) object -> . object LBRACKET expression COLON RBRACKET
    (67) object -> . object LBRACKET expression COLON expression RBRACKET
    (68) object -> . expression LPAREN RPAREN
    (69) object -> . expression LPAREN ary_members RPAREN

    NOT             shift and go to state 5
    SUB             shift and go to state 4
    TRUE            shift and go to state 6
    FALSE           shift and go to state 7
    FLOAT           shift and go to state 8
    FLOAT_NAN       shift and go to state 9
    FLOAT_INF       shift and go to state 10
    LPAREN          shift and go to state 12
    SYMBOL          shift and go to state 11
    BYTES           shift and go to state 13
    DATETIME        shift and go to state 14
    TIMEDELTA       shift and go to state 15
    NULL            shift and go to state 16
    LBRACE          shift and go to state 17
    STRING          shift and go to state 18
    LBRACKET        shift and go to state 19

    expression                     shift and go to state 85
    object                         shift and go to state 3

state 43

    (28) expression -> expression EQ_FZM . expression
    (5) expression -> . object
    (6) expression -> . expression QMARK expression COLON expression
    (7) expression -> . expression COALESCE expression
    (8) expression -> . expression MOD expression
    (9) expression -> . expression MUL expression
    (10) expression -> . expression FDIV expression
    (11) expression -> . expression TDIV expression
    (12) expression -> . expression POW expression
    (13) expression -> . expression ADD expression
    (14) expression -> . expression SUB expression
    (15) expression -> . expression BWAND expression
    (16) expression -> . expression BWOR expression
    (17) expression -> . expression BWXOR expression
    (18) expression -> . expression BWLSH expression
    (19) expression -> . expression BWRSH expression
    (20) expression -> . expression IN expression
    (21) expression -> . expression NOT IN expression
    (22) expression -> . expression EQ expression
    (23) expression -> . expression NE expression
    (24) expression -> . expression GT expression
    (25) expression -> . expression GE expression
    (26) expression -> . expression LT expression
    (27) expression -> . expression LE expression
    (28) expression -> . expression EQ_FZM expression
    (29) expression -> . expression EQ_FZS expression
    (30) expression -> . expression NE_FZM expression
    (31) expression -> . expression NE_FZS expression
    (32) expression -> . expression AND expression
    (33) expression -> . expression OR expression
    (35) expression -> . NOT expression
    (37) expression -> . SUB expression
    (38) expression -> . TRUE
    (39) expression -> . FALSE
    (43) expression -> . FLOAT
    (44) expression -> . FLOAT_NAN
    (45) expression -> . FLOAT_INF
    (3) object -> . object ATTR SYMBOL
    (4) object -> . object ATTR_SAFE SYMBOL
    (34) object -> . LPAREN expression RPAREN
    (36) object -> . SYMBOL
    (40) object -> . BYTES
    (41) object -> . DATETIME
    (42) object -> . TIMEDELTA
    (46) object -> . NULL
    (47) object -> . LBRACE ary_members RBRACE
    (48) object -> . LBRACE ary_members COMMA RBRACE
    (49) object -> . STRING
    (50) object -> . LBRACKET RBRACKET
    (51) object -> . LBRACKET ary_members RBRACKET
    (52) object -> . LBRACKET ary_members COMMA RBRACKET
    (53) object -> . LBRACKET expression FOR SYMBOL IN expression RBRACKET
    (54) object -> . LBRACKET expression FOR SYMBOL IN expression IF expression RBRACKET
    (57) object -> . LBRACE RBRACE
    (58) object -> . LBRACE map_members RBRACE
    (59) object -> . LBRACE map_members COMMA RBRACE
    (63) object -> . object LBRACKET expression RBRACKET
    (64) object -> . object LBRACKET COLON RBRACKET
    (65) object -> . object LBRACKET COLON expression RBRACKET
    (66) object -> . object LBRACKET expression COLON RBRACKET
    (67) object -> . object LBRACKET expression COLON expression RBRACKET
    (68) object -> . expression LPAREN RPAREN
    (69) object -> . expression LPAREN ary_members RPAREN

    NOT             shift and go to state 5
    SUB             shift and go to state 4
    TRUE            shift and go to state 6
    FALSE           shift and go to state 7
    FLOAT           shift and go to state 8
    FLOAT_NAN       shift and go to state 9
    FLOAT_INF       shift and go to state 10
    LPAREN          shift and go to state 12
    SYMBOL          shift and go to state 11
    BYTES           shift and go to state 13
    DATETIME        shift and go to state 14
    TIMEDELTA       shift and go to state 15
    NULL            shift and go to state 16
    LBRACE          shift and go to state 17
    STRING          shift and go to state 18
    LBRACKET        shift and go to state 19

    expression                     shift and go to state 86
    object                         shift and go to state 3

state 44

    (29) expression -> expression EQ_FZS . expression
    (5) expression -> . object
    (6) expression -> . expression QMARK expression COLON expression
    (7) expression -> . expression COALESCE expression
    (8) expression -> . expression MOD expression
    (9) expression -> . expression MUL expression
    (10) expression -> . expression FDIV expression
    (11) expression -> . expression TDIV expression
    (12) expression -> . expression POW expression
    (13) expression -> . expression ADD expression
    (14) expression -> . expression SUB expression
    (15) expression -> . expression BWAND expression
    (16) expression -> . expression BWOR expression
    (17) expression -> . expression BWXOR expression
    (18) expression -> . expression BWLSH expression
    (19) expression -> . expression BWRSH expression
    (20) expression -> . expression IN expression
    (21) expression -> . expression NOT IN expression
    (22) expression -> . expression EQ expression
    (23) expression -> . expression NE expression
    (24) expression -> . expression GT expression
    (25) expression -> . expression GE expression
    (26) expression -> . expression LT expression
    (27) expression -> . expression LE expression
    (28) expression -> . expression EQ_FZM expression
    (29) expression -> . expression EQ_FZS expression
    (30) expression -> . expression NE_FZM expression
    (31) expression -> . expression NE_FZS expression
    (32) expression -> . expression AND expression
    (33) expression -> . expression OR expression
    (35) expression -> . NOT expression
    (37) expression -> . SUB expression
    (38) expression -> . TRUE
    (39) expression -> . FALSE
    (43) expression -> . FLOAT
    (44) expression -> . FLOAT_NAN
    (45) expression -> . FLOAT_INF
    (3) object -> . object ATTR SYMBOL
    (4) object -> . object ATTR_SAFE SYMBOL
    (34) object -> . LPAREN expression RPAREN
    (36) object -> . SYMBOL
    (40) object -> . BYTES
    (41) object -> . DATETIME
    (42) object -> . TIMEDELTA
    (46) object -> . NULL
    (47) object -> . LBRACE ary_members RBRACE
    (48) object -> . LBRACE ary_members COMMA RBRACE
    (49) object -> . STRING
    (50) object -> . LBRACKET RBRACKET
    (51) object -> . LBRACKET ary_members RBRACKET
    (52) object -> . LBRACKET ary_members COMMA RBRACKET
    (53) object -> . LBRACKET expression FOR SYMBOL IN expression RBRACKET
    (54) object -> . LBRACKET expression FOR SYMBOL IN expression IF expression RBRACKET
    (57) object -> . LBRACE RBRACE
    (58) object -> . LBRACE map_members RBRACE
    (59) object -> . LBRACE map_members COMMA RBRACE
    (63) object -> . object LBRACKET expression RBRACKET
    (64) object -> . object LBRACKET COLON RBRACKET
    (65) object -> . object LBRACKET COLON expression RBRACKET
    (66) object -> . object LBRACKET expression COLON RBRACKET
    (67) object -> . object LBRACKET expression COLON expression RBRACKET
    (68) object -> . expression LPAREN RPAREN
    (69) object -> . expression LPAREN ary_members RPAREN

    NOT             shift and go to state 5
    SUB             shift and go to state 4
    TRUE            shift and go to state 6
    FALSE           shift and go to state 7
    FLOAT           shift and go to state 8
    FLOAT_NAN       shift and go to state 9
    FLOAT_INF       shift and go to state 10
    LPAREN          shift and go to state 12
    SYMBOL          shift and go to state 11
    BYTES           shift and go to state 13
    DATETIME        shift and go to state 14
    TIMEDELTA       shift and go to state 15
    NULL            shift and go to state 16
    LBRACE          shift and go to state 17
    STRING          shift and go to state 18
    LBRACKET        shift and go to state 19

    expression                     shift and go to state 87
    object                         shift and go to state 3

state 45

    (30) expression -> expression NE_FZM . expression
    (5) expression -> . object
    (6) expression -> . expression QMARK expression COLON expression
    (7) expression -> . expression COALESCE expression
    (8) expression -> . expression MOD expression
    (9) expression -> . expression MUL expression
    (10) expression -> . expression FDIV expression
    (11) expression -> . expression TDIV expression
    (12) expression -> . expression POW expression
    (13) expression -> . expression ADD expression
    (14) expression -> . expression SUB expression
    (15) expression -> . expression BWAND expression
    (16) expression -> . expression BWOR expression
    (17) expression -> . expression BWXOR expression
    (18) expression -> . expression BWLSH expression
    (19) expression -> . expression BWRSH expression
    (20) expression -> . expression IN expression
    (21) expression -> . expression NOT IN expression
    (22) expression -> . expression EQ expression
    (23) expression -> . expression NE expression
    (24) expression -> . expression GT expression
    (25) expression -> . expression GE expression
    (26) expression -> . expression LT expression
    (27) expression -> . expression LE expression
    (28) expression -> . expression EQ_FZM expression
    (29) expression -> . expression EQ_FZS expression
    (30) expression -> . expression NE_FZM expression
    (31) expression -> . expression NE_FZS expression
    (32) expression -> . expression AND expression
    (33) expression -> . expression OR expression
    (35) expression -> . NOT expression
    (37) expression -> . SUB expression
    (38) expression -> . TRUE
    (39) expression -> . FALSE
    (43) expression -> . FLOAT
    (44) expression -> . FLOAT_NAN
    (45) expression -> . FLOAT_INF
    (3) object -> . object ATTR SYMBOL
    (4) object -> . object ATTR_SAFE SYMBOL
    (34) object -> . LPAREN expression RPAREN
    (36) object -> . SYMBOL
    (40) object -> . BYTES
    (41) object -> . DATETIME
    (42) object -> . TIMEDELTA
    (46) object -> . NULL
    (47) object -> . LBRACE ary_members RBRACE
    (48) object -> . LBRACE ary_members COMMA RBRACE
    (49) object -> . STRING
    (50) object -> . LBRACKET RBRACKET
    (51) object -> . LBRACKET ary_members RBRACKET
    (52) object -> . LBRACKET ary_members COMMA RBRACKET
    (53) object -> . LBRACKET expression FOR SYMBOL IN expression RBRACKET
    (54) object -> . LBRACKET expression FOR SYMBOL IN expression IF expression RBRACKET
    (57) object -> . LBRACE RBRACE
    (58) object -> . LBRACE map_members RBRACE
    (59) object -> . LBRACE map_members COMMA RBRACE
    (63) object -> . object LBRACKET expression RBRACKET
    (64) object -> . object LBRACKET COLON RBRACKET
    (65) object -> . object LBRACKET COLON expression RBRACKET
    (66) object -> . object LBRACKET expression COLON RBRACKET
    (67) object -> . object LBRACKET expression COLON expression RBRACKET
    (68) object -> . expression LPAREN RPAREN
    (69) object -> . expression LPAREN ary_members RPAREN

    NOT             shift and go to state 5
    SUB             shift and go to state 4
    TRUE            shift and go to state 6
    FALSE           shift and go to state 7
    FLOAT           shift and go to state 8
    FLOAT_NAN       shift and go to state 9
    FLOAT_INF       shift and go to state 10
    LPAREN          shift and go to state 12
    SYMBOL          shift and go to state 11
    BYTES           shift and go to state 13
    DATETIME        shift and go to state 14
    TIMEDELTA       shift and go to state 15
    NULL            shift and go to state 16
    LBRACE          shift and go to state 17
    STRING          shift and go to state 18
    LBRACKET        shift and go to state 19

    expression                     shift and go to state 88
    object                         shift and go to state 3

state 46

    (31) expression -> expression NE_FZS . expression
    (5) expression -> . object
    (6) expression -> . expression QMARK expression COLON expression
    (7) expression -> . expression COALESCE expression
    (8) expression -> . expression MOD expression
    (9) expression -> . expression MUL expression
    (10) expression -> . expression FDIV expression
    (11) expression -> . expression TDIV expression
    (12) expression -> . expression POW expression
    (13) expression -> . expression ADD expression
    (14) expression -> . expression SUB expression
    (15) expression -> . expression BWAND expression
    (16) expression -> . expression BWOR expression
    (17) expression -> . expression BWXOR expression
    (18) expression -> . expression BWLSH expression
    (19) expression -> . expression BWRSH expression
    (20) expression -> . expression IN expression
    (21) expression -> . expression NOT IN expression
    (22) expression -> . expression EQ expression
    (23) expression -> . expression NE expression
    (24) expression -> . expression GT expression
    (25) expression -> . expression GE expression
    (26) expression -> . expression LT expression
    (27) expression -> . expression LE expression
    (28) expression -> . expression EQ_FZM expression
    (29) expression -> . expression EQ_FZS expression
    (30) expression -> . expression NE_FZM expression
    (31) expression -> . expression NE_FZS expression
    (32) expression -> . expression AND expression
    (33) expression -> . expression OR expression
    (35) expression -> . NOT expression
    (37) expression -> . SUB expression
    (38) expression -> . TRUE
    (39) expression -> . FALSE
    (43) expression -> . FLOAT
    (44) expression -> . FLOAT_NAN
    (45) expression -> . FLOAT_INF
    (3) object -> . object ATTR SYMBOL
    (4) object -> . object ATTR_SAFE SYMBOL
    (34) object -> . LPAREN expression RPAREN
    (36) object -> . SYMBOL
    (40) object -> . BYTES
    (41) object -> . DATETIME
    (42) object -> . TIMEDELTA
    (46) object -> . NULL
    (47) object -> . LBRACE ary_members RBRACE
    (48) object -> . LBRACE ary_members COMMA RBRACE
    (49) object -> . STRING
    (50) object -> . LBRACKET RBRACKET
    (51) object -> . LBRACKET ary_members RBRACKET
    (52) object -> . LBRACKET ary_members COMMA RBRACKET
    (53) object -> . LBRACKET expression FOR SYMBOL IN expression RBRACKET
    (54) object -> . LBRACKET expression FOR SYMBOL IN expression IF expression RBRACKET
    (57) object -> . LBRACE RBRACE
    (58) object -> . LBRACE map_members RBRACE
    (59) object -> . LBRACE map_members COMMA RBRACE
    (63) object -> . object LBRACKET expression RBRACKET
    (64) object -> . object LBRACKET COLON RBRACKET
    (65) object -> . object LBRACKET COLON expression RBRACKET
    (66) object -> . object LBRACKET expression COLON RBRACKET
    (67) object -> . object LBRACKET expression COLON expression RBRACKET
    (68) object -> . expression LPAREN RPAREN
    (69) object -> . expression LPAREN ary_members RPAREN

    NOT             shift and go to state 5
    SUB             shift and go to state 4
    TRUE            shift and go to state 6
    FALSE           shift and go to state 7
    FLOAT           shift and go to state 8
    FLOAT_NAN       shift and go to state 9
    FLOAT_INF       shift and go to state 10
    LPAREN          shift and go to state 12
    SYMBOL          shift and go to state 11
    BYTES           shift and go to state 13
    DATETIME        shift and go to state 14
    TIMEDELTA       shift and go to state 15
    NULL            shift and go to state 16
    LBRACE          shift and go to state 17
    STRING          shift and go to state 18
    LBRACKET        shift and go to state 19

    expression                     shift and go to state 89
    object                         shift and go to state 3

state 47

    (32) expression -> expression AND . expression
    (5) expression -> . object
    (6) expression -> . expression QMARK expression COLON expression
    (7) expression -> . expression COALESCE expression
    (8) expression -> . expression MOD expression
    (9) expression -> . expression MUL expression
    (10) expression -> . expression FDIV expression
    (11) expression -> . expression TDIV expression
    (12) expression -> . expression POW expression
    (13) expression -> . expression ADD expression
    (14) expression -> . expression SUB expression
    (15) expression -> . expression BWAND expression
    (16) expression -> . expression BWOR expression
    (17) expression -> . expression BWXOR expression
    (18) expression -> . expression BWLSH expression
    (19) expression -> . expression BWRSH expression
    (20) expression -> . expression IN expression
    (21) expression -> . expression NOT IN expression
    (22) expression -> . expression EQ expression
    (23) expression -> . expression NE expression
    (24) expression -> . expression GT expression
    (25) expression -> . expression GE expression
    (26) expression -> . expression LT expression
    (27) expression -> . expression LE expression
    (28) expression -> . expression EQ_FZM expression
    (29) expression -> . expression EQ_FZS expression
    (30) expression -> . expression NE_FZM expression
    (31) expression -> . expression NE_FZS expression
    (32) expression -> . expression AND expression
    (33) expression -> . expression OR expression
    (35) expression -> . NOT expression
    (37) expression -> . SUB expression
    (38) expression -> . TRUE
    (39) expression -> . FALSE
    (43) expression -> . FLOAT
    (44) expression -> . FLOAT_NAN
    (45) expression -> . FLOAT_INF
    (3) object -> . object ATTR SYMBOL
    (4) object -> . object ATTR_SAFE SYMBOL
    (34) object -> . LPAREN expression RPAREN
    (36) object -> . SYMBOL
    (40) object -> . BYTES
    (41) object -> . DATETIME
    (42) object -> . TIMEDELTA
    (46) object -> . NULL
    (47) object -> . LBRACE ary_members RBRACE
    (48) object -> . LBRACE ary_members COMMA RBRACE
    (49) object -> . STRING
    (50) object -> . LBRACKET RBRACKET
    (51) object -> . LBRACKET ary_members RBRACKET
    (52) object -> . LBRACKET ary_members COMMA RBRACKET
    (53) object -> . LBRACKET expression FOR SYMBOL IN expression RBRACKET
    (54) object -> . LBRACKET expression FOR SYMBOL IN expression IF expression RBRACKET
    (57) object -> . LBRACE RBRACE
    (58) object -> . LBRACE map_members RBRACE
    (59) object -> . LBRACE map_members COMMA RBRACE
    (63) object -> . object LBRACKET expression RBRACKET
    (64) object -> . object LBRACKET COLON RBRACKET
    (65) object -> . object LBRACKET COLON expression RBRACKET
    (66) object -> . object LBRACKET expression COLON RBRACKET
    (67) object -> . object LBRACKET expression COLON expression RBRACKET
    (68) object -> . expression LPAREN RPAREN
    (69) object -> . expression LPAREN ary_members RPAREN

    NOT             shift and go to state 5
    SUB             shift and go to state 4
    TRUE            shift and go to state 6
    FALSE           shift and go to state 7
    FLOAT           shift and go to state 8
    FLOAT_NAN       shift and go to state 9
    FLOAT_INF       shift and go to state 10
    LPAREN          shift and go to state 12
    SYMBOL          shift and go to state 11
    BYTES           shift and go to state 13
    DATETIME        shift and go to state 14
    TIMEDELTA       shift and go to state 15
    NULL            shift and go to state 16
    LBRACE          shift and go to state 17
    STRING          shift and go to state 18
    LBRACKET        shift and go to state 19

    expression                     shift and go to state 90
    object                         shift and go to state 3

state 48

    (33) expression -> expression OR . expression
    (5) expression -> . object
    (6) expression -> . expression QMARK expression COLON expression
    (7) expression -> . expression COALESCE expression
    (8) expression -> . expression MOD expression
    (9) expression -> . expression MUL expression
    (10) expression -> . expression FDIV expression
    (11) expression -> . expression TDIV expression
    (12) expression -> . expression POW expression
    (13) expression -> . expression ADD expression
    (14) expression -> . expression SUB expression
    (15) expression -> . expression BWAND expression
    (16) expression -> . expression BWOR expression
    (17) expression -> . expression BWXOR expression
    (18) expression -> . expression BWLSH expression
    (19) expression -> . expression BWRSH expression
    (20) expression -> . expression IN expression
    (21) expression -> . expression NOT IN expression
    (22) expression -> . expression EQ expression
    (23) expression -> . expression NE expression
    (24) expression -> . expression GT expression
    (25) expression -> . expression GE expression
    (26) expression -> . expression LT expression
    (27) expression -> . expression LE expression
    (28) expression -> . expression EQ_FZM expression
    (29) expression -> . expression EQ_FZS expression
    (30) expression -> . expression NE_FZM expression
    (31) expression -> . expression NE_FZS expression
    (32) expression -> . expression AND expression
    (33) expression -> . expression OR expression
    (35) expression -> . NOT expression
    (37) expression -> . SUB expression
    (38) expression -> . TRUE
    (39) expression -> . FALSE
    (43) expression -> . FLOAT
    (44) expression -> . FLOAT_NAN
    (45) expression -> . FLOAT_INF
    (3) object -> . object ATTR SYMBOL
    (4) object -> . object ATTR_SAFE SYMBOL
    (34) object -> . LPAREN expression RPAREN
    (36) object -> . SYMBOL
    (40) object -> . BYTES
    (41) object -> . DATETIME
    (42) object -> . TIMEDELTA
    (46) object -> . NULL
    (47) object -> . LBRACE ary_members RBRACE
    (48) object -> . LBRACE ary_members COMMA RBRACE
    (49) object -> . STRING
    (50) object -> . LBRACKET RBRACKET
    (51) object -> . LBRACKET ary_members RBRACKET
    (52) object -> . LBRACKET ary_members COMMA RBRACKET
    (53) object -> . LBRACKET expression FOR SYMBOL IN expression RBRACKET
    (54) object -> . LBRACKET expression FOR SYMBOL IN expression IF expression RBRACKET
    (57) object -> . LBRACE RBRACE
    (58) object -> . LBRACE map_members RBRACE
    (59) object -> . LBRACE map_members COMMA RBRACE
    (63) object -> . object LBRACKET expression RBRACKET
    (64) object -> . object LBRACKET COLON RBRACKET
    (65) object -> . object LBRACKET COLON expression RBRACKET
    (66) object -> . object LBRACKET expression COLON RBRACKET
    (67) object -> . object LBRACKET expression COLON expression RBRACKET
    (68) object -> . expression LPAREN RPAREN
    (69) object -> . expression LPAREN ary_members RPAREN

    NOT             shift and go to state 5
    SUB             shift and go to state 4
    TRUE            shift and go to state 6
    FALSE           shift and go to state 7
    FLOAT           shift and go to state 8
    FLOAT_NAN       shift and go to state 9
    FLOAT_INF       shift and go to state 10
    LPAREN          shift and go to state 12
    SYMBOL          shift and go to state 11
    BYTES           shift and go to state 13
    DATETIME        shift and go to state 14
    TIMEDELTA       shift and go to state 15
    NULL            shift and go to state 16
    LBRACE          shift and go to state 17
    STRING          shift and go to state 18
    LBRACKET        shift and go to state 19

    expression                     shift and go to state 91
    object                         shift and go to state 3

state 49

    (68) object -> expression LPAREN . RPAREN
    (69) object -> expression LPAREN . ary_members RPAREN
    (55) ary_members -> . expression
    (56) ary_members -> . ary_members COMMA expression
    (5) expression -> . object
    (6) expression -> . expression QMARK expression COLON expression
    (7) expression -> . expression COALESCE expression
    (8) expression -> . expression MOD expression
    (9) expression -> . expression MUL expression
    (10) expression -> . expression FDIV expression
    (11) expression -> . expression TDIV expression
    (12) expression -> . expression POW expression
    (13) expression -> . expression ADD expression
    (14) expression -> . expression SUB expression
    (15) expression -> . expression BWAND expression
    (16) expression -> . expression BWOR expression
    (17) expression -> . expression BWXOR expression
    (18) expression -> . expression BWLSH expression
    (19) expression -> . expression BWRSH expression
    (20) expression -> . expression IN expression
    (21) expression -> . expression NOT IN expression
    (22) expression -> . expression EQ expression
    (23) expression -> . expression NE expression
    (24) expression -> . expression GT expression
    (25) expression -> . expression GE expression
    (26) expression -> . expression LT expression
    (27) expression -> . expression LE expression
    (28) expression -> . expression EQ_FZM expression
    (29) expression -> . expression EQ_FZS expression
    (30) expression -> . expression NE_FZM expression
    (31) expression -> . expression NE_FZS expression
    (32) expression -> . expression AND expression
    (33) expression -> . expression OR expression
    (35) expression -> . NOT expression
    (37) expression -> . SUB expression
    (38) expression -> . TRUE
    (39) expression -> . FALSE
    (43) expression -> . FLOAT
    (44) expression -> . FLOAT_NAN
    (45) expression -> . FLOAT_INF
    (3) object -> . object ATTR SYMBOL
    (4) object -> . object ATTR_SAFE SYMBOL
    (34) object -> . LPAREN expression RPAREN
    (36) object -> . SYMBOL
    (40) object -> . BYTES
    (41) object -> . DATETIME
    (42) object -> . TIMEDELTA
    (46) object -> . NULL
    (47) object -> . LBRACE ary_members RBRACE
    (48) object -> . LBRACE ary_members COMMA RBRACE
    (49) object -> . STRING
    (50) object -> . LBRACKET RBRACKET
    (51) object -> . LBRACKET ary_members RBRACKET
    (52) object -> . LBRACKET ary_members COMMA RBRACKET
    (53) object -> . LBRACKET expression FOR SYMBOL IN expression RBRACKET
    (54) object -> . LBRACKET expression FOR SYMBOL IN expression IF expression RBRACKET
    (57) object -> . LBRACE RBRACE
    (58) object -> . LBRACE map_members RBRACE
    (59) object -> . LBRACE map_members COMMA RBRACE
    (63) object -> . object LBRACKET expression RBRACKET
    (64) object -> . object LBRACKET COLON RBRACKET
    (65) object -> . object LBRACKET COLON expression RBRACKET
    (66) object -> . object LBRACKET expression COLON RBRACKET
    (67) object -> . object LBRACKET expression COLON expression RBRACKET
    (68) object -> . expression LPAREN RPAREN
    (69) object -> . expression LPAREN ary_members RPAREN

    RPAREN          shift and go to state 93
    NOT             shift and go to state 5
    SUB             shift and go to state 4
    TRUE            shift and go to state 6
    FALSE           shift and go to state 7
    FLOAT           shift and go to state 8
    FLOAT_NAN       shift and go to state 9
    FLOAT_INF       shift and go to state 10
    LPAREN          shift and go to state 12
    SYMBOL          shift and go to state 11
    BYTES           shift and go to state 13
    DATETIME        shift and go to state 14
    TIMEDELTA       shift and go to state 15
    NULL            shift and go to state 16
    LBRACE          shift and go to state 17
    STRING          shift and go to state 18
    LBRACKET        shift and go to state 19

    expression                     shift and go to state 92
    ary_members                    shift and go to state 94
    object                         shift and go to state 3

state 50

    (3) object -> object ATTR . SYMBOL

    SYMBOL          shift and go to state 95


state 51

    (4) object -> object ATTR_SAFE . SYMBOL

    SYMBOL          shift and go to state 96


state 52

    (63) object -> object LBRACKET . expression RBRACKET
    (64) object -> object LBRACKET . COLON RBRACKET
    (65) object -> object LBRACKET . COLON expression RBRACKET
    (66) object -> object LBRACKET . expression COLON RBRACKET
    (67) object -> object LBRACKET . expression COLON expression RBRACKET
    (5) expression -> . object
    (6) expression -> . expression QMARK expression COLON expression
    (7) expression -> . expression COALESCE expression
    (8) expression -> . expression MOD expression
    (9) expression -> . expression MUL expression
    (10) expression -> . expression FDIV expression
    (11) expression -> . expression TDIV expression
    (12) expression -> . expression POW expression
    (13) expression -> . expression ADD expression
    (14) expression -> . expression SUB expression
    (15) expression -> . expression BWAND expression
    (16) expression -> . expression BWOR expression
    (17) expression -> . expression BWXOR expression
    (18) expression -> . expression BWLSH expression
    (19) expression -> . expression BWRSH expression
    (20) expression -> . expression IN expression
    (21) expression -> . expression NOT IN expression
    (22) expression -> . expression EQ expression
    (23) expression -> . expression NE expression
    (24) expression -> . expression GT expression
    (25) expression -> . expression GE expression
    (26) expression -> . expression LT expression
    (27) expression -> . expression LE expression
    (28) expression -> . expression EQ_FZM expression
    (29) expression -> . expression EQ_FZS expression
    (30) expression -> . expression NE_FZM expression
    (31) expression -> . expression NE_FZS expression
    (32) expression -> . expression AND expression
    (33) expression -> . expression OR expression
    (35) expression -> . NOT expression
    (37) expression -> . SUB expression
    (38) expression -> . TRUE
    (39) expression -> . FALSE
    (43) expression -> . FLOAT
    (44) expression -> . FLOAT_NAN
    (45) expression -> . FLOAT_INF
    (3) object -> . object ATTR SYMBOL
    (4) object -> . object ATTR_SAFE SYMBOL
    (34) object -> . LPAREN expression RPAREN
    (36) object -> . SYMBOL
    (40) object -> . BYTES
    (41) object -> . DATETIME
    (42) object -> . TIMEDELTA
    (46) object -> . NULL
    (47) object -> . LBRACE ary_members RBRACE
    (48) object -> . LBRACE ary_members COMMA RBRACE
    (49) object -> . STRING
    (50) object -> . LBRACKET RBRACKET
    (51) object -> . LBRACKET ary_members RBRACKET
    (52) object -> . LBRACKET ary_members COMMA RBRACKET
    (53) object -> . LBRACKET expression FOR SYMBOL IN expression RBRACKET
    (54) object -> . LBRACKET expression FOR SYMBOL IN expression IF expression RBRACKET
    (57) object -> . LBRACE RBRACE
    (58) object -> . LBRACE map_members RBRACE
    (59) object -> . LBRACE map_members COMMA RBRACE
    (63) object -> . object LBRACKET expression RBRACKET
    (64) object -> . object LBRACKET COLON RBRACKET
    (65) object -> . object LBRACKET COLON expression RBRACKET
    (66) object -> . object LBRACKET expression COLON RBRACKET
    (67) object -> . object LBRACKET expression COLON expression RBRACKET
    (68) object -> . expression LPAREN RPAREN
    (69) object -> . expression LPAREN ary_members RPAREN

    COLON           shift and go to state 98
    NOT             shift and go to state 5
    SUB             shift and go to state 4
    TRUE            shift and go to state 6
    FALSE           shift and go to state 7
    FLOAT           shift and go to state 8
    FLOAT_NAN       shift and go to state 9
    FLOAT_INF       shift and go to state 10
    LPAREN          shift and go to state 12
    SYMBOL          shift and go to state 11
    BYTES           shift and go to state 13
    DATETIME        shift and go to state 14
    TIMEDELTA       shift and go to state 15
    NULL            shift and go to state 16
    LBRACE          shift and go to state 17
    STRING          shift and go to state 18
    LBRACKET        shift and go to state 19

    object                         shift and go to state 3
    expression                     shift and go to state 97

state 53

    (37) expression -> SUB expression .
    (6) expression -> expression . QMARK expression COLON expression
    (7) expression -> expression . COALESCE expression
    (8) expression -> expression . MOD expression
    (9) expression -> expression . MUL expression
    (10) expression -> expression . FDIV expression
    (11) expression -> expression . TDIV expression
    (12) expression -> expression . POW expression
    (13) expression -> expression . ADD expression
    (14) expression -> expression . SUB expression
    (15) expression -> expression . BWAND expression
    (16) expression -> expression . BWOR expression
    (17) expression -> expression . BWXOR expression
    (18) expression -> expression . BWLSH expression
    (19) expression -> expression . BWRSH expression
    (20) expression -> expression . IN expression
    (21) expression -> expression . NOT IN expression
    (22) expression -> expression . EQ expression
    (23) expression -> expression . NE expression
    (24) expression -> expression . GT expression
    (25) expression -> expression . GE expression
    (26) expression -> expression . LT expression
    (27) expression -> expression . LE expression
    (28) expression -> expression . EQ_FZM expression
    (29) expression -> expression . EQ_FZS expression
    (30) expression -> expression . NE_FZM expression
    (31) expression -> expression . NE_FZS expression
    (32) expression -> expression . AND expression
    (33) expression -> expression . OR expression
    (68) object -> expression . LPAREN RPAREN
    (69) object -> expression . LPAREN ary_members RPAREN

    COMMENT         reduce using rule 37 (expression -> SUB expression .)
    QMARK           reduce using rule 37 (expression -> SUB expression .)
    COALESCE        reduce using rule 37 (expression -> SUB expression .)
    MOD             reduce using rule 37 (expression -> SUB expression .)
    MUL             reduce using rule 37 (expression -> SUB expression .)
    FDIV            reduce using rule 37 (expression -> SUB expression .)
    TDIV            reduce using rule 37 (expression -> SUB expression .)
    ADD             reduce using rule 37 (expression -> SUB expression .)
    SUB             reduce using rule 37 (expression -> SUB expression .)
    BWAND           reduce using rule 37 (expression -> SUB expression .)
    BWOR            reduce using rule 37 (expression -> SUB expression .)
    BWXOR           reduce using rule 37 (expression -> SUB expression .)
    BWLSH           reduce using rule 37 (expression -> SUB expression .)
    BWRSH           reduce using rule 37 (expression -> SUB expression .)
    IN              reduce using rule 37 (expression -> SUB expression .)
    NOT             reduce using rule 37 (expression -> SUB expression .)
    EQ              reduce using rule 37 (expression -> SUB expression .)
    NE              reduce using rule 37 (expression -> SUB expression .)
    GT              reduce using rule 37 (expression -> SUB expression .)
    GE              reduce using rule 37 (expression -> SUB expression .)
    LT              reduce using rule 37 (expression -> SUB expression .)
    LE              reduce using rule 37 (expression -> SUB expression .)
    EQ_FZM          reduce using rule 37 (expression -> SUB expression .)
    EQ_FZS          reduce using rule 37 (expression -> SUB expression .)
    NE_FZM          reduce using rule 37 (expression -> SUB expression .)
    NE_FZS          reduce using rule 37 (expression -> SUB expression .)
    AND             reduce using rule 37 (expression -> SUB expression .)
    OR              reduce using rule 37 (expression -> SUB expression .)
    $end            reduce using rule 37 (expression -> SUB expression .)
    RPAREN          reduce using rule 37 (expression -> SUB expression .)
    COLON           reduce using rule 37 (expression -> SUB expression .)
    RBRACE          reduce using rule 37 (expression -> SUB expression .)
    COMMA           reduce using rule 37 (expression -> SUB expression .)
    FOR             reduce using rule 37 (expression -> SUB expression .)
    RBRACKET        reduce using rule 37 (expression -> SUB expression .)
    IF              reduce using rule 37 (expression -> SUB expression .)
    POW             shift and go to state 27
    LPAREN          shift and go to state 49

  ! POW             [ reduce using rule 37 (expression -> SUB expression .) ]
  ! LPAREN          [ reduce using rule 37 (expression -> SUB expression .) ]
  ! QMARK           [ shift and go to state 21 ]
  ! COALESCE        [ shift and go to state 22 ]
  ! MOD             [ shift and go to state 23 ]
  ! MUL             [ shift and go to state 24 ]
  ! FDIV            [ shift and go to state 25 ]
  ! TDIV            [ shift and go to state 26 ]
  ! ADD             [ shift and go to state 28 ]
  ! SUB             [ shift and go to state 29 ]
  ! BWAND           [ shift and go to state 30 ]
  ! BWOR            [ shift and go to state 31 ]
  ! BWXOR           [ shift and go to state 32 ]
  ! BWLSH           [ shift and go to state 33 ]
  ! BWRSH           [ shift and go to state 34 ]
  ! IN              [ shift and go to state 35 ]
  ! NOT             [ shift and go to state 36 ]
  ! EQ              [ shift and go to state 37 ]
  ! NE              [ shift and go to state 38 ]
  ! GT              [ shift and go to state 39 ]
  ! GE              [ shift and go to state 40 ]
  ! LT              [ shift and go to state 41 ]
  ! LE              [ shift and go to state 42 ]
  ! EQ_FZM          [ shift and go to state 43 ]
  ! EQ_FZS          [ shift and go to state 44 ]
  ! NE_FZM          [ shift and go to state 45 ]
  ! NE_FZS          [ shift and go to state 46 ]
  ! AND             [ shift and go to state 47 ]
  ! OR              [ shift and go to state 48 ]


state 54

    (35) expression -> NOT expression .
    (6) expression -> expression . QMARK expression COLON expression
    (7) expression -> expression . COALESCE expression
    (8) expression -> expression . MOD expression
    (9) expression -> expression . MUL expression
    (10) expression -> expression . FDIV expression
    (11) expression -> expression . TDIV expression
    (12) expression -> expression . POW expression
    (13) expression -> expression . ADD expression
    (14) expression -> expression . SUB expression
    (15) expression -> expression . BWAND expression
    (16) expression -> expression . BWOR expression
    (17) expression -> expression . BWXOR expression
    (18) expression -> expression . BWLSH expression
    (19) expression -> expression . BWRSH expression
    (20) expression -> expression . IN expression
    (21) expression -> expression . NOT IN expression
    (22) expression -> expression . EQ expression
    (23) expression -> expression . NE expression
    (24) expression -> expression . GT expression
    (25) expression -> expression . GE expression
    (26) expression -> expression . LT expression
    (27) expression -> expression . LE expression
    (28) expression -> expression . EQ_FZM expression
    (29) expression -> expression . EQ_FZS expression
    (30) expression -> expression . NE_FZM expression
    (31) expression -> expression . NE_FZS expression
    (32) expression -> expression . AND expression
    (33) expression -> expression . OR expression
    (68) object -> expression . LPAREN RPAREN
    (69) object -> expression . LPAREN ary_members RPAREN

    COMMENT         reduce using rule 35 (expression -> NOT expression .)
    QMARK           reduce using rule 35 (expression -> NOT expression .)
    AND             reduce using rule 35 (expression -> NOT expression .)
    OR              reduce using rule 35 (expression -> NOT expression .)
    $end            reduce using rule 35 (expression -> NOT expression .)
    RPAREN          reduce using rule 35 (expression -> NOT expression .)
    COLON           reduce using rule 35 (expression -> NOT expression .)
    RBRACE          reduce using rule 35 (expression -> NOT expression .)
    COMMA           reduce using rule 35 (expression -> NOT expression .)
    FOR             reduce using rule 35 (expression -> NOT expression .)
    RBRACKET        reduce using rule 35 (expression -> NOT expression .)
    IF              reduce using rule 35 (expression -> NOT expression .)
    COALESCE        shift and go to state 22
    MOD             shift and go to state 23
    MUL             shift and go to state 24
    FDIV            shift and go to state 25
    TDIV            shift and go to state 26
    POW             shift and go to state 27
    ADD             shift and go to state 28
    SUB             shift and go to state 29
    BWAND           shift and go to state 30
    BWOR            shift and go to state 31
    BWXOR           shift and go to state 32
    BWLSH           shift and go to state 33
    BWRSH           shift and go to state 34
    IN              shift and go to state 35
    NOT             shift and go to state 36
    EQ              shift and go to state 37
    NE              shift and go to state 38
    GT              shift and go to state 39
    GE              shift and go to state 40
    LT              shift and go to state 41
    LE              shift and go to state 42
    EQ_FZM          shift and go to state 43
    EQ_FZS          shift and go to state 44
    NE_FZM          shift and go to state 45
    NE_FZS          shift and go to state 46
    LPAREN          shift and go to state 49

  ! COALESCE        [ reduce using rule 35 (expression -> NOT expression .) ]
  ! MOD             [ reduce using rule 35 (expression -> NOT expression .) ]
  ! MUL             [ reduce using rule 35 (expression -> NOT expression .) ]
  ! FDIV            [ reduce using rule 35 (expression -> NOT expression .) ]
  ! TDIV            [ reduce using rule 35 (expression -> NOT expression .) ]
  ! POW             [ reduce using rule 35 (expression -> NOT expression .) ]
  ! ADD             [ reduce using rule 35 (expression -> NOT expression .) ]
  ! SUB             [ reduce using rule 35 (expression -> NOT expression .) ]
  ! BWAND           [ reduce using rule 35 (expression -> NOT expression .) ]
  ! BWOR            [ reduce using rule 35 (expression -> NOT expression .) ]
  ! BWXOR           [ reduce using rule 35 (expression -> NOT expression .) ]
  ! BWLSH           [ reduce using rule 35 (expression -> NOT expression .) ]
  ! BWRSH           [ reduce using rule 35 (expression -> NOT expression .) ]
  ! IN              [ reduce using rule 35 (expression -> NOT expression .) ]
  ! NOT             [ reduce using rule 35 (expression -> NOT expression .) ]
  ! EQ              [ reduce using rule 35 (expression -> NOT expression .) ]
  ! NE              [ reduce using rule 35 (expression -> NOT expression .) ]
  ! GT              [ reduce using rule 35 (expression -> NOT expression .) ]
  ! GE              [ reduce using rule 35 (expression -> NOT expression .) ]
  ! LT              [ reduce using rule 35 (expression -> NOT expression .) ]
  ! LE              [ reduce using rule 35 (expression -> NOT expression .) ]
  ! EQ_FZM          [ reduce using rule 35 (expression -> NOT expression .) ]
  ! EQ_FZS          [ reduce using rule 35 (expression -> NOT expression .) ]
  ! NE_FZM          [ reduce using rule 35 (expression -> NOT expression .) ]
  ! NE_FZS          [ reduce using rule 35 (expression -> NOT expression .) ]
  ! LPAREN          [ reduce using rule 35 (expression -> NOT expression .) ]
  ! QMARK           [ shift and go to state 21 ]
  ! AND             [ shift and go to state 47 ]
  ! OR              [ shift and go to state 48 ]


state 55

    (34) object -> LPAREN expression . RPAREN
    (6) expression -> expression . QMARK expression COLON expression
    (7) expression -> expression . COALESCE expression
    (8) expression -> expression . MOD expression
    (9) expression -> expression . MUL expression
    (10) expression -> expression . FDIV expression
    (11) expression -> expression . TDIV expression
    (12) expression -> expression . POW expression
    (13) expression -> expression . ADD expression
    (14) expression -> expression . SUB expression
    (15) expression -> expression . BWAND expression
    (16) expression -> expression . BWOR expression
    (17) expression -> expression . BWXOR expression
    (18) expression -> expression . BWLSH expression
    (19) expression -> expression . BWRSH expression
    (20) expression -> expression . IN expression
    (21) expression -> expression . NOT IN expression
    (22) expression -> expression . EQ expression
    (23) expression -> expression . NE expression
    (24) expression -> expression . GT expression
    (25) expression -> expression . GE expression
    (26) expression -> expression . LT expression
    (27) expression -> expression . LE expression
    (28) expression -> expression . EQ_FZM expression
    (29) expression -> expression . EQ_FZS expression
    (30) expression -> expression . NE_FZM expression
    (31) expression -> expression . NE_FZS expression
    (32) expression -> expression . AND expression
    (33) expression -> expression . OR expression
    (68) object -> expression . LPAREN RPAREN
    (69) object -> expression . LPAREN ary_members RPAREN

    RPAREN          shift and go to state 99
    QMARK           shift and go to state 21
    COALESCE        shift and go to state 22
    MOD             shift and go to state 23
    MUL             shift and go to state 24
    FDIV            shift and go to state 25
    TDIV            shift and go to state 26
    POW             shift and go to state 27
    ADD             shift and go to state 28
    SUB             shift and go to state 29
    BWAND           shift and go to state 30
    BWOR            shift and go to state 31
    BWXOR           shift and go to state 32
    BWLSH           shift and go to state 33
    BWRSH           shift and go to state 34
    IN              shift and go to state 35
    NOT             shift and go to state 36
    EQ              shift and go to state 37
    NE              shift and go to state 38
    GT              shift and go to state 39
    GE              shift and go to state 40
    LT              shift and go to state 41
    LE              shift and go to state 42
    EQ_FZM          shift and go to state 43
    EQ_FZS          shift and go to state 44
    NE_FZM          shift and go to state 45
    NE_FZS          shift and go to state 46
    AND             shift and go to state 47
    OR              shift and go to state 48
    LPAREN          shift and go to state 49


state 56

    (47) object -> LBRACE ary_members . RBRACE
    (48) object -> LBRACE ary_members . COMMA RBRACE
    (56) ary_members -> ary_members . COMMA expression

    RBRACE          shift and go to state 100
    COMMA           shift and go to state 101


state 57

    (57) object -> LBRACE RBRACE .

    ATTR            reduce using rule 57 (object -> LBRACE RBRACE .)
    ATTR_SAFE       reduce using rule 57 (object -> LBRACE RBRACE .)
    LBRACKET        reduce using rule 57 (object -> LBRACE RBRACE .)
    COMMENT         reduce using rule 57 (object -> LBRACE RBRACE .)
    QMARK           reduce using rule 57 (object -> LBRACE RBRACE .)
    COALESCE        reduce using rule 57 (object -> LBRACE RBRACE .)
    MOD             reduce using rule 57 (object -> LBRACE RBRACE .)
    MUL             reduce using rule 57 (object -> LBRACE RBRACE .)
    FDIV            reduce using rule 57 (object -> LBRACE RBRACE .)
    TDIV            reduce using rule 57 (object -> LBRACE RBRACE .)
    POW             reduce using rule 57 (object -> LBRACE RBRACE .)
    ADD             reduce using rule 57 (object -> LBRACE RBRACE .)
    SUB             reduce using rule 57 (object -> LBRACE RBRACE .)
    BWAND           reduce using rule 57 (object -> LBRACE RBRACE .)
    BWOR            reduce using rule 57 (object -> LBRACE RBRACE .)
    BWXOR           reduce using rule 57 (object -> LBRACE RBRACE .)
    BWLSH           reduce using rule 57 (object -> LBRACE RBRACE .)
    BWRSH           reduce using rule 57 (object -> LBRACE RBRACE .)
    IN              reduce using rule 57 (object -> LBRACE RBRACE .)
    NOT             reduce using rule 57 (object -> LBRACE RBRACE .)
    EQ              reduce using rule 57 (object -> LBRACE RBRACE .)
    NE              reduce using rule 57 (object -> LBRACE RBRACE .)
    GT              reduce using rule 57 (object -> LBRACE RBRACE .)
    GE              reduce using rule 57 (object -> LBRACE RBRACE .)
    LT              reduce using rule 57 (object -> LBRACE RBRACE .)
    LE              reduce using rule 57 (object -> LBRACE RBRACE .)
    EQ_FZM          reduce using rule 57 (object -> LBRACE RBRACE .)
    EQ_FZS          reduce using rule 57 (object -> LBRACE RBRACE .)
    NE_FZM          reduce using rule 57 (object -> LBRACE RBRACE .)
    NE_FZS          reduce using rule 57 (object -> LBRACE RBRACE .)
    AND             reduce using rule 57 (object -> LBRACE RBRACE .)
    OR              reduce using rule 57 (object -> LBRACE RBRACE .)
    LPAREN          reduce using rule 57 (object -> LBRACE RBRACE .)
    $end            reduce using rule 57 (object -> LBRACE RBRACE .)
    RPAREN          reduce using rule 57 (object -> LBRACE RBRACE .)
    COLON           reduce using rule 57 (object -> LBRACE RBRACE .)
    RBRACE          reduce using rule 57 (object -> LBRACE RBRACE .)
    COMMA           reduce using rule 57 (object -> LBRACE RBRACE .)
    FOR             reduce using rule 57 (object -> LBRACE RBRACE .)
    RBRACKET        reduce using rule 57 (object -> LBRACE RBRACE .)
    IF              reduce using rule 57 (object -> LBRACE RBRACE .)


state 58

    (58) object -> LBRACE map_members . RBRACE
    (59) object -> LBRACE map_members . COMMA RBRACE
    (62) map_members -> map_members . COMMA map_member

    RBRACE          shift and go to state 102
    COMMA           shift and go to state 103


state 59

    (55) ary_members -> expression .
    (6) expression -> expression . QMARK expression COLON expression
    (7) expression -> expression . COALESCE expression
    (8) expression -> expression . MOD expression
    (9) expression -> expression . MUL expression
    (10) expression -> expression . FDIV expression
    (11) expression -> expression . TDIV expression
    (12) expression -> expression . POW expression
    (13) expression -> expression . ADD expression
    (14) expression -> expression . SUB expression
    (15) expression -> expression . BWAND expression
    (16) expression -> expression . BWOR expression
    (17) expression -> expression . BWXOR expression
    (18) expression -> expression . BWLSH expression
    (19) expression -> expression . BWRSH expression
    (20) expression -> expression . IN expression
    (21) expression -> expression . NOT IN expression
    (22) expression -> expression . EQ expression
    (23) expression -> expression . NE expression
    (24) expression -> expression . GT expression
    (25) expression -> expression . GE expression
    (26) expression -> expression . LT expression
    (27) expression -> expression . LE expression
    (28) expression -> expression . EQ_FZM expression
    (29) expression -> expression . EQ_FZS expression
    (30) expression -> expression . NE_FZM expression
    (31) expression -> expression . NE_FZS expression
    (32) expression -> expression . AND expression
    (33) expression -> expression . OR expression
    (60) map_member -> expression . COLON expression
    (68) object -> expression . LPAREN RPAREN
    (69) object -> expression . LPAREN ary_members RPAREN

    RBRACE          reduce using rule 55 (ary_members -> expression .)
    COMMA           reduce using rule 55 (ary_members -> expression .)
    QMARK           shift and go to state 21
    COALESCE        shift and go to state 22
    MOD             shift and go to state 23
    MUL             shift and go to state 24
    FDIV            shift and go to state 25
    TDIV            shift and go to state 26
    POW             shift and go to state 27
    ADD             shift and go to state 28
    SUB             shift and go to state 29
    BWAND           shift and go to state 30
    BWOR            shift and go to state 31
    BWXOR           shift and go to state 32
    BWLSH           shift and go to state 33
    BWRSH           shift and go to state 34
    IN              shift and go to state 35
    NOT             shift and go to state 36
    EQ              shift and go to state 37
    NE              shift and go to state 38
    GT              shift and go to state 39
    GE              shift and go to state 40
    LT              shift and go to state 41
    LE              shift and go to state 42
    EQ_FZM          shift and go to state 43
    EQ_FZS          shift and go to state 44
    NE_FZM          shift and go to state 45
    NE_FZS          shift and go to state 46
    AND             shift and go to state 47
    OR              shift and go to state 48
    COLON           shift and go to state 104
    LPAREN          shift and go to state 49


state 60

    (61) map_members -> map_member .

    RBRACE          reduce using rule 61 (map_members -> map_member .)
    COMMA           reduce using rule 61 (map_members -> map_member .)


state 61

    (50) object -> LBRACKET RBRACKET .

    ATTR            reduce using rule 50 (object -> LBRACKET RBRACKET .)
    ATTR_SAFE       reduce using rule 50 (object -> LBRACKET RBRACKET .)
    LBRACKET        reduce using rule 50 (object -> LBRACKET RBRACKET .)
    COMMENT         reduce using rule 50 (object -> LBRACKET RBRACKET .)
    QMARK           reduce using rule 50 (object -> LBRACKET RBRACKET .)
    COALESCE        reduce using rule 50 (object -> LBRACKET RBRACKET .)
    MOD             reduce using rule 50 (object -> LBRACKET RBRACKET .)
    MUL             reduce using rule 50 (object -> LBRACKET RBRACKET .)
    FDIV            reduce using rule 50 (object -> LBRACKET RBRACKET .)
    TDIV            reduce using rule 50 (object -> LBRACKET RBRACKET .)
    POW             reduce using rule 50 (object -> LBRACKET RBRACKET .)
    ADD             reduce using rule 50 (object -> LBRACKET RBRACKET .)
    SUB             reduce using rule 50 (object -> LBRACKET RBRACKET .)
    BWAND           reduce using rule 50 (object -> LBRACKET RBRACKET .)
    BWOR            reduce using rule 50 (object -> LBRACKET RBRACKET .)
    BWXOR           reduce using rule 50 (object -> LBRACKET RBRACKET .)
    BWLSH           reduce using rule 50 (object -> LBRACKET RBRACKET .)
    BWRSH           reduce using rule 50 (object -> LBRACKET RBRACKET .)
    IN              reduce using rule 50 (object -> LBRACKET RBRACKET .)
    NOT             reduce using rule 50 (object -> LBRACKET RBRACKET .)
    EQ              reduce using rule 50 (object -> LBRACKET RBRACKET .)
    NE              reduce using rule 50 (object -> LBRACKET RBRACKET .)
    GT              reduce using rule 50 (object -> LBRACKET RBRACKET .)
    GE              reduce using rule 50 (object -> LBRACKET RBRACKET .)
    LT              reduce using rule 50 (object -> LBRACKET RBRACKET .)
    LE              reduce using rule 50 (object -> LBRACKET RBRACKET .)
    EQ_FZM          reduce using rule 50 (object -> LBRACKET RBRACKET .)
    EQ_FZS          reduce using rule 50 (object -> LBRACKET RBRACKET .)
    NE_FZM          reduce using rule 50 (object -> LBRACKET RBRACKET .)
    NE_FZS          reduce using rule 50 (object -> LBRACKET RBRACKET .)
    AND             reduce using rule 50 (object -> LBRACKET RBRACKET .)
    OR              reduce using rule 50 (object -> LBRACKET RBRACKET .)
    LPAREN          reduce using rule 50 (object -> LBRACKET RBRACKET .)
    $end            reduce using rule 50 (object -> LBRACKET RBRACKET .)
    RPAREN          reduce using rule 50 (object -> LBRACKET RBRACKET .)
    COLON           reduce using rule 50 (object -> LBRACKET RBRACKET .)
    RBRACE          reduce using rule 50 (object -> LBRACKET RBRACKET .)
    COMMA           reduce using rule 50 (object -> LBRACKET RBRACKET .)
    FOR             reduce using rule 50 (object -> LBRACKET RBRACKET .)
    RBRACKET        reduce using rule 50 (object -> LBRACKET RBRACKET .)
    IF              reduce using rule 50 (object -> LBRACKET RBRACKET .)


state 62

    (51) object -> LBRACKET ary_members . RBRACKET
    (52) object -> LBRACKET ary_members . COMMA RBRACKET
    (56) ary_members -> ary_members . COMMA expression

    RBRACKET        shift and go to state 105
    COMMA           shift and go to state 106


state 63

    (53) object -> LBRACKET expression . FOR SYMBOL IN expression RBRACKET
    (54) object -> LBRACKET expression . FOR SYMBOL IN expression IF expression RBRACKET
    (55) ary_members -> expression .
    (6) expression -> expression . QMARK expression COLON expression
    (7) expression -> expression . COALESCE expression
    (8) expression -> expression . MOD expression
    (9) expression -> expression . MUL expression
    (10) expression -> expression . FDIV expression
    (11) expression -> expression . TDIV expression
    (12) expression -> expression . POW expression
    (13) expression -> expression . ADD expression
    (14) expression -> expression . SUB expression
    (15) expression -> expression . BWAND expression
    (16) expression -> expression . BWOR expression
    (17) expression -> expression . BWXOR expression
    (18) expression -> expression . BWLSH expression
    (19) expression -> expression . BWRSH expression
    (20) expression -> expression . IN expression
    (21) expression -> expression . NOT IN expression
    (22) expression -> expression . EQ expression
    (23) expression -> expression . NE expression
    (24) expression -> expression . GT expression
    (25) expression -> expression . GE expression
    (26) expression -> expression . LT expression
    (27) expression -> expression . LE expression
    (28) expression -> expression . EQ_FZM expression
    (29) expression -> expression . EQ_FZS expression
    (30) expression -> expression . NE_FZM expression
    (31) expression -> expression . NE_FZS expression
    (32) expression -> expression . AND expression
    (33) expression -> expression . OR expression
    (68) object -> expression . LPAREN RPAREN
    (69) object -> expression . LPAREN ary_members RPAREN

    FOR             shift and go to state 107
    RBRACKET        reduce using rule 55 (ary_members -> expression .)
    COMMA           reduce using rule 55 (ary_members -> expression .)
    QMARK           shift and go to state 21
    COALESCE        shift and go to state 22
    MOD             shift and go to state 23
    MUL             shift and go to state 24
    FDIV            shift and go to state 25
    TDIV            shift and go to state 26
    POW             shift and go to state 27
    ADD             shift and go to state 28
    SUB             shift and go to state 29
    BWAND           shift and go to state 30
    BWOR            shift and go to state 31
    BWXOR           shift and go to state 32
    BWLSH           shift and go to state 33
    BWRSH           shift and go to state 34
    IN              shift and go to state 35
    NOT             shift and go to state 36
    EQ              shift and go to state 37
    NE              shift and go to state 38
    GT              shift and go to state 39
    GE              shift and go to state 40
    LT              shift and go to state 41
    LE              shift and go to state 42
    EQ_FZM          shift and go to state 43
    EQ_FZS          shift and go to state 44
    NE_FZM          shift and go to state 45
    NE_FZS          shift and go to state 46
    AND             shift and go to state 47
    OR              shift and go to state 48
    LPAREN          shift and go to state 49


state 64

    (6) expression -> expression QMARK expression . COLON expression
    (6) expression -> expression . QMARK expression COLON expression
    (7) expression -> expression . COALESCE expression
    (8) expression -> expression . MOD expression
    (9) expression -> expression . MUL expression
    (10) expression -> expression . FDIV expression
    (11) expression -> expression . TDIV expression
    (12) expression -> expression . POW expression
    (13) expression -> expression . ADD expression
    (14) expression -> expression . SUB expression
    (15) expression -> expression . BWAND expression
    (16) expression -> expression . BWOR expression
    (17) expression -> expression . BWXOR expression
    (18) expression -> expression . BWLSH expression
    (19) expression -> expression . BWRSH expression
    (20) expression -> expression . IN expression
    (21) expression -> expression . NOT IN expression
    (22) expression -> expression . EQ expression
    (23) expression -> expression . NE expression
    (24) expression -> expression . GT expression
    (25) expression -> expression . GE expression
    (26) expression -> expression . LT expression
    (27) expression -> expression . LE expression
    (28) expression -> expression . EQ_FZM expression
    (29) expression -> expression . EQ_FZS expression
    (30) expression -> expression . NE_FZM expression
    (31) expression -> expression . NE_FZS expression
    (32) expression -> expression . AND expression
    (33) expression -> expression . OR expression
    (68) object -> expression . LPAREN RPAREN
    (69) object -> expression . LPAREN ary_members RPAREN

    COLON           shift and go to state 108
    QMARK           shift and go to state 21
    COALESCE        shift and go to state 22
    MOD             shift and go to state 23
    MUL             shift and go to state 24
    FDIV            shift and go to state 25
    TDIV            shift and go to state 26
    POW             shift and go to state 27
    ADD             shift and go to state 28
    SUB             shift and go to state 29
    BWAND           shift and go to state 30
    BWOR            shift and go to state 31
    BWXOR           shift and go to state 32
    BWLSH           shift and go to state 33
    BWRSH           shift and go to state 34
    IN              shift and go to state 35
    NOT             shift and go to state 36
    EQ              shift and go to state 37
    NE              shift and go to state 38
    GT              shift and go to state 39
    GE              shift and go to state 40
    LT              shift and go to state 41
    LE              shift and go to state 42
    EQ_FZM          shift and go to state 43
    EQ_FZS          shift and go to state 44
    NE_FZM          shift and go to state 45
    NE_FZS          shift and go to state 46
    AND             shift and go to state 47
    OR              shift and go to state 48
    LPAREN          shift and go to state 49


state 65

    (7) expression -> expression COALESCE expression .
    (6) expression -> expression . QMARK expression COLON expression
    (7) expression -> expression . COALESCE expression
    (8) expression -> expression . MOD expression
    (9) expression -> expression . MUL expression
    (10) expression -> expression . FDIV expression
    (11) expression -> expression . TDIV expression
    (12) expression -> expression . POW expression
    (13) expression -> expression . ADD expression
    (14) expression -> expression . SUB expression
    (15) expression -> expression . BWAND expression
    (16) expression -> expression . BWOR expression
    (17) expression -> expression . BWXOR expression
    (18) expression -> expression . BWLSH expression
    (19) expression -> expression . BWRSH expression
    (20) expression -> expression . IN expression
    (21) expression -> expression . NOT IN expression
    (22) expression -> expression . EQ expression
    (23) expression -> expression . NE expression
    (24) expression -> expression . GT expression
    (25) expression -> expression . GE expression
    (26) expression -> expression . LT expression
    (27) expression -> expression . LE expression
    (28) expression -> expression . EQ_FZM expression
    (29) expression -> expression . EQ_FZS expression
    (30) expression -> expression . NE_FZM expression
    (31) expression -> expression . NE_FZS expression
    (32) expression -> expression . AND expression
    (33) expression -> expression . OR expression
    (68) object -> expression . LPAREN RPAREN
    (69) object -> expression . LPAREN ary_members RPAREN

    COMMENT         reduce using rule 7 (expression -> expression COALESCE expression .)
    QMARK           reduce using rule 7 (expression -> expression COALESCE expression .)
    NOT             reduce using rule 7 (expression -> expression COALESCE expression .)
    AND             reduce using rule 7 (expression -> expression COALESCE expression .)
    OR              reduce using rule 7 (expression -> expression COALESCE expression .)
    $end            reduce using rule 7 (expression -> expression COALESCE expression .)
    RPAREN          reduce using rule 7 (expression -> expression COALESCE expression .)
    COLON           reduce using rule 7 (expression -> expression COALESCE expression .)
    RBRACE          reduce using rule 7 (expression -> expression COALESCE expression .)
    COMMA           reduce using rule 7 (expression -> expression COALESCE expression .)
    FOR             reduce using rule 7 (expression -> expression COALESCE expression .)
    RBRACKET        reduce using rule 7 (expression -> expression COALESCE expression .)
    IF              reduce using rule 7 (expression -> expression COALESCE expression .)
    COALESCE        shift and go to state 22
    MOD             shift and go to state 23
    MUL             shift and go to state 24
    FDIV            shift and go to state 25
    TDIV            shift and go to state 26
    POW             shift and go to state 27
    ADD             shift and go to state 28
    SUB             shift and go to state 29
    BWAND           shift and go to state 30
    BWOR            shift and go to state 31
    BWXOR           shift and go to state 32
    BWLSH           shift and go to state 33
    BWRSH           shift and go to state 34
    IN              shift and go to state 35
    EQ              shift and go to state 37
    NE              shift and go to state 38
    GT              shift and go to state 39
    GE              shift and go to state 40
    LT              shift and go to state 41
    LE              shift and go to state 42
    EQ_FZM          shift and go to state 43
    EQ_FZS          shift and go to state 44
    NE_FZM          shift and go to state 45
    NE_FZS          shift and go to state 46
    LPAREN          shift and go to state 49

  ! COALESCE        [ reduce using rule 7 (expression -> expression COALESCE expression .) ]
  ! MOD             [ reduce using rule 7 (expression -> expression COALESCE expression .) ]
  ! MUL             [ reduce using rule 7 (expression -> expression COALESCE expression .) ]
  ! FDIV            [ reduce using rule 7 (expression -> expression COALESCE expression .) ]
  ! TDIV            [ reduce using rule 7 (expression -> expression COALESCE expression .) ]
  ! POW             [ reduce using rule 7 (expression -> expression COALESCE expression .) ]
  ! ADD             [ reduce using rule 7 (expression -> expression COALESCE expression .) ]
  ! SUB             [ reduce using rule 7 (expression -> expression COALESCE expression .) ]
  ! BWAND           [ reduce using rule 7 (expression -> expression COALESCE expression .) ]
  ! BWOR            [ reduce using rule 7 (expression -> expression COALESCE expression .) ]
  ! BWXOR           [ reduce using rule 7 (expression -> expression COALESCE expression .) ]
  ! BWLSH           [ reduce using rule 7 (expression -> expression COALESCE expression .) ]
  ! BWRSH           [ reduce using rule 7 (expression -> expression COALESCE expression .) ]
  ! IN              [ reduce using rule 7 (expression -> expression COALESCE expression .) ]
  ! EQ              [ reduce using rule 7 (expression -> expression COALESCE expression .) ]
  ! NE              [ reduce using rule 7 (expression -> expression COALESCE expression .) ]
  ! GT              [ reduce using rule 7 (expression -> expression COALESCE expression .) ]
  ! GE              [ reduce using rule 7 (expression -> expression COALESCE expression .) ]
  ! LT              [ reduce using rule 7 (expression -> expression COALESCE expression .) ]
  ! LE              [ reduce using rule 7 (expression -> expression COALESCE expression .) ]
  ! EQ_FZM          [ reduce using rule 7 (expression -> expression COALESCE expression .) ]
  ! EQ_FZS          [ reduce using rule 7 (expression -> expression COALESCE expression .) ]
  ! NE_FZM          [ reduce using rule 7 (expression -> expression COALESCE expression .) ]
  ! NE_FZS          [ reduce using rule 7 (expression -> expression COALESCE expression .) ]
  ! LPAREN          [ reduce using rule 7 (expression -> expression COALESCE expression .) ]
  ! QMARK           [ shift and go to state 21 ]
  ! NOT             [ shift and go to state 36 ]
  ! AND             [ shift and go to state 47 ]
  ! OR              [ shift and go to state 48 ]


state 66

    (8) expression -> expression MOD expression .
    (6) expression -> expression . QMARK expression COLON expression
    (7) expression -> expression . COALESCE expression
    (8) expression -> expression . MOD expression
    (9) expression -> expression . MUL expression
    (10) expression -> expression . FDIV expression
    (11) expression -> expression . TDIV expression
    (12) expression -> expression . POW expression
    (13) expression -> expression . ADD expression
    (14) expression -> expression . SUB expression
    (15) expression -> expression . BWAND expression
    (16) expression -> expression . BWOR expression
    (17) expression -> expression . BWXOR expression
    (18) expression -> expression . BWLSH expression
    (19) expression -> expression . BWRSH expression
    (20) expression -> expression . IN expression
    (21) expression -> expression . NOT IN expression
    (22) expression -> expression . EQ expression
    (23) expression -> expression . NE expression
    (24) expression -> expression . GT expression
    (25) expression -> expression . GE expression
    (26) expression -> expression . LT expression
    (27) expression -> expression . LE expression
    (28) expression -> expression . EQ_FZM expression
    (29) expression -> expression . EQ_FZS expression
    (30) expression -> expression . NE_FZM expression
    (31) expression -> expression . NE_FZS expression
    (32) expression -> expression . AND expression
    (33) expression -> expression . OR expression
    (68) object -> expression . LPAREN RPAREN
    (69) object -> expression . LPAREN ary_members RPAREN

    COMMENT         reduce using rule 8 (expression -> expression MOD expression .)
    QMARK           reduce using rule 8 (expression -> expression MOD expression .)
    COALESCE        reduce using rule 8 (expression -> expression MOD expression .)
    MOD             reduce using rule 8 (expression -> expression MOD expression .)
    MUL             reduce using rule 8 (expression -> expression MOD expression .)
    FDIV            reduce using rule 8 (expression -> expression MOD expression .)
    TDIV            reduce using rule 8 (expression -> expression MOD expression .)
    ADD             reduce using rule 8 (expression -> expression MOD expression .)
    SUB             reduce using rule 8 (expression -> expression MOD expression .)
    BWAND           reduce using rule 8 (expression -> expression MOD expression .)
    BWOR            reduce using rule 8 (expression -> expression MOD expression .)
    BWXOR           reduce using rule 8 (expression -> expression MOD expression .)
    BWLSH           reduce using rule 8 (expression -> expression MOD expression .)
    BWRSH           reduce using rule 8 (expression -> expression MOD expression .)
    IN              reduce using rule 8 (expression -> expression MOD expression .)
    NOT             reduce using rule 8 (expression -> expression MOD expression .)
    EQ              reduce using rule 8 (expression -> expression MOD expression .)
    NE              reduce using rule 8 (expression -> expression MOD expression .)
    GT              reduce using rule 8 (expression -> expression MOD expression .)
    GE              reduce using rule 8 (expression -> expression MOD expression .)
    LT              reduce using rule 8 (expression -> expression MOD expression .)
    LE              reduce using rule 8 (expression -> expression MOD expression .)
    EQ_FZM          reduce using rule 8 (expression -> expression MOD expression .)
    EQ_FZS          reduce using rule 8 (expression -> expression MOD expression .)
    NE_FZM          reduce using rule 8 (expression -> expression MOD expression .)
    NE_FZS          reduce using rule 8 (expression -> expression MOD expression .)
    AND             reduce using rule 8 (expression -> expression MOD expression .)
    OR              reduce using rule 8 (expression -> expression MOD expression .)
    $end            reduce using rule 8 (expression -> expression MOD expression .)
    RPAREN          reduce using rule 8 (expression -> expression MOD expression .)
    COLON           reduce using rule 8 (expression -> expression MOD expression .)
    RBRACE          reduce using rule 8 (expression -> expression MOD expression .)
    COMMA           reduce using rule 8 (expression -> expression MOD expression .)
    FOR             reduce using rule 8 (expression -> expression MOD expression .)
    RBRACKET        reduce using rule 8 (expression -> expression MOD expression .)
    IF              reduce using rule 8 (expression -> expression MOD expression .)
    POW             shift and go to state 27
    LPAREN          shift and go to state 49

  ! POW             [ reduce using rule 8 (expression -> expression MOD expression .) ]
  ! LPAREN          [ reduce using rule 8 (expression -> expression MOD expression .) ]
  ! QMARK           [ shift and go to state 21 ]
  ! COALESCE        [ shift and go to state 22 ]
  ! MOD             [ shift and go to state 23 ]
  ! MUL             [ shift and go to state 24 ]
  ! FDIV            [ shift and go to state 25 ]
  ! TDIV            [ shift and go to state 26 ]
  ! ADD             [ shift and go to state 28 ]
  ! SUB             [ shift and go to state 29 ]
  ! BWAND           [ shift and go to state 30 ]
  ! BWOR            [ shift and go to state 31 ]
  ! BWXOR           [ shift and go to state 32 ]
  ! BWLSH           [ shift and go to state 33 ]
  ! BWRSH           [ shift and go to state 34 ]
  ! IN              [ shift and go to state 35 ]
  ! NOT             [ shift and go to state 36 ]
  ! EQ              [ shift and go to state 37 ]
  ! NE              [ shift and go to state 38 ]
  ! GT              [ shift and go to state 39 ]
  ! GE              [ shift and go to state 40 ]
  ! LT              [ shift and go to state 41 ]
  ! LE              [ shift and go to state 42 ]
  ! EQ_FZM          [ shift and go to state 43 ]
  ! EQ_FZS          [ shift and go to state 44 ]
  ! NE_FZM          [ shift and go to state 45 ]
  ! NE_FZS          [ shift and go to state 46 ]
  ! AND             [ shift and go to state 47 ]
  ! OR              [ shift and go to state 48 ]


state 67

    (9) expression -> expression MUL expression .
    (6) expression -> expression . QMARK expression COLON expression
    (7) expression -> expression . COALESCE expression
    (8) expression -> expression . MOD expression
    (9) expression -> expression . MUL expression
    (10) expression -> expression . FDIV expression
    (11) expression -> expression . TDIV expression
    (12) expression -> expression . POW expression
    (13) expression -> expression . ADD expression
    (14) expression -> expression . SUB expression
    (15) expression -> expression . BWAND expression
    (16) expression -> expression . BWOR expression
    (17) expression -> expression . BWXOR expression
    (18) expression -> expression . BWLSH expression
    (19) expression -> expression . BWRSH expression
    (20) expression -> expression . IN expression
    (21) expression -> expression . NOT IN expression
    (22) expression -> expression . EQ expression
    (23) expression -> expression . NE expression
    (24) expression -> expression . GT expression
    (25) expression -> expression . GE expression
    (26) expression -> expression . LT expression
    (27) expression -> expression . LE expression
    (28) expression -> expression . EQ_FZM expression
    (29) expression -> expression . EQ_FZS expression
    (30) expression -> expression . NE_FZM expression
    (31) expression -> expression . NE_FZS expression
    (32) expression -> expression . AND expression
    (33) expression -> expression . OR expression
    (68) object -> expression . LPAREN RPAREN
    (69) object -> expression . LPAREN ary_members RPAREN

    COMMENT         reduce using rule 9 (expression -> expression MUL expression .)
    QMARK           reduce using rule 9 (expression -> expression MUL expression .)
    COALESCE        reduce using rule 9 (expression -> expression MUL expression .)
    MOD             reduce using rule 9 (expression -> expression MUL expression .)
    MUL             reduce using rule 9 (expression -> expression MUL expression .)
    FDIV            reduce using rule 9 (expression -> expression MUL expression .)
    TDIV            reduce using rule 9 (expression -> expression MUL expression .)
    ADD             reduce using rule 9 (expression -> expression MUL expression .)
    SUB             reduce using rule 9 (expression -> expression MUL expression .)
    BWAND           reduce using rule 9 (expression -> expression MUL expression .)
    BWOR            reduce using rule 9 (expression -> expression MUL expression .)
    BWXOR           reduce using rule 9 (expression -> expression MUL expression .)
    BWLSH           reduce using rule 9 (expression -> expression MUL expression .)
    BWRSH           reduce using rule 9 (expression -> expression MUL expression .)
    IN              reduce using rule 9 (expression -> expression MUL expression .)
    NOT             reduce using rule 9 (expression -> expression MUL expression .)
    EQ              reduce using rule 9 (expression -> expression MUL expression .)
    NE              reduce using rule 9 (expression -> expression MUL expression .)
    GT              reduce using rule 9 (expression -> expression MUL expression .)
    GE              reduce using rule 9 (expression -> expression MUL expression .)
    LT              reduce using rule 9 (expression -> expression MUL expression .)
    LE              reduce using rule 9 (expression -> expression MUL expression .)
    EQ_FZM          reduce using rule 9 (expression -> expression MUL expression .)
    EQ_FZS          reduce using rule 9 (expression -> expression MUL expression .)
    NE_FZM          reduce using rule 9 (expression -> expression MUL expression .)
    NE_FZS          reduce using rule 9 (expression -> expression MUL expression .)
    AND             reduce using rule 9 (expression -> expression MUL expression .)
    OR              reduce using rule 9 (expression -> expression MUL expression .)
    $end            reduce using rule 9 (expression -> expression MUL expression .)
    RPAREN          reduce using rule 9 (expression -> expression MUL expression .)
    COLON           reduce using rule 9 (expression -> expression MUL expression .)
    RBRACE          reduce using rule 9 (expression -> expression MUL expression .)
    COMMA           reduce using rule 9 (expression -> expression MUL expression .)
    FOR             reduce using rule 9 (expression -> expression MUL expression .)
    RBRACKET        reduce using rule 9 (expression -> expression MUL expression .)
    IF              reduce using rule 9 (expression -> expression MUL expression .)
    POW             shift and go to state 27
    LPAREN          shift and go to state 49

  ! POW             [ reduce using rule 9 (expression -> expression MUL expression .) ]
  ! LPAREN          [ reduce using rule 9 (expression -> expression MUL expression .) ]
  ! QMARK           [ shift and go to state 21 ]
  ! COALESCE        [ shift and go to state 22 ]
  ! MOD             [ shift and go to state 23 ]
  ! MUL             [ shift and go to state 24 ]
  ! FDIV            [ shift and go to state 25 ]
  ! TDIV            [ shift and go to state 26 ]
  ! ADD             [ shift and go to state 28 ]
  ! SUB             [ shift and go to state 29 ]
  ! BWAND           [ shift and go to state 30 ]
  ! BWOR            [ shift and go to state 31 ]
  ! BWXOR           [ shift and go to state 32 ]
  ! BWLSH           [ shift and go to state 33 ]
  ! BWRSH           [ shift and go to state 34 ]
  ! IN              [ shift and go to state 35 ]
  ! NOT             [ shift and go to state 36 ]
  ! EQ              [ shift and go to state 37 ]
  ! NE              [ shift and go to state 38 ]
  ! GT              [ shift and go to state 39 ]
  ! GE              [ shift and go to state 40 ]
  ! LT              [ shift and go to state 41 ]
  ! LE              [ shift and go to state 42 ]
  ! EQ_FZM          [ shift and go to state 43 ]
  ! EQ_FZS          [ shift and go to state 44 ]
  ! NE_FZM          [ shift and go to state 45 ]
  ! NE_FZS          [ shift and go to state 46 ]
  ! AND             [ shift and go to state 47 ]
  ! OR              [ shift and go to state 48 ]


state 68

    (10) expression -> expression FDIV expression .
    (6) expression -> expression . QMARK expression COLON expression
    (7) expression -> expression . COALESCE expression
    (8) expression -> expression . MOD expression
    (9) expression -> expression . MUL expression
    (10) expression -> expression . FDIV expression
    (11) expression -> expression . TDIV expression
    (12) expression -> expression . POW expression
    (13) expression -> expression . ADD expression
    (14) expression -> expression . SUB expression
    (15) expression -> expression . BWAND expression
    (16) expression -> expression . BWOR expression
    (17) expression -> expression . BWXOR expression
    (18) expression -> expression . BWLSH expression
    (19) expression -> expression . BWRSH expression
    (20) expression -> expression . IN expression
    (21) expression -> expression . NOT IN expression
    (22) expression -> expression . EQ expression
    (23) expression -> expression . NE expression
    (24) expression -> expression . GT expression
    (25) expression -> expression . GE expression
    (26) expression -> expression . LT expression
    (27) expression -> expression . LE expression
    (28) expression -> expression . EQ_FZM expression
    (29) expression -> expression . EQ_FZS expression
    (30) expression -> expression . NE_FZM expression
    (31) expression -> expression . NE_FZS expression
    (32) expression -> expression . AND expression
    (33) expression -> expression . OR expression
    (68) object -> expression . LPAREN RPAREN
    (69) object -> expression . LPAREN ary_members RPAREN

    COMMENT         reduce using rule 10 (expression -> expression FDIV expression .)
    QMARK           reduce using rule 10 (expression -> expression FDIV expression .)
    COALESCE        reduce using rule 10 (expression -> expression FDIV expression .)
    MOD             reduce using rule 10 (expression -> expression FDIV expression .)
    MUL             reduce using rule 10 (expression -> expression FDIV expression .)
    FDIV            reduce using rule 10 (expression -> expression FDIV expression .)
    TDIV            reduce using rule 10 (expression -> expression FDIV expression .)
    ADD             reduce using rule 10 (expression -> expression FDIV expression .)
    SUB             reduce using rule 10 (expression -> expression FDIV expression .)
    BWAND           reduce using rule 10 (expression -> expression FDIV expression .)
    BWOR            reduce using rule 10 (expression -> expression FDIV expression .)
    BWXOR           reduce using rule 10 (expression -> expression FDIV expression .)
    BWLSH           reduce using rule 10 (expression -> expression FDIV expression .)
    BWRSH           reduce using rule 10 (expression -> expression FDIV expression .)
    IN              reduce using rule 10 (expression -> expression FDIV expression .)
    NOT             reduce using rule 10 (expression -> expression FDIV expression .)
    EQ              reduce using rule 10 (expression -> expression FDIV expression .)
    NE              reduce using rule 10 (expression -> expression FDIV expression .)
    GT              reduce using rule 10 (expression -> expression FDIV expression .)
    GE              reduce using rule 10 (expression -> expression FDIV expression .)
    LT              reduce using rule 10 (expression -> expression FDIV expression .)
    LE              reduce using rule 10 (expression -> expression FDIV expression .)
    EQ_FZM          reduce using rule 10 (expression -> expression FDIV expression .)
    EQ_FZS          reduce using rule 10 (expression -> expression FDIV expression .)
    NE_FZM          reduce using rule 10 (expression -> expression FDIV expression .)
    NE_FZS          reduce using rule 10 (expression -> expression FDIV expression .)
    AND             reduce using rule 10 (expression -> expression FDIV expression .)
    OR              reduce using rule 10 (expression -> expression FDIV expression .)
    $end            reduce using rule 10 (expression -> expression FDIV expression .)
    RPAREN          reduce using rule 10 (expression -> expression FDIV expression .)
    COLON           reduce using rule 10 (expression -> expression FDIV expression .)
    RBRACE          reduce using rule 10 (expression -> expression FDIV expression .)
    COMMA           reduce using rule 10 (expression -> expression FDIV expression .)
    FOR             reduce using rule 10 (expression -> expression FDIV expression .)
    RBRACKET        reduce using rule 10 (expression -> expression FDIV expression .)
    IF              reduce using rule 10 (expression -> expression FDIV expression .)
    POW             shift and go to state 27
    LPAREN          shift and go to state 49

  ! POW             [ reduce using rule 10 (expression -> expression FDIV expression .) ]
  ! LPAREN          [ reduce using rule 10 (expression -> expression FDIV expression .) ]
  ! QMARK           [ shift and go to state 21 ]
  ! COALESCE        [ shift and go to state 22 ]
  ! MOD             [ shift and go to state 23 ]
  ! MUL             [ shift and go to state 24 ]
  ! FDIV            [ shift and go to state 25 ]
  ! TDIV            [ shift and go to state 26 ]
  ! ADD             [ shift and go to state 28 ]
  ! SUB             [ shift and go to state 29 ]
  ! BWAND           [ shift and go to state 30 ]
  ! BWOR            [ shift and go to state 31 ]
  ! BWXOR           [ shift and go to state 32 ]
  ! BWLSH           [ shift and go to state 33 ]
  ! BWRSH           [ shift and go to state 34 ]
  ! IN              [ shift and go to state 35 ]
  ! NOT             [ shift and go to state 36 ]
  ! EQ              [ shift and go to state 37 ]
  ! NE              [ shift and go to state 38 ]
  ! GT              [ shift and go to state 39 ]
  ! GE              [ shift and go to state 40 ]
  ! LT              [ shift and go to state 41 ]
  ! LE              [ shift and go to state 42 ]
  ! EQ_FZM          [ shift and go to state 43 ]
  ! EQ_FZS          [ shift and go to state 44 ]
  ! NE_FZM          [ shift and go to state 45 ]
  ! NE_FZS          [ shift and go to state 46 ]
  ! AND             [ shift and go to state 47 ]
  ! OR              [ shift and go to state 48 ]


state 69

    (11) expression -> expression TDIV expression .
    (6) expression -> expression . QMARK expression COLON expression
    (7) expression -> expression . COALESCE expression
    (8) expression -> expression . MOD expression
    (9) expression -> expression . MUL expression
    (10) expression -> expression . FDIV expression
    (11) expression -> expression . TDIV expression
    (12) expression -> expression . POW expression
    (13) expression -> expression . ADD expression
    (14) expression -> expression . SUB expression
    (15) expression -> expression . BWAND expression
    (16) expression -> expression . BWOR expression
    (17) expression -> expression . BWXOR expression
    (18) expression -> expression . BWLSH expression
    (19) expression -> expression . BWRSH expression
    (20) expression -> expression . IN expression
    (21) expression -> expression . NOT IN expression
    (22) expression -> expression . EQ expression
    (23) expression -> expression . NE expression
    (24) expression -> expression . GT expression
    (25) expression -> expression . GE expression
    (26) expression -> expression . LT expression
    (27) expression -> expression . LE expression
    (28) expression -> expression . EQ_FZM expression
    (29) expression -> expression . EQ_FZS expression
    (30) expression -> expression . NE_FZM expression
    (31) expression -> expression . NE_FZS expression
    (32) expression -> expression . AND expression
    (33) expression -> expression . OR expression
    (68) object -> expression . LPAREN RPAREN
    (69) object -> expression . LPAREN ary_members RPAREN

    COMMENT         reduce using rule 11 (expression -> expression TDIV expression .)
    QMARK           reduce using rule 11 (expression -> expression TDIV expression .)
    COALESCE        reduce using rule 11 (expression -> expression TDIV expression .)
    MOD             reduce using rule 11 (expression -> expression TDIV expression .)
    MUL             reduce using rule 11 (expression -> expression TDIV expression .)
    FDIV            reduce using rule 11 (expression -> expression TDIV expression .)
    TDIV            reduce using rule 11 (expression -> expression TDIV expression .)
    ADD             reduce using rule 11 (expression -> expression TDIV expression .)
    SUB             reduce using rule 11 (expression -> expression TDIV expression .)
    BWAND           reduce using rule 11 (expression -> expression TDIV expression .)
    BWOR            reduce using rule 11 (expression -> expression TDIV expression .)
    BWXOR           reduce using rule 11 (expression -> expression TDIV expression .)
    BWLSH           reduce using rule 11 (expression -> expression TDIV expression .)
    BWRSH           reduce using rule 11 (expression -> expression TDIV expression .)
    IN              reduce using rule 11 (expression -> expression TDIV expression .)
    NOT             reduce using rule 11 (expression -> expression TDIV expression .)
    EQ              reduce using rule 11 (expression -> expression TDIV expression .)
    NE              reduce using rule 11 (expression -> expression TDIV expression .)
    GT              reduce using rule 11 (expression -> expression TDIV expression .)
    GE              reduce using rule 11 (expression -> expression TDIV expression .)
    LT              reduce using rule 11 (expression -> expression TDIV expression .)
    LE              reduce using rule 11 (expression -> expression TDIV expression .)
    EQ_FZM          reduce using rule 11 (expression -> expression TDIV expression .)
    EQ_FZS          reduce using rule 11 (expression -> expression TDIV expression .)
    NE_FZM          reduce using rule 11 (expression -> expression TDIV expression .)
    NE_FZS          reduce using rule 11 (expression -> expression TDIV expression .)
    AND             reduce using rule 11 (expression -> expression TDIV expression .)
    OR              reduce using rule 11 (expression -> expression TDIV expression .)
    $end            reduce using rule 11 (expression -> expression TDIV expression .)
    RPAREN          reduce using rule 11 (expression -> expression TDIV expression .)
    COLON           reduce using rule 11 (expression -> expression TDIV expression .)
    RBRACE          reduce using rule 11 (expression -> expression TDIV expression .)
    COMMA           reduce using rule 11 (expression -> expression TDIV expression .)
    FOR             reduce using rule 11 (expression -> expression TDIV expression .)
    RBRACKET        reduce using rule 11 (expression -> expression TDIV expression .)
    IF              reduce using rule 11 (expression -> expression TDIV expression .)
    POW             shift and go to state 27
    LPAREN          shift and go to state 49

  ! POW             [ reduce using rule 11 (expression -> expression TDIV expression .) ]
  ! LPAREN          [ reduce using rule 11 (expression -> expression TDIV expression .) ]
  ! QMARK           [ shift and go to state 21 ]
  ! COALESCE        [ shift and go to state 22 ]
  ! MOD             [ shift and go to state 23 ]
  ! MUL             [ shift and go to state 24 ]
  ! FDIV            [ shift and go to state 25 ]
  ! TDIV            [ shift and go to state 26 ]
  ! ADD             [ shift and go to state 28 ]
  ! SUB             [ shift and go to state 29 ]
  ! BWAND           [ shift and go to state 30 ]
  ! BWOR            [ shift and go to state 31 ]
  ! BWXOR           [ shift and go to state 32 ]
  ! BWLSH           [ shift and go to state 33 ]
  ! BWRSH           [ shift and go to state 34 ]
  ! IN              [ shift and go to state 35 ]
  ! NOT             [ shift and go to state 36 ]
  ! EQ              [ shift and go to state 37 ]
  ! NE              [ shift and go to state 38 ]
  ! GT              [ shift and go to state 39 ]
  ! GE              [ shift and go to state 40 ]
  ! LT              [ shift and go to state 41 ]
  ! LE              [ shift and go to state 42 ]
  ! EQ_FZM          [ shift and go to state 43 ]
  ! EQ_FZS          [ shift and go to state 44 ]
  ! NE_FZM          [ shift and go to state 45 ]
  ! NE_FZS          [ shift and go to state 46 ]
  ! AND             [ shift and go to state 47 ]
  ! OR              [ shift and go to state 48 ]


state 70

    (12) expression -> expression POW expression .
    (6) expression -> expression . QMARK expression COLON expression
    (7) expression -> expression . COALESCE expression
    (8) expression -> expression . MOD expression
    (9) expression -> expression . MUL expression
    (10) expression -> expression . FDIV expression
    (11) expression -> expression . TDIV expression
    (12) expression -> expression . POW expression
    (13) expression -> expression . ADD expression
    (14) expression -> expression . SUB expression
    (15) expression -> expression . BWAND expression
    (16) expression -> expression . BWOR expression
    (17) expression -> expression . BWXOR expression
    (18) expression -> expression . BWLSH expression
    (19) expression -> expression . BWRSH expression
    (20) expression -> expression . IN expression
    (21) expression -> expression . NOT IN expression
    (22) expression -> expression . EQ expression
    (23) expression -> expression . NE expression
    (24) expression -> expression . GT expression
    (25) expression -> expression . GE expression
    (26) expression -> expression . LT expression
    (27) expression -> expression . LE expression
    (28) expression -> expression . EQ_FZM expression
    (29) expression -> expression . EQ_FZS expression
    (30) expression -> expression . NE_FZM expression
    (31) expression -> expression . NE_FZS expression
    (32) expression -> expression . AND expression
    (33) expression -> expression . OR expression
    (68) object -> expression . LPAREN RPAREN
    (69) object -> expression . LPAREN ary_members RPAREN

    COMMENT         reduce using rule 12 (expression -> expression POW expression .)
    QMARK           reduce using rule 12 (expression -> expression POW expression .)
    COALESCE        reduce using rule 12 (expression -> expression POW expression .)
    MOD             reduce using rule 12 (expression -> expression POW expression .)
    MUL             reduce using rule 12 (expression -> expression POW expression .)
    FDIV            reduce using rule 12 (expression -> expression POW expression .)
    TDIV            reduce using rule 12 (expression -> expression POW expression .)
    POW             reduce using rule 12 (expression -> expression POW expression .)
    ADD             reduce using rule 12 (expression -> expression POW expression .)
    SUB             reduce using rule 12 (expression -> expression POW expression .)
    BWAND           reduce using rule 12 (expression -> expression POW expression .)
    BWOR            reduce using rule 12 (expression -> expression POW expression .)
    BWXOR           reduce using rule 12 (expression -> expression POW expression .)
    BWLSH           reduce using rule 12 (expression -> expression POW expression .)
    BWRSH           reduce using rule 12 (expression -> expression POW expression .)
    IN              reduce using rule 12 (expression -> expression POW expression .)
    NOT             reduce using rule 12 (expression -> expression POW expression .)
    EQ              reduce using rule 12 (expression -> expression POW expression .)
    NE              reduce using rule 12 (expression -> expression POW expression .)
    GT              reduce using rule 12 (expression -> expression POW expression .)
    GE              reduce using rule 12 (expression -> expression POW expression .)
    LT              reduce using rule 12 (expression -> expression POW expression .)
    LE              reduce using rule 12 (expression -> expression POW expression .)
    EQ_FZM          reduce using rule 12 (expression -> expression POW expression .)
    EQ_FZS          reduce using rule 12 (expression -> expression POW expression .)
    NE_FZM          reduce using rule 12 (expression -> expression POW expression .)
    NE_FZS          reduce using rule 12 (expression -> expression POW expression .)
    AND             reduce using rule 12 (expression -> expression POW expression .)
    OR              reduce using rule 12 (expression -> expression POW expression .)
    $end            reduce using rule 12 (expression -> expression POW expression .)
    RPAREN          reduce using rule 12 (expression -> expression POW expression .)
    COLON           reduce using rule 12 (expression -> expression POW expression .)
    RBRACE          reduce using rule 12 (expression -> expression POW expression .)
    COMMA           reduce using rule 12 (expression -> expression POW expression .)
    FOR             reduce using rule 12 (expression -> expression POW expression .)
    RBRACKET        reduce using rule 12 (expression -> expression POW expression .)
    IF              reduce using rule 12 (expression -> expression POW expression .)
    LPAREN          shift and go to state 49

  ! LPAREN          [ reduce using rule 12 (expression -> expression POW expression .) ]
  ! QMARK           [ shift and go to state 21 ]
  ! COALESCE        [ shift and go to state 22 ]
  ! MOD             [ shift and go to state 23 ]
  ! MUL             [ shift and go to state 24 ]
  ! FDIV            [ shift and go to state 25 ]
  ! TDIV            [ shift and go to state 26 ]
  ! POW             [ shift and go to state 27 ]
  ! ADD             [ shift and go to state 28 ]
  ! SUB             [ shift and go to state 29 ]
  ! BWAND           [ shift and go to state 30 ]
  ! BWOR            [ shift and go to state 31 ]
  ! BWXOR           [ shift and go to state 32 ]
  ! BWLSH           [ shift and go to state 33 ]
  ! BWRSH           [ shift and go to state 34 ]
  ! IN              [ shift and go to state 35 ]
  ! NOT             [ shift and go to state 36 ]
  ! EQ              [ shift and go to state 37 ]
  ! NE              [ shift and go to state 38 ]
  ! GT              [ shift and go to state 39 ]
  ! GE              [ shift and go to state 40 ]
  ! LT              [ shift and go to state 41 ]
  ! LE              [ shift and go to state 42 ]
  ! EQ_FZM          [ shift and go to state 43 ]
  ! EQ_FZS          [ shift and go to state 44 ]
  ! NE_FZM          [ shift and go to state 45 ]
  ! NE_FZS          [ shift and go to state 46 ]
  ! AND             [ shift and go to state 47 ]
  ! OR              [ shift and go to state 48 ]


state 71

    (13) expression -> expression ADD expression .
    (6) expression -> expression . QMARK expression COLON expression
    (7) expression -> expression . COALESCE expression
    (8) expression -> expression . MOD expression
    (9) expression -> expression . MUL expression
    (10) expression -> expression . FDIV expression
    (11) expression -> expression . TDIV expression
    (12) expression -> expression . POW expression
    (13) expression -> expression . ADD expression
    (14) expression -> expression . SUB expression
    (15) expression -> expression . BWAND expression
    (16) expression -> expression . BWOR expression
    (17) expression -> expression . BWXOR expression
    (18) expression -> expression . BWLSH expression
    (19) expression -> expression . BWRSH expression
    (20) expression -> expression . IN expression
    (21) expression -> expression . NOT IN expression
    (22) expression -> expression . EQ expression
    (23) expression -> expression . NE expression
    (24) expression -> expression . GT expression
    (25) expression -> expression . GE expression
    (26) expression -> expression . LT expression
    (27) expression -> expression . LE expression
    (28) expression -> expression . EQ_FZM expression
    (29) expression -> expression . EQ_FZS expression
    (30) expression -> expression . NE_FZM expression
    (31) expression -> expression . NE_FZS expression
    (32) expression -> expression . AND expression
    (33) expression -> expression . OR expression
    (68) object -> expression . LPAREN RPAREN
    (69) object -> expression . LPAREN ary_members RPAREN

    COMMENT         reduce using rule 13 (expression -> expression ADD expression .)
    QMARK           reduce using rule 13 (expression -> expression ADD expression .)
    COALESCE        reduce using rule 13 (expression -> expression ADD expression .)
    ADD             reduce using rule 13 (expression -> expression ADD expression .)
    SUB             reduce using rule 13 (expression -> expression ADD expression .)
    BWAND           reduce using rule 13 (expression -> expression ADD expression .)
    BWOR            reduce using rule 13 (expression -> expression ADD expression .)
    BWXOR           reduce using rule 13 (expression -> expression ADD expression .)
    BWLSH           reduce using rule 13 (expression -> expression ADD expression .)
    BWRSH           reduce using rule 13 (expression -> expression ADD expression .)
    IN              reduce using rule 13 (expression -> expression ADD expression .)
    NOT             reduce using rule 13 (expression -> expression ADD expression .)
    EQ              reduce using rule 13 (expression -> expression ADD expression .)
    NE              reduce using rule 13 (expression -> expression ADD expression .)
    GT              reduce using rule 13 (expression -> expression ADD expression .)
    GE              reduce using rule 13 (expression -> expression ADD expression .)
    LT              reduce using rule 13 (expression -> expression ADD expression .)
    LE              reduce using rule 13 (expression -> expression ADD expression .)
    EQ_FZM          reduce using rule 13 (expression -> expression ADD expression .)
    EQ_FZS          reduce using rule 13 (expression -> expression ADD expression .)
    NE_FZM          reduce using rule 13 (expression -> expression ADD expression .)
    NE_FZS          reduce using rule 13 (expression -> expression ADD expression .)
    AND             reduce using rule 13 (expression -> expression ADD expression .)
    OR              reduce using rule 13 (expression -> expression ADD expression .)
    $end            reduce using rule 13 (expression -> expression ADD expression .)
    RPAREN          reduce using rule 13 (expression -> expression ADD expression .)
    COLON           reduce using rule 13 (expression -> expression ADD expression .)
    RBRACE          reduce using rule 13 (expression -> expression ADD expression .)
    COMMA           reduce using rule 13 (expression -> expression ADD expression .)
    FOR             reduce using rule 13 (expression -> expression ADD expression .)
    RBRACKET        reduce using rule 13 (expression -> expression ADD expression .)
    IF              reduce using rule 13 (expression -> expression ADD expression .)
    MOD             shift and go to state 23
    MUL             shift and go to state 24
    FDIV            shift and go to state 25
    TDIV            shift and go to state 26
    POW             shift and go to state 27
    LPAREN          shift and go to state 49

  ! MOD             [ reduce using rule 13 (expression -> expression ADD expression .) ]
  ! MUL             [ reduce using rule 13 (expression -> expression ADD expression .) ]
  ! FDIV            [ reduce using rule 13 (expression -> expression ADD expression .) ]
  ! TDIV            [ reduce using rule 13 (expression -> expression ADD expression .) ]
  ! POW             [ reduce using rule 13 (expression -> expression ADD expression .) ]
  ! LPAREN          [ reduce using rule 13 (expression -> expression ADD expression .) ]
  ! QMARK           [ shift and go to state 21 ]
  ! COALESCE        [ shift and go to state 22 ]
  ! ADD             [ shift and go to state 28 ]
  ! SUB             [ shift and go to state 29 ]
  ! BWAND           [ shift and go to state 30 ]
  ! BWOR            [ shift and go to state 31 ]
  ! BWXOR           [ shift and go to state 32 ]
  ! BWLSH           [ shift and go to state 33 ]
  ! BWRSH           [ shift and go to state 34 ]
  ! IN              [ shift and go to state 35 ]
  ! NOT             [ shift and go to state 36 ]
  ! EQ              [ shift and go to state 37 ]
  ! NE              [ shift and go to state 38 ]
  ! GT              [ shift and go to state 39 ]
  ! GE              [ shift and go to state 40 ]
  ! LT              [ shift and go to state 41 ]
  ! LE              [ shift and go to state 42 ]
  ! EQ_FZM          [ shift and go to state 43 ]
  ! EQ_FZS          [ shift and go to state 44 ]
  ! NE_FZM          [ shift and go to state 45 ]
  ! NE_FZS          [ shift and go to state 46 ]
  ! AND             [ shift and go to state 47 ]
  ! OR              [ shift and go to state 48 ]


state 72

    (14) expression -> expression SUB expression .
    (6) expression -> expression . QMARK expression COLON expression
    (7) expression -> expression . COALESCE expression
    (8) expression -> expression . MOD expression
    (9) expression -> expression . MUL expression
    (10) expression -> expression . FDIV expression
    (11) expression -> expression . TDIV expression
    (12) expression -> expression . POW expression
    (13) expression -> expression . ADD expression
    (14) expression -> expression . SUB expression
    (15) expression -> expression . BWAND expression
    (16) expression -> expression . BWOR expression
    (17) expression -> expression . BWXOR expression
    (18) expression -> expression . BWLSH expression
    (19) expression -> expression . BWRSH expression
    (20) expression -> expression . IN expression
    (21) expression -> expression . NOT IN expression
    (22) expression -> expression . EQ expression
    (23) expression -> expression . NE expression
    (24) expression -> expression . GT expression
    (25) expression -> expression . GE expression
    (26) expression -> expression . LT expression
    (27) expression -> expression . LE expression
    (28) expression -> expression . EQ_FZM expression
    (29) expression -> expression . EQ_FZS expression
    (30) expression -> expression . NE_FZM expression
    (31) expression -> expression . NE_FZS expression
    (32) expression -> expression . AND expression
    (33) expression -> expression . OR expression
    (68) object -> expression . LPAREN RPAREN
    (69) object -> expression . LPAREN ary_members RPAREN

    COMMENT         reduce using rule 14 (expression -> expression SUB expression .)
    QMARK           reduce using rule 14 (expression -> expression SUB expression .)
    COALESCE        reduce using rule 14 (expression -> expression SUB expression .)
    ADD             reduce using rule 14 (expression -> expression SUB expression .)
    SUB             reduce using rule 14 (expression -> expression SUB expression .)
    BWAND           reduce using rule 14 (expression -> expression SUB expression .)
    BWOR            reduce using rule 14 (expression -> expression SUB expression .)
    BWXOR           reduce using rule 14 (expression -> expression SUB expression .)
    BWLSH           reduce using rule 14 (expression -> expression SUB expression .)
    BWRSH           reduce using rule 14 (expression -> expression SUB expression .)
    IN              reduce using rule 14 (expression -> expression SUB expression .)
    NOT             reduce using rule 14 (expression -> expression SUB expression .)
    EQ              reduce using rule 14 (expression -> expression SUB expression .)
    NE              reduce using rule 14 (expression -> expression SUB expression .)
    GT              reduce using rule 14 (expression -> expression SUB expression .)
    GE              reduce using rule 14 (expression -> expression SUB expression .)
    LT              reduce using rule 14 (expression -> expression SUB expression .)
    LE              reduce using rule 14 (expression -> expression SUB expression .)
    EQ_FZM          reduce using rule 14 (expression -> expression SUB expression .)
    EQ_FZS          reduce using rule 14 (expression -> expression SUB expression .)
    NE_FZM          reduce using rule 14 (expression -> expression SUB expression .)
    NE_FZS          reduce using rule 14 (expression -> expression SUB expression .)
    AND             reduce using rule 14 (expression -> expression SUB expression .)
    OR              reduce using rule 14 (expression -> expression SUB expression .)
    $end            reduce using rule 14 (expression -> expression SUB expression .)
    RPAREN          reduce using rule 14 (expression -> expression SUB expression .)
    COLON           reduce using rule 14 (expression -> expression SUB expression .)
    RBRACE          reduce using rule 14 (expression -> expression SUB expression .)
    COMMA           reduce using rule 14 (expression -> expression SUB expression .)
    FOR             reduce using rule 14 (expression -> expression SUB expression .)
    RBRACKET        reduce using rule 14 (expression -> expression SUB expression .)
    IF              reduce using rule 14 (expression -> expression SUB expression .)
    MOD             shift and go to state 23
    MUL             shift and go to state 24
    FDIV            shift and go to state 25
    TDIV            shift and go to state 26
    POW             shift and go to state 27
    LPAREN          shift and go to state 49

  ! MOD             [ reduce using rule 14 (expression -> expression SUB expression .) ]
  ! MUL             [ reduce using rule 14 (expression -> expression SUB expression .) ]
  ! FDIV            [ reduce using rule 14 (expression -> expression SUB expression .) ]
  ! TDIV            [ reduce using rule 14 (expression -> expression SUB expression .) ]
  ! POW             [ reduce using rule 14 (expression -> expression SUB expression .) ]
  ! LPAREN          [ reduce using rule 14 (expression -> expression SUB expression .) ]
  ! QMARK           [ shift and go to state 21 ]
  ! COALESCE        [ shift and go to state 22 ]
  ! ADD             [ shift and go to state 28 ]
  ! SUB             [ shift and go to state 29 ]
  ! BWAND           [ shift and go to state 30 ]
  ! BWOR            [ shift and go to state 31 ]
  ! BWXOR           [ shift and go to state 32 ]
  ! BWLSH           [ shift and go to state 33 ]
  ! BWRSH           [ shift and go to state 34 ]
  ! IN              [ shift and go to state 35 ]
  ! NOT             [ shift and go to state 36 ]
  ! EQ              [ shift and go to state 37 ]
  ! NE              [ shift and go to state 38 ]
  ! GT              [ shift and go to state 39 ]
  ! GE              [ shift and go to state 40 ]
  ! LT              [ shift and go to state 41 ]
  ! LE              [ shift and go to state 42 ]
  ! EQ_FZM          [ shift and go to state 43 ]
  ! EQ_FZS          [ shift and go to state 44 ]
  ! NE_FZM          [ shift and go to state 45 ]
  ! NE_FZS          [ shift and go to state 46 ]
  ! AND             [ shift and go to state 47 ]
  ! OR              [ shift and go to state 48 ]


state 73

    (15) expression -> expression BWAND expression .
    (6) expression -> expression . QMARK expression COLON expression
    (7) expression -> expression . COALESCE expression
    (8) expression -> expression . MOD expression
    (9) expression -> expression . MUL expression
    (10) expression -> expression . FDIV expression
    (11) expression -> expression . TDIV expression
    (12) expression -> expression . POW expression
    (13) expression -> expression . ADD expression
    (14) expression -> expression . SUB expression
    (15) expression -> expression . BWAND expression
    (16) expression -> expression . BWOR expression
    (17) expression -> expression . BWXOR expression
    (18) expression -> expression . BWLSH expression
    (19) expression -> expression . BWRSH expression
    (20) expression -> expression . IN expression
    (21) expression -> expression . NOT IN expression
    (22) expression -> expression . EQ expression
    (23) expression -> expression . NE expression
    (24) expression -> expression . GT expression
    (25) expression -> expression . GE expression
    (26) expression -> expression . LT expression
    (27) expression -> expression . LE expression
    (28) expression -> expression . EQ_FZM expression
    (29) expression -> expression . EQ_FZS expression
    (30) expression -> expression . NE_FZM expression
    (31) expression -> expression . NE_FZS expression
    (32) expression -> expression . AND expression
    (33) expression -> expression . OR expression
    (68) object -> expression . LPAREN RPAREN
    (69) object -> expression . LPAREN ary_members RPAREN

    COMMENT         reduce using rule 15 (expression -> expression BWAND expression .)
    QMARK           reduce using rule 15 (expression -> expression BWAND expression .)
    COALESCE        reduce using rule 15 (expression -> expression BWAND expression .)
    BWAND           reduce using rule 15 (expression -> expression BWAND expression .)
    BWOR            reduce using rule 15 (expression -> expression BWAND expression .)
    BWXOR           reduce using rule 15 (expression -> expression BWAND expression .)
    IN              reduce using rule 15 (expression -> expression BWAND expression .)
    NOT             reduce using rule 15 (expression -> expression BWAND expression .)
    EQ              reduce using rule 15 (expression -> expression BWAND expression .)
    NE              reduce using rule 15 (expression -> expression BWAND expression .)
    GT              reduce using rule 15 (expression -> expression BWAND expression .)
    GE              reduce using rule 15 (expression -> expression BWAND expression .)
    LT              reduce using rule 15 (expression -> expression BWAND expression .)
    LE              reduce using rule 15 (expression -> expression BWAND expression .)
    EQ_FZM          reduce using rule 15 (expression -> expression BWAND expression .)
    EQ_FZS          reduce using rule 15 (expression -> expression BWAND expression .)
    NE_FZM          reduce using rule 15 (expression -> expression BWAND expression .)
    NE_FZS          reduce using rule 15 (expression -> expression BWAND expression .)
    AND             reduce using rule 15 (expression -> expression BWAND expression .)
    OR              reduce using rule 15 (expression -> expression BWAND expression .)
    $end            reduce using rule 15 (expression -> expression BWAND expression .)
    RPAREN          reduce using rule 15 (expression -> expression BWAND expression .)
    COLON           reduce using rule 15 (expression -> expression BWAND expression .)
    RBRACE          reduce using rule 15 (expression -> expression BWAND expression .)
    COMMA           reduce using rule 15 (expression -> expression BWAND expression .)
    FOR             reduce using rule 15 (expression -> expression BWAND expression .)
    RBRACKET        reduce using rule 15 (expression -> expression BWAND expression .)
    IF              reduce using rule 15 (expression -> expression BWAND expression .)
    MOD             shift and go to state 23
    MUL             shift and go to state 24
    FDIV            shift and go to state 25
    TDIV            shift and go to state 26
    POW             shift and go to state 27
    ADD             shift and go to state 28
    SUB             shift and go to state 29
    BWLSH           shift and go to state 33
    BWRSH           shift and go to state 34
    LPAREN          shift and go to state 49

  ! MOD             [ reduce using rule 15 (expression -> expression BWAND expression .) ]
  ! MUL             [ reduce using rule 15 (expression -> expression BWAND expression .) ]
  ! FDIV            [ reduce using rule 15 (expression -> expression BWAND expression .) ]
  ! TDIV            [ reduce using rule 15 (expression -> expression BWAND expression .) ]
  ! POW             [ reduce using rule 15 (expression -> expression BWAND expression .) ]
  ! ADD             [ reduce using rule 15 (expression -> expression BWAND expression .) ]
  ! SUB             [ reduce using rule 15 (expression -> expression BWAND expression .) ]
  ! BWLSH           [ reduce using rule 15 (expression -> expression BWAND expression .) ]
  ! BWRSH           [ reduce using rule 15 (expression -> expression BWAND expression .) ]
  ! LPAREN          [ reduce using rule 15 (expression -> expression BWAND expression .) ]
  ! QMARK           [ shift and go to state 21 ]
  ! COALESCE        [ shift and go to state 22 ]
  ! BWAND           [ shift and go to state 30 ]
  ! BWOR            [ shift and go to state 31 ]
  ! BWXOR           [ shift and go to state 32 ]
  ! IN              [ shift and go to state 35 ]
  ! NOT             [ shift and go to state 36 ]
  ! EQ              [ shift and go to state 37 ]
  ! NE              [ shift and go to state 38 ]
  ! GT              [ shift and go to state 39 ]
  ! GE              [ shift and go to state 40 ]
  ! LT              [ shift and go to state 41 ]
  ! LE              [ shift and go to state 42 ]
  ! EQ_FZM          [ shift and go to state 43 ]
  ! EQ_FZS          [ shift and go to state 44 ]
  ! NE_FZM          [ shift and go to state 45 ]
  ! NE_FZS          [ shift and go to state 46 ]
  ! AND             [ shift and go to state 47 ]
  ! OR              [ shift and go to state 48 ]


state 74

    (16) expression -> expression BWOR expression .
    (6) expression -> expression . QMARK expression COLON expression
    (7) expression -> expression . COALESCE expression
    (8) expression -> expression . MOD expression
    (9) expression -> expression . MUL expression
    (10) expression -> expression . FDIV expression
    (11) expression -> expression . TDIV expression
    (12) expression -> expression . POW expression
    (13) expression -> expression . ADD expression
    (14) expression -> expression . SUB expression
    (15) expression -> expression . BWAND expression
    (16) expression -> expression . BWOR expression
    (17) expression -> expression . BWXOR expression
    (18) expression -> expression . BWLSH expression
    (19) expression -> expression . BWRSH expression
    (20) expression -> expression . IN expression
    (21) expression -> expression . NOT IN expression
    (22) expression -> expression . EQ expression
    (23) expression -> expression . NE expression
    (24) expression -> expression . GT expression
    (25) expression -> expression . GE expression
    (26) expression -> expression . LT expression
    (27) expression -> expression . LE expression
    (28) expression -> expression . EQ_FZM expression
    (29) expression -> expression . EQ_FZS expression
    (30) expression -> expression . NE_FZM expression
    (31) expression -> expression . NE_FZS expression
    (32) expression -> expression . AND expression
    (33) expression -> expression . OR expression
    (68) object -> expression . LPAREN RPAREN
    (69) object -> expression . LPAREN ary_members RPAREN

    COMMENT         reduce using rule 16 (expression -> expression BWOR expression .)
    QMARK           reduce using rule 16 (expression -> expression BWOR expression .)
    COALESCE        reduce using rule 16 (expression -> expression BWOR expression .)
    BWOR            reduce using rule 16 (expression -> expression BWOR expression .)
    IN              reduce using rule 16 (expression -> expression BWOR expression .)
    NOT             reduce using rule 16 (expression -> expression BWOR expression .)
    EQ              reduce using rule 16 (expression -> expression BWOR expression .)
    NE              reduce using rule 16 (expression -> expression BWOR expression .)
    GT              reduce using rule 16 (expression -> expression BWOR expression .)
    GE              reduce using rule 16 (expression -> expression BWOR expression .)
    LT              reduce using rule 16 (expression -> expression BWOR expression .)
    LE              reduce using rule 16 (expression -> expression BWOR expression .)
    EQ_FZM          reduce using rule 16 (expression -> expression BWOR expression .)
    EQ_FZS          reduce using rule 16 (expression -> expression BWOR expression .)
    NE_FZM          reduce using rule 16 (expression -> expression BWOR expression .)
    NE_FZS          reduce using rule 16 (expression -> expression BWOR expression .)
    AND             reduce using rule 16 (expression -> expression BWOR expression .)
    OR              reduce using rule 16 (expression -> expression BWOR expression .)
    $end            reduce using rule 16 (expression -> expression BWOR expression .)
    RPAREN          reduce using rule 16 (expression -> expression BWOR expression .)
    COLON           reduce using rule 16 (expression -> expression BWOR expression .)
    RBRACE          reduce using rule 16 (expression -> expression BWOR expression .)
    COMMA           reduce using rule 16 (expression -> expression BWOR expression .)
    FOR             reduce using rule 16 (expression -> expression BWOR expression .)
    RBRACKET        reduce using rule 16 (expression -> expression BWOR expression .)
    IF              reduce using rule 16 (expression -> expression BWOR expression .)
    MOD             shift and go to state 23
    MUL             shift and go to state 24
    FDIV            shift and go to state 25
    TDIV            shift and go to state 26
    POW             shift and go to state 27
    ADD             shift and go to state 28
    SUB             shift and go to state 29
    BWAND           shift and go to state 30
    BWXOR           shift and go to state 32
    BWLSH           shift and go to state 33
    BWRSH           shift and go to state 34
    LPAREN          shift and go to state 49

  ! MOD             [ reduce using rule 16 (expression -> expression BWOR expression .) ]
  ! MUL             [ reduce using rule 16 (expression -> expression BWOR expression .) ]
  ! FDIV            [ reduce using rule 16 (expression -> expression BWOR expression .) ]
  ! TDIV            [ reduce using rule 16 (expression -> expression BWOR expression .) ]
  ! POW             [ reduce using rule 16 (expression -> expression BWOR expression .) ]
  ! ADD             [ reduce using rule 16 (expression -> expression BWOR expression .) ]
  ! SUB             [ reduce using rule 16 (expression -> expression BWOR expression .) ]
  ! BWAND           [ reduce using rule 16 (expression -> expression BWOR expression .) ]
  ! BWXOR           [ reduce using rule 16 (expression -> expression BWOR expression .) ]
  ! BWLSH           [ reduce using rule 16 (expression -> expression BWOR expression .) ]
  ! BWRSH           [ reduce using rule 16 (expression -> expression BWOR expression .) ]
  ! LPAREN          [ reduce using rule 16 (expression -> expression BWOR expression .) ]
  ! QMARK           [ shift and go to state 21 ]
  ! COALESCE        [ shift and go to state 22 ]
  ! BWOR            [ shift and go to state 31 ]
  ! IN              [ shift and go to state 35 ]
  ! NOT             [ shift and go to state 36 ]
  ! EQ              [ shift and go to state 37 ]
  ! NE              [ shift and go to state 38 ]
  ! GT              [ shift and go to state 39 ]
  ! GE              [ shift and go to state 40 ]
  ! LT              [ shift and go to state 41 ]
  ! LE              [ shift and go to state 42 ]
  ! EQ_FZM          [ shift and go to state 43 ]
  ! EQ_FZS          [ shift and go to state 44 ]
  ! NE_FZM          [ shift and go to state 45 ]
  ! NE_FZS          [ shift and go to state 46 ]
  ! AND             [ shift and go to state 47 ]
  ! OR              [ shift and go to state 48 ]


state 75

    (17) expression -> expression BWXOR expression .
    (6) expression -> expression . QMARK expression COLON expression
    (7) expression -> expression . COALESCE expression
    (8) expression -> expression . MOD expression
    (9) expression -> expression . MUL expression
    (10) expression -> expression . FDIV expression
    (11) expression -> expression . TDIV expression
    (12) expression -> expression . POW expression
    (13) expression -> expression . ADD expression
    (14) expression -> expression . SUB expression
    (15) expression -> expression . BWAND expression
    (16) expression -> expression . BWOR expression
    (17) expression -> expression . BWXOR expression
    (18) expression -> expression . BWLSH expression
    (19) expression -> expression . BWRSH expression
    (20) expression -> expression . IN expression
    (21) expression -> expression . NOT IN expression
    (22) expression -> expression . EQ expression
    (23) expression -> expression . NE expression
    (24) expression -> expression . GT expression
    (25) expression -> expression . GE expression
    (26) expression -> expression . LT expression
    (27) expression -> expression . LE expression
    (28) expression -> expression . EQ_FZM expression
    (29) expression -> expression . EQ_FZS expression
    (30) expression -> expression . NE_FZM expression
    (31) expression -> expression . NE_FZS expression
    (32) expression -> expression . AND expression
    (33) expression -> expression . OR expression
    (68) object -> expression . LPAREN RPAREN
    (69) object -> expression . LPAREN ary_members RPAREN

    COMMENT         reduce using rule 17 (expression -> expression BWXOR expression .)
    QMARK           reduce using rule 17 (expression -> expression BWXOR expression .)
    COALESCE        reduce using rule 17 (expression -> expression BWXOR expression .)
    BWOR            reduce using rule 17 (expression -> expression BWXOR expression .)
    BWXOR           reduce using rule 17 (expression -> expression BWXOR expression .)
    IN              reduce using rule 17 (expression -> expression BWXOR expression .)
    NOT             reduce using rule 17 (expression -> expression BWXOR expression .)
    EQ              reduce using rule 17 (expression -> expression BWXOR expression .)
    NE              reduce using rule 17 (expression -> expression BWXOR expression .)
    GT              reduce using rule 17 (expression -> expression BWXOR expression .)
    GE              reduce using rule 17 (expression -> expression BWXOR expression .)
    LT              reduce using rule 17 (expression -> expression BWXOR expression .)
    LE              reduce using rule 17 (expression -> expression BWXOR expression .)
    EQ_FZM          reduce using rule 17 (expression -> expression BWXOR expression .)
    EQ_FZS          reduce using rule 17 (expression -> expression BWXOR expression .)
    NE_FZM          reduce using rule 17 (expression -> expression BWXOR expression .)
    NE_FZS          reduce using rule 17 (expression -> expression BWXOR expression .)
    AND             reduce using rule 17 (expression -> expression BWXOR expression .)
    OR              reduce using rule 17 (expression -> expression BWXOR expression .)
    $end            reduce using rule 17 (expression -> expression BWXOR expression .)
    RPAREN          reduce using rule 17 (expression -> expression BWXOR expression .)
    COLON           reduce using rule 17 (expression -> expression BWXOR expression .)
    RBRACE          reduce using rule 17 (expression -> expression BWXOR expression .)
    COMMA           reduce using rule 17 (expression -> expression BWXOR expression .)
    FOR             reduce using rule 17 (expression -> expression BWXOR expression .)
    RBRACKET        reduce using rule 17 (expression -> expression BWXOR expression .)
    IF              reduce using rule 17 (expression -> expression BWXOR expression .)
    MOD             shift and go to state 23
    MUL             shift and go to state 24
    FDIV            shift and go to state 25
    TDIV            shift and go to state 26
    POW             shift and go to state 27
    ADD             shift and go to state 28
    SUB             shift and go to state 29
    BWAND           shift and go to state 30
    BWLSH           shift and go to state 33
    BWRSH           shift and go to state 34
    LPAREN          shift and go to state 49

  ! MOD             [ reduce using rule 17 (expression -> expression BWXOR expression .) ]
  ! MUL             [ reduce using rule 17 (expression -> expression BWXOR expression .) ]
  ! FDIV            [ reduce using rule 17 (expression -> expression BWXOR expression .) ]
  ! TDIV            [ reduce using rule 17 (expression -> expression BWXOR expression .) ]
  ! POW             [ reduce using rule 17 (expression -> expression BWXOR expression .) ]
  ! ADD             [ reduce using rule 17 (expression -> expression BWXOR expression .) ]
  ! SUB             [ reduce using rule 17 (expression -> expression BWXOR expression .) ]
  ! BWAND           [ reduce using rule 17 (expression -> expression BWXOR expression .) ]
  ! BWLSH           [ reduce using rule 17 (expression -> expression BWXOR expression .) ]
  ! BWRSH           [ reduce using rule 17 (expression -> expression BWXOR expression .) ]
  ! LPAREN          [ reduce using rule 17 (expression -> expression BWXOR expression .) ]
  ! QMARK           [ shift and go to state 21 ]
  ! COALESCE        [ shift and go to state 22 ]
  ! BWOR            [ shift and go to state 31 ]
  ! BWXOR           [ shift and go to state 32 ]
  ! IN              [ shift and go to state 35 ]
  ! NOT             [ shift and go to state 36 ]
  ! EQ              [ shift and go to state 37 ]
  ! NE              [ shift and go to state 38 ]
  ! GT              [ shift and go to state 39 ]
  ! GE              [ shift and go to state 40 ]
  ! LT              [ shift and go to state 41 ]
  ! LE              [ shift and go to state 42 ]
  ! EQ_FZM          [ shift and go to state 43 ]
  ! EQ_FZS          [ shift and go to state 44 ]
  ! NE_FZM          [ shift and go to state 45 ]
  ! NE_FZS          [ shift and go to state 46 ]
  ! AND             [ shift and go to state 47 ]
  ! OR              [ shift and go to state 48 ]


state 76

    (18) expression -> expression BWLSH expression .
    (6) expression -> expression . QMARK expression COLON expression
    (7) expression -> expression . COALESCE expression
    (8) expression -> expression . MOD expression
    (9) expression -> expression . MUL expression
    (10) expression -> expression . FDIV expression
    (11) expression -> expression . TDIV expression
    (12) expression -> expression . POW expression
    (13) expression -> expression . ADD expression
    (14) expression -> expression . SUB expression
    (15) expression -> expression . BWAND expression
    (16) expression -> expression . BWOR expression
    (17) expression -> expression . BWXOR expression
    (18) expression -> expression . BWLSH expression
    (19) expression -> expression . BWRSH expression
    (20) expression -> expression . IN expression
    (21) expression -> expression . NOT IN expression
    (22) expression -> expression . EQ expression
    (23) expression -> expression . NE expression
    (24) expression -> expression . GT expression
    (25) expression -> expression . GE expression
    (26) expression -> expression . LT expression
    (27) expression -> expression . LE expression
    (28) expression -> expression . EQ_FZM expression
    (29) expression -> expression . EQ_FZS expression
    (30) expression -> expression . NE_FZM expression
    (31) expression -> expression . NE_FZS expression
    (32) expression -> expression . AND expression
    (33) expression -> expression . OR expression
    (68) object -> expression . LPAREN RPAREN
    (69) object -> expression . LPAREN ary_members RPAREN

    COMMENT         reduce using rule 18 (expression -> expression BWLSH expression .)
    QMARK           reduce using rule 18 (expression -> expression BWLSH expression .)
    COALESCE        reduce using rule 18 (expression -> expression BWLSH expression .)
    BWAND           reduce using rule 18 (expression -> expression BWLSH expression .)
    BWOR            reduce using rule 18 (expression -> expression BWLSH expression .)
    BWXOR           reduce using rule 18 (expression -> expression BWLSH expression .)
    BWLSH           reduce using rule 18 (expression -> expression BWLSH expression .)
    BWRSH           reduce using rule 18 (expression -> expression BWLSH expression .)
    IN              reduce using rule 18 (expression -> expression BWLSH expression .)
    NOT             reduce using rule 18 (expression -> expression BWLSH expression .)
    EQ              reduce using rule 18 (expression -> expression BWLSH expression .)
    NE              reduce using rule 18 (expression -> expression BWLSH expression .)
    GT              reduce using rule 18 (expression -> expression BWLSH expression .)
    GE              reduce using rule 18 (expression -> expression BWLSH expression .)
    LT              reduce using rule 18 (expression -> expression BWLSH expression .)
    LE              reduce using rule 18 (expression -> expression BWLSH expression .)
    EQ_FZM          reduce using rule 18 (expression -> expression BWLSH expression .)
    EQ_FZS          reduce using rule 18 (expression -> expression BWLSH expression .)
    NE_FZM          reduce using rule 18 (expression -> expression BWLSH expression .)
    NE_FZS          reduce using rule 18 (expression -> expression BWLSH expression .)
    AND             reduce using rule 18 (expression -> expression BWLSH expression .)
    OR              reduce using rule 18 (expression -> expression BWLSH expression .)
    $end            reduce using rule 18 (expression -> expression BWLSH expression .)
    RPAREN          reduce using rule 18 (expression -> expression BWLSH expression .)
    COLON           reduce using rule 18 (expression -> expression BWLSH expression .)
    RBRACE          reduce using rule 18 (expression -> expression BWLSH expression .)
    COMMA           reduce using rule 18 (expression -> expression BWLSH expression .)
    FOR             reduce using rule 18 (expression -> expression BWLSH expression .)
    RBRACKET        reduce using rule 18 (expression -> expression BWLSH expression .)
    IF              reduce using rule 18 (expression -> expression BWLSH expression .)
    MOD             shift and go to state 23
    MUL             shift and go to state 24
    FDIV            shift and go to state 25
    TDIV            shift and go to state 26
    POW             shift and go to state 27
    ADD             shift and go to state 28
    SUB             shift and go to state 29
    LPAREN          shift and go to state 49

  ! MOD             [ reduce using rule 18 (expression -> expression BWLSH expression .) ]
  ! MUL             [ reduce using rule 18 (expression -> expression BWLSH expression .) ]
  ! FDIV            [ reduce using rule 18 (expression -> expression BWLSH expression .) ]
  ! TDIV            [ reduce using rule 18 (expression -> expression BWLSH expression .) ]
  ! POW             [ reduce using rule 18 (expression -> expression BWLSH expression .) ]
  ! ADD             [ reduce using rule 18 (expression -> expression BWLSH expression .) ]
  ! SUB             [ reduce using rule 18 (expression -> expression BWLSH expression .) ]
  ! LPAREN          [ reduce using rule 18 (expression -> expression BWLSH expression .) ]
  ! QMARK           [ shift and go to state 21 ]
  ! COALESCE        [ shift and go to state 22 ]
  ! BWAND           [ shift and go to state 30 ]
  ! BWOR            [ shift and go to state 31 ]
  ! BWXOR           [ shift and go to state 32 ]
  ! BWLSH           [ shift and go to state 33 ]
  ! BWRSH           [ shift and go to state 34 ]
  ! IN              [ shift and go to state 35 ]
  ! NOT             [ shift and go to state 36 ]
  ! EQ              [ shift and go to state 37 ]
  ! NE              [ shift and go to state 38 ]
  ! GT              [ shift and go to state 39 ]
  ! GE              [ shift and go to state 40 ]
  ! LT              [ shift and go to state 41 ]
  ! LE              [ shift and go to state 42 ]
  ! EQ_FZM          [ shift and go to state 43 ]
  ! EQ_FZS          [ shift and go to state 44 ]
  ! NE_FZM          [ shift and go to state 45 ]
  ! NE_FZS          [ shift and go to state 46 ]
  ! AND             [ shift and go to state 47 ]
  ! OR              [ shift and go to state 48 ]


state 77

    (19) expression -> expression BWRSH expression .
    (6) expression -> expression . QMARK expression COLON expression
    (7) expression -> expression . COALESCE expression
    (8) expression -> expression . MOD expression
    (9) expression -> expression . MUL expression
    (10) expression -> expression . FDIV expression
    (11) expression -> expression . TDIV expression
    (12) expression -> expression . POW expression
    (13) expression -> expression . ADD expression
    (14) expression -> expression . SUB expression
    (15) expression -> expression . BWAND expression
    (16) expression -> expression . BWOR expression
    (17) expression -> expression . BWXOR expression
    (18) expression -> expression . BWLSH expression
    (19) expression -> expression . BWRSH expression
    (20) expression -> expression . IN expression
    (21) expression -> expression . NOT IN expression
    (22) expression -> expression . EQ expression
    (23) expression -> expression . NE expression
    (24) expression -> expression . GT expression
    (25) expression -> expression . GE expression
    (26) expression -> expression . LT expression
    (27) expression -> expression . LE expression
    (28) expression -> expression . EQ_FZM expression
    (29) expression -> expression . EQ_FZS expression
    (30) expression -> expression . NE_FZM expression
    (31) expression -> expression . NE_FZS expression
    (32) expression -> expression . AND expression
    (33) expression -> expression . OR expression
    (68) object -> expression . LPAREN RPAREN
    (69) object -> expression . LPAREN ary_members RPAREN

    COMMENT         reduce using rule 19 (expression -> expression BWRSH expression .)
    QMARK           reduce using rule 19 (expression -> expression BWRSH expression .)
    COALESCE        reduce using rule 19 (expression -> expression BWRSH expression .)
    BWAND           reduce using rule 19 (expression -> expression BWRSH expression .)
    BWOR            reduce using rule 19 (expression -> expression BWRSH expression .)
    BWXOR           reduce using rule 19 (expression -> expression BWRSH expression .)
    BWLSH           reduce using rule 19 (expression -> expression BWRSH expression .)
    BWRSH           reduce using rule 19 (expression -> expression BWRSH expression .)
    IN              reduce using rule 19 (expression -> expression BWRSH expression .)
    NOT             reduce using rule 19 (expression -> expression BWRSH expression .)
    EQ              reduce using rule 19 (expression -> expression BWRSH expression .)
    NE              reduce using rule 19 (expression -> expression BWRSH expression .)
    GT              reduce using rule 19 (expression -> expression BWRSH expression .)
    GE              reduce using rule 19 (expression -> expression BWRSH expression .)
    LT              reduce using rule 19 (expression -> expression BWRSH expression .)
    LE              reduce using rule 19 (expression -> expression BWRSH expression .)
    EQ_FZM          reduce using rule 19 (expression -> expression BWRSH expression .)
    EQ_FZS          reduce using rule 19 (expression -> expression BWRSH expression .)
    NE_FZM          reduce using rule 19 (expression -> expression BWRSH expression .)
    NE_FZS          reduce using rule 19 (expression -> expression BWRSH expression .)
    AND             reduce using rule 19 (expression -> expression BWRSH expression .)
    OR              reduce using rule 19 (expression -> expression BWRSH expression .)
    $end            reduce using rule 19 (expression -> expression BWRSH expression .)
    RPAREN          reduce using rule 19 (expression -> expression BWRSH expression .)
    COLON           reduce using rule 19 (expression -> expression BWRSH expression .)
    RBRACE          reduce using rule 19 (expression -> expression BWRSH expression .)
    COMMA           reduce using rule 19 (expression -> expression BWRSH expression .)
    FOR             reduce using rule 19 (expression -> expression BWRSH expression .)
    RBRACKET        reduce using rule 19 (expression -> expression BWRSH expression .)
    IF              reduce using rule 19 (expression -> expression BWRSH expression .)
    MOD             shift and go to state 23
    MUL             shift and go to state 24
    FDIV            shift and go to state 25
    TDIV            shift and go to state 26
    POW             shift and go to state 27
    ADD             shift and go to state 28
    SUB             shift and go to state 29
    LPAREN          shift and go to state 49

  ! MOD             [ reduce using rule 19 (expression -> expression BWRSH expression .) ]
  ! MUL             [ reduce using rule 19 (expression -> expression BWRSH expression .) ]
  ! FDIV            [ reduce using rule 19 (expression -> expression BWRSH expression .) ]
  ! TDIV            [ reduce using rule 19 (expression -> expression BWRSH expression .) ]
  ! POW             [ reduce using rule 19 (expression -> expression BWRSH expression .) ]
  ! ADD             [ reduce using rule 19 (expression -> expression BWRSH expression .) ]
  ! SUB             [ reduce using rule 19 (expression -> expression BWRSH expression .) ]
  ! LPAREN          [ reduce using rule 19 (expression -> expression BWRSH expression .) ]
  ! QMARK           [ shift and go to state 21 ]
  ! COALESCE        [ shift and go to state 22 ]
  ! BWAND           [ shift and go to state 30 ]
  ! BWOR            [ shift and go to state 31 ]
  ! BWXOR           [ shift and go to state 32 ]
  ! BWLSH           [ shift and go to state 33 ]
  ! BWRSH           [ shift and go to state 34 ]
  ! IN              [ shift and go to state 35 ]
  ! NOT             [ shift and go to state 36 ]
  ! EQ              [ shift and go to state 37 ]
  ! NE              [ shift and go to state 38 ]
  ! GT              [ shift and go to state 39 ]
  ! GE              [ shift and go to state 40 ]
  ! LT              [ shift and go to state 41 ]
  ! LE              [ shift and go to state 42 ]
  ! EQ_FZM          [ shift and go to state 43 ]
  ! EQ_FZS          [ shift and go to state 44 ]
  ! NE_FZM          [ shift and go to state 45 ]
  ! NE_FZS          [ shift and go to state 46 ]
  ! AND             [ shift and go to state 47 ]
  ! OR              [ shift and go to state 48 ]


state 78

    (20) expression -> expression IN expression .
    (6) expression -> expression . QMARK expression COLON expression
    (7) expression -> expression . COALESCE expression
    (8) expression -> expression . MOD expression
    (9) expression -> expression . MUL expression
    (10) expression -> expression . FDIV expression
    (11) expression -> expression . TDIV expression
    (12) expression -> expression . POW expression
    (13) expression -> expression . ADD expression
    (14) expression -> expression . SUB expression
    (15) expression -> expression . BWAND expression
    (16) expression -> expression . BWOR expression
    (17) expression -> expression . BWXOR expression
    (18) expression -> expression . BWLSH expression
    (19) expression -> expression . BWRSH expression
    (20) expression -> expression . IN expression
    (21) expression -> expression . NOT IN expression
    (22) expression -> expression . EQ expression
    (23) expression -> expression . NE expression
    (24) expression -> expression . GT expression
    (25) expression -> expression . GE expression
    (26) expression -> expression . LT expression
    (27) expression -> expression . LE expression
    (28) expression -> expression . EQ_FZM expression
    (29) expression -> expression . EQ_FZS expression
    (30) expression -> expression . NE_FZM expression
    (31) expression -> expression . NE_FZS expression
    (32) expression -> expression . AND expression
    (33) expression -> expression . OR expression
    (68) object -> expression . LPAREN RPAREN
    (69) object -> expression . LPAREN ary_members RPAREN

    COMMENT         reduce using rule 20 (expression -> expression IN expression .)
    QMARK           reduce using rule 20 (expression -> expression IN expression .)
    COALESCE        reduce using rule 20 (expression -> expression IN expression .)
    IN              reduce using rule 20 (expression -> expression IN expression .)
    NOT             reduce using rule 20 (expression -> expression IN expression .)
    EQ              reduce using rule 20 (expression -> expression IN expression .)
    NE              reduce using rule 20 (expression -> expression IN expression .)
    GT              reduce using rule 20 (expression -> expression IN expression .)
    GE              reduce using rule 20 (expression -> expression IN expression .)
    LT              reduce using rule 20 (expression -> expression IN expression .)
    LE              reduce using rule 20 (expression -> expression IN expression .)
    EQ_FZM          reduce using rule 20 (expression -> expression IN expression .)
    EQ_FZS          reduce using rule 20 (expression -> expression IN expression .)
    NE_FZM          reduce using rule 20 (expression -> expression IN expression .)
    NE_FZS          reduce using rule 20 (expression -> expression IN expression .)
    AND             reduce using rule 20 (expression -> expression IN expression .)
    OR              reduce using rule 20 (expression -> expression IN expression .)
    $end            reduce using rule 20 (expression -> expression IN expression .)
    RPAREN          reduce using rule 20 (expression -> expression IN expression .)
    COLON           reduce using rule 20 (expression -> expression IN expression .)
    RBRACE          reduce using rule 20 (expression -> expression IN expression .)
    COMMA           reduce using rule 20 (expression -> expression IN expression .)
    FOR             reduce using rule 20 (expression -> expression IN expression .)
    RBRACKET        reduce using rule 20 (expression -> expression IN expression .)
    IF              reduce using rule 20 (expression -> expression IN expression .)
    MOD             shift and go to state 23
    MUL             shift and go to state 24
    FDIV            shift and go to state 25
    TDIV            shift and go to state 26
    POW             shift and go to state 27
    ADD             shift and go to state 28
    SUB             shift and go to state 29
    BWAND           shift and go to state 30
    BWOR            shift and go to state 31
    BWXOR           shift and go to state 32
    BWLSH           shift and go to state 33
    BWRSH           shift and go to state 34
    LPAREN          shift and go to state 49

  ! MOD             [ reduce using rule 20 (expression -> expression IN expression .) ]
  ! MUL             [ reduce using rule 20 (expression -> expression IN expression .) ]
  ! FDIV            [ reduce using rule 20 (expression -> expression IN expression .) ]
  ! TDIV            [ reduce using rule 20 (expression -> expression IN expression .) ]
  ! POW             [ reduce using rule 20 (expression -> expression IN expression .) ]
  ! ADD             [ reduce using rule 20 (expression -> expression IN expression .) ]
  ! SUB             [ reduce using rule 20 (expression -> expression IN expression .) ]
  ! BWAND           [ reduce using rule 20 (expression -> expression IN expression .) ]
  ! BWOR            [ reduce using rule 20 (expression -> expression IN expression .) ]
  ! BWXOR           [ reduce using rule 20 (expression -> expression IN expression .) ]
  ! BWLSH           [ reduce using rule 20 (expression -> expression IN expression .) ]
  ! BWRSH           [ reduce using rule 20 (expression -> expression IN expression .) ]
  ! LPAREN          [ reduce using rule 20 (expression -> expression IN expression .) ]
  ! QMARK           [ shift and go to state 21 ]
  ! COALESCE        [ shift and go to state 22 ]
  ! IN              [ shift and go to state 35 ]
  ! NOT             [ shift and go to state 36 ]
  ! EQ              [ shift and go to state 37 ]
  ! NE              [ shift and go to state 38 ]
  ! GT              [ shift and go to state 39 ]
  ! GE              [ shift and go to state 40 ]
  ! LT              [ shift and go to state 41 ]
  ! LE              [ shift and go to state 42 ]
  ! EQ_FZM          [ shift and go to state 43 ]
  ! EQ_FZS          [ shift and go to state 44 ]
  ! NE_FZM          [ shift and go to state 45 ]
  ! NE_FZS          [ shift and go to state 46 ]
  ! AND             [ shift and go to state 47 ]
  ! OR              [ shift and go to state 48 ]


state 79

    (21) expression -> expression NOT IN . expression
    (5) expression -> . object
    (6) expression -> . expression QMARK expression COLON expression
    (7) expression -> . expression COALESCE expression
    (8) expression -> . expression MOD expression
    (9) expression -> . expression MUL expression
    (10) expression -> . expression FDIV expression
    (11) expression -> . expression TDIV expression
    (12) expression -> . expression POW expression
    (13) expression -> . expression ADD expression
    (14) expression -> . expression SUB expression
    (15) expression -> . expression BWAND expression
    (16) expression -> . expression BWOR expression
    (17) expression -> . expression BWXOR expression
    (18) expression -> . expression BWLSH expression
    (19) expression -> . expression BWRSH expression
    (20) expression -> . expression IN expression
    (21) expression -> . expression NOT IN expression
    (22) expression -> . expression EQ expression
    (23) expression -> . expression NE expression
    (24) expression -> . expression GT expression
    (25) expression -> . expression GE expression
    (26) expression -> . expression LT expression
    (27) expression -> . expression LE expression
    (28) expression -> . expression EQ_FZM expression
    (29) expression -> . expression EQ_FZS expression
    (30) expression -> . expression NE_FZM expression
    (31) expression -> . expression NE_FZS expression
    (32) expression -> . expression AND expression
    (33) expression -> . expression OR expression
    (35) expression -> . NOT expression
    (37) expression -> . SUB expression
    (38) expression -> . TRUE
    (39) expression -> . FALSE
    (43) expression -> . FLOAT
    (44) expression -> . FLOAT_NAN
    (45) expression -> . FLOAT_INF
    (3) object -> . object ATTR SYMBOL
    (4) object -> . object ATTR_SAFE SYMBOL
    (34) object -> . LPAREN expression RPAREN
    (36) object -> . SYMBOL
    (40) object -> . BYTES
    (41) object -> . DATETIME
    (42) object -> . TIMEDELTA
    (46) object -> . NULL
    (47) object -> . LBRACE ary_members RBRACE
    (48) object -> . LBRACE ary_members COMMA RBRACE
    (49) object -> . STRING
    (50) object -> . LBRACKET RBRACKET
    (51) object -> . LBRACKET ary_members RBRACKET
    (52) object -> . LBRACKET ary_members COMMA RBRACKET
    (53) object -> . LBRACKET expression FOR SYMBOL IN expression RBRACKET
    (54) object -> . LBRACKET expression FOR SYMBOL IN expression IF expression RBRACKET
    (57) object -> . LBRACE RBRACE
    (58) object -> . LBRACE map_members RBRACE
    (59) object -> . LBRACE map_members COMMA RBRACE
    (63) object -> . object LBRACKET expression RBRACKET
    (64) object -> . object LBRACKET COLON RBRACKET
    (65) object -> . object LBRACKET COLON expression RBRACKET
    (66) object -> . object LBRACKET expression COLON RBRACKET
    (67) object -> . object LBRACKET expression COLON expression RBRACKET
    (68) object -> . expression LPAREN RPAREN
    (69) object -> . expression LPAREN ary_members RPAREN

    NOT             shift and go to state 5
    SUB             shift and go to state 4
    TRUE            shift and go to state 6
    FALSE           shift and go to state 7
    FLOAT           shift and go to state 8
    FLOAT_NAN       shift and go to state 9
    FLOAT_INF       shift and go to state 10
    LPAREN          shift and go to state 12
    SYMBOL          shift and go to state 11
    BYTES           shift and go to state 13
    DATETIME        shift and go to state 14
    TIMEDELTA       shift and go to state 15
    NULL            shift and go to state 16
    LBRACE          shift and go to state 17
    STRING          shift and go to state 18
    LBRACKET        shift and go to state 19

    expression                     shift and go to state 109
    object                         shift and go to state 3

state 80

    (22) expression -> expression EQ expression .
    (6) expression -> expression . QMARK expression COLON expression
    (7) expression -> expression . COALESCE expression
    (8) expression -> expression . MOD expression
    (9) expression -> expression . MUL expression
    (10) expression -> expression . FDIV expression
    (11) expression -> expression . TDIV expression
    (12) expression -> expression . POW expression
    (13) expression -> expression . ADD expression
    (14) expression -> expression . SUB expression
    (15) expression -> expression . BWAND expression
    (16) expression -> expression . BWOR expression
    (17) expression -> expression . BWXOR expression
    (18) expression -> expression . BWLSH expression
    (19) expression -> expression . BWRSH expression
    (20) expression -> expression . IN expression
    (21) expression -> expression . NOT IN expression
    (22) expression -> expression . EQ expression
    (23) expression -> expression . NE expression
    (24) expression -> expression . GT expression
    (25) expression -> expression . GE expression
    (26) expression -> expression . LT expression
    (27) expression -> expression . LE expression
    (28) expression -> expression . EQ_FZM expression
    (29) expression -> expression . EQ_FZS expression
    (30) expression -> expression . NE_FZM expression
    (31) expression -> expression . NE_FZS expression
    (32) expression -> expression . AND expression
    (33) expression -> expression . OR expression
    (68) object -> expression . LPAREN RPAREN
    (69) object -> expression . LPAREN ary_members RPAREN

    COMMENT         reduce using rule 22 (expression -> expression EQ expression .)
    QMARK           reduce using rule 22 (expression -> expression EQ expression .)
    COALESCE        reduce using rule 22 (expression -> expression EQ expression .)
    NOT             reduce using rule 22 (expression -> expression EQ expression .)
    EQ              reduce using rule 22 (expression -> expression EQ expression .)
    NE              reduce using rule 22 (expression -> expression EQ expression .)
    AND             reduce using rule 22 (expression -> expression EQ expression .)
    OR              reduce using rule 22 (expression -> expression EQ expression .)
    $end            reduce using rule 22 (expression -> expression EQ expression .)
    RPAREN          reduce using rule 22 (expression -> expression EQ expression .)
    COLON           reduce using rule 22 (expression -> expression EQ expression .)
    RBRACE          reduce using rule 22 (expression -> expression EQ expression .)
    COMMA           reduce using rule 22 (expression -> expression EQ expression .)
    FOR             reduce using rule 22 (expression -> expression EQ expression .)
    RBRACKET        reduce using rule 22 (expression -> expression EQ expression .)
    IF              reduce using rule 22 (expression -> expression EQ expression .)
    MOD             shift and go to state 23
    MUL             shift and go to state 24
    FDIV            shift and go to state 25
    TDIV            shift and go to state 26
    POW             shift and go to state 27
    ADD             shift and go to state 28
    SUB             shift and go to state 29
    BWAND           shift and go to state 30
    BWOR            shift and go to state 31
    BWXOR           shift and go to state 32
    BWLSH           shift and go to state 33
    BWRSH           shift and go to state 34
    IN              shift and go to state 35
    GT              shift and go to state 39
    GE              shift and go to state 40
    LT              shift and go to state 41
    LE              shift and go to state 42
    EQ_FZM          shift and go to state 43
    EQ_FZS          shift and go to state 44
    NE_FZM          shift and go to state 45
    NE_FZS          shift and go to state 46
    LPAREN          shift and go to state 49

  ! MOD             [ reduce using rule 22 (expression -> expression EQ expression .) ]
  ! MUL             [ reduce using rule 22 (expression -> expression EQ expression .) ]
  ! FDIV            [ reduce using rule 22 (expression -> expression EQ expression .) ]
  ! TDIV            [ reduce using rule 22 (expression -> expression EQ expression .) ]
  ! POW             [ reduce using rule 22 (expression -> expression EQ expression .) ]
  ! ADD             [ reduce using rule 22 (expression -> expression EQ expression .) ]
  ! SUB             [ reduce using rule 22 (expression -> expression EQ expression .) ]
  ! BWAND           [ reduce using rule 22 (expression -> expression EQ expression .) ]
  ! BWOR            [ reduce using rule 22 (expression -> expression EQ expression .) ]
  ! BWXOR           [ reduce using rule 22 (expression -> expression EQ expression .) ]
  ! BWLSH           [ reduce using rule 22 (expression -> expression EQ expression .) ]
  ! BWRSH           [ reduce using rule 22 (expression -> expression EQ expression .) ]
  ! IN              [ reduce using rule 22 (expression -> expression EQ expression .) ]
  ! GT              [ reduce using rule 22 (expression -> expression EQ expression .) ]
  ! GE              [ reduce using rule 22 (expression -> expression EQ expression .) ]
  ! LT              [ reduce using rule 22 (expression -> expression EQ expression .) ]
  ! LE              [ reduce using rule 22 (expression -> expression EQ expression .) ]
  ! EQ_FZM          [ reduce using rule 22 (expression -> expression EQ expression .) ]
  ! EQ_FZS          [ reduce using rule 22 (expression -> expression EQ expression .) ]
  ! NE_FZM          [ reduce using rule 22 (expression -> expression EQ expression .) ]
  ! NE_FZS          [ reduce using rule 22 (expression -> expression EQ expression .) ]
  ! LPAREN          [ reduce using rule 22 (expression -> expression EQ expression .) ]
  ! QMARK           [ shift and go to state 21 ]
  ! COALESCE        [ shift and go to state 22 ]
  ! NOT             [ shift and go to state 36 ]
  ! EQ              [ shift and go to state 37 ]
  ! NE              [ shift and go to state 38 ]
  ! AND             [ shift and go to state 47 ]
  ! OR              [ shift and go to state 48 ]


state 81

    (23) expression -> expression NE expression .
    (6) expression -> expression . QMARK expression COLON expression
    (7) expression -> expression . COALESCE expression
    (8) expression -> expression . MOD expression
    (9) expression -> expression . MUL expression
    (10) expression -> expression . FDIV expression
    (11) expression -> expression . TDIV expression
    (12) expression -> expression . POW expression
    (13) expression -> expression . ADD expression
    (14) expression -> expression . SUB expression
    (15) expression -> expression . BWAND expression
    (16) expression -> expression . BWOR expression
    (17) expression -> expression . BWXOR expression
    (18) expression -> expression . BWLSH expression
    (19) expression -> expression . BWRSH expression
    (20) expression -> expression . IN expression
    (21) expression -> expression . NOT IN expression
    (22) expression -> expression . EQ expression
    (23) expression -> expression . NE expression
    (24) expression -> expression . GT expression
    (25) expression -> expression . GE expression
    (26) expression -> expression . LT expression
    (27) expression -> expression . LE expression
    (28) expression -> expression . EQ_FZM expression
    (29) expression -> expression . EQ_FZS expression
    (30) expression -> expression . NE_FZM expression
    (31) expression -> expression . NE_FZS expression
    (32) expression -> expression . AND expression
    (33) expression -> expression . OR expression
    (68) object -> expression . LPAREN RPAREN
    (69) object -> expression . LPAREN ary_members RPAREN

    COMMENT         reduce using rule 23 (expression -> expression NE expression .)
    QMARK           reduce using rule 23 (expression -> expression NE expression .)
    COALESCE        reduce using rule 23 (expression -> expression NE expression .)
    NOT             reduce using rule 23 (expression -> expression NE expression .)
    EQ              reduce using rule 23 (expression -> expression NE expression .)
    NE              reduce using rule 23 (expression -> expression NE expression .)
    AND             reduce using rule 23 (expression -> expression NE expression .)
    OR              reduce using rule 23 (expression -> expression NE expression .)
    $end            reduce using rule 23 (expression -> expression NE expression .)
    RPAREN          reduce using rule 23 (expression -> expression NE expression .)
    COLON           reduce using rule 23 (expression -> expression NE expression .)
    RBRACE          reduce using rule 23 (expression -> expression NE expression .)
    COMMA           reduce using rule 23 (expression -> expression NE expression .)
    FOR             reduce using rule 23 (expression -> expression NE expression .)
    RBRACKET        reduce using rule 23 (expression -> expression NE expression .)
    IF              reduce using rule 23 (expression -> expression NE expression .)
    MOD             shift and go to state 23
    MUL             shift and go to state 24
    FDIV            shift and go to state 25
    TDIV            shift and go to state 26
    POW             shift and go to state 27
    ADD             shift and go to state 28
    SUB             shift and go to state 29
    BWAND           shift and go to state 30
    BWOR            shift and go to state 31
    BWXOR           shift and go to state 32
    BWLSH           shift and go to state 33
    BWRSH           shift and go to state 34
    IN              shift and go to state 35
    GT              shift and go to state 39
    GE              shift and go to state 40
    LT              shift and go to state 41
    LE              shift and go to state 42
    EQ_FZM          shift and go to state 43
    EQ_FZS          shift and go to state 44
    NE_FZM          shift and go to state 45
    NE_FZS          shift and go to state 46
    LPAREN          shift and go to state 49

  ! MOD             [ reduce using rule 23 (expression -> expression NE expression .) ]
  ! MUL             [ reduce using rule 23 (expression -> expression NE expression .) ]
  ! FDIV            [ reduce using rule 23 (expression -> expression NE expression .) ]
  ! TDIV            [ reduce using rule 23 (expression -> expression NE expression .) ]
  ! POW             [ reduce using rule 23 (expression -> expression NE expression .) ]
  ! ADD             [ reduce using rule 23 (expression -> expression NE expression .) ]
  ! SUB             [ reduce using rule 23 (expression -> expression NE expression .) ]
  ! BWAND           [ reduce using rule 23 (expression -> expression NE expression .) ]
  ! BWOR            [ reduce using rule 23 (expression -> expression NE expression .) ]
  ! BWXOR           [ reduce using rule 23 (expression -> expression NE expression .) ]
  ! BWLSH           [ reduce using rule 23 (expression -> expression NE expression .) ]
  ! BWRSH           [ reduce using rule 23 (expression -> expression NE expression .) ]
  ! IN              [ reduce using rule 23 (expression -> expression NE expression .) ]
  ! GT              [ reduce using rule 23 (expression -> expression NE expression .) ]
  ! GE              [ reduce using rule 23 (expression -> expression NE expression .) ]
  ! LT              [ reduce using rule 23 (expression -> expression NE expression .) ]
  ! LE              [ reduce using rule 23 (expression -> expression NE expression .) ]
  ! EQ_FZM          [ reduce using rule 23 (expression -> expression NE expression .) ]
  ! EQ_FZS          [ reduce using rule 23 (expression -> expression NE expression .) ]
  ! NE_FZM          [ reduce using rule 23 (expression -> expression NE expression .) ]
  ! NE_FZS          [ reduce using rule 23 (expression -> expression NE expression .) ]
  ! LPAREN          [ reduce using rule 23 (expression -> expression NE expression .) ]
  ! QMARK           [ shift and go to state 21 ]
  ! COALESCE        [ shift and go to state 22 ]
  ! NOT             [ shift and go to state 36 ]
  ! EQ              [ shift and go to state 37 ]
  ! NE              [ shift and go to state 38 ]
  ! AND             [ shift and go to state 47 ]
  ! OR              [ shift and go to state 48 ]


state 82

    (24) expression -> expression GT expression .
    (6) expression -> expression . QMARK expression COLON expression
    (7) expression -> expression . COALESCE expression
    (8) expression -> expression . MOD expression
    (9) expression -> expression . MUL expression
    (10) expression -> expression . FDIV expression
    (11) expression -> expression . TDIV expression
    (12) expression -> expression . POW expression
    (13) expression -> expression . ADD expression
    (14) expression -> expression . SUB expression
    (15) expression -> expression . BWAND expression
    (16) expression -> expression . BWOR expression
    (17) expression -> expression . BWXOR expression
    (18) expression -> expression . BWLSH expression
    (19) expression -> expression . BWRSH expression
    (20) expression -> expression . IN expression
    (21) expression -> expression . NOT IN expression
    (22) expression -> expression . EQ expression
    (23) expression -> expression . NE expression
    (24) expression -> expression . GT expression
    (25) expression -> expression . GE expression
    (26) expression -> expression . LT expression
    (27) expression -> expression . LE expression
    (28) expression -> expression . EQ_FZM expression
    (29) expression -> expression . EQ_FZS expression
    (30) expression -> expression . NE_FZM expression
    (31) expression -> expression . NE_FZS expression
    (32) expression -> expression . AND expression
    (33) expression -> expression . OR expression
    (68) object -> expression . LPAREN RPAREN
    (69) object -> expression . LPAREN ary_members RPAREN

    COMMENT         reduce using rule 24 (expression -> expression GT expression .)
    QMARK           reduce using rule 24 (expression -> expression GT expression .)
    COALESCE        reduce using rule 24 (expression -> expression GT expression .)
    IN              reduce using rule 24 (expression -> expression GT expression .)
    NOT             reduce using rule 24 (expression -> expression GT expression .)
    EQ              reduce using rule 24 (expression -> expression GT expression .)
    NE              reduce using rule 24 (expression -> expression GT expression .)
    GT              reduce using rule 24 (expression -> expression GT expression .)
    GE              reduce using rule 24 (expression -> expression GT expression .)
    LT              reduce using rule 24 (expression -> expression GT expression .)
    LE              reduce using rule 24 (expression -> expression GT expression .)
    EQ_FZM          reduce using rule 24 (expression -> expression GT expression .)
    EQ_FZS          reduce using rule 24 (expression -> expression GT expression .)
    NE_FZM          reduce using rule 24 (expression -> expression GT expression .)
    NE_FZS          reduce using rule 24 (expression -> expression GT expression .)
    AND             reduce using rule 24 (expression -> expression GT expression .)
    OR              reduce using rule 24 (expression -> expression GT expression .)
    $end            reduce using rule 24 (expression -> expression GT expression .)
    RPAREN          reduce using rule 24 (expression -> expression GT expression .)
    COLON           reduce using rule 24 (expression -> expression GT expression .)
    RBRACE          reduce using rule 24 (expression -> expression GT expression .)
    COMMA           reduce using rule 24 (expression -> expression GT expression .)
    FOR             reduce using rule 24 (expression -> expression GT expression .)
    RBRACKET        reduce using rule 24 (expression -> expression GT expression .)
    IF              reduce using rule 24 (expression -> expression GT expression .)
    MOD             shift and go to state 23
    MUL             shift and go to state 24
    FDIV            shift and go to state 25
    TDIV            shift and go to state 26
    POW             shift and go to state 27
    ADD             shift and go to state 28
    SUB             shift and go to state 29
    BWAND           shift and go to state 30
    BWOR            shift and go to state 31
    BWXOR           shift and go to state 32
    BWLSH           shift and go to state 33
    BWRSH           shift and go to state 34
    LPAREN          shift and go to state 49

  ! MOD             [ reduce using rule 24 (expression -> expression GT expression .) ]
  ! MUL             [ reduce using rule 24 (expression -> expression GT expression .) ]
  ! FDIV            [ reduce using rule 24 (expression -> expression GT expression .) ]
  ! TDIV            [ reduce using rule 24 (expression -> expression GT expression .) ]
  ! POW             [ reduce using rule 24 (expression -> expression GT expression .) ]
  ! ADD             [ reduce using rule 24 (expression -> expression GT expression .) ]
  ! SUB             [ reduce using rule 24 (expression -> expression GT expression .) ]
  ! BWAND           [ reduce using rule 24 (expression -> expression GT expression .) ]
  ! BWOR            [ reduce using rule 24 (expression -> expression GT expression .) ]
  ! BWXOR           [ reduce using rule 24 (expression -> expression GT expression .) ]
  ! BWLSH           [ reduce using rule 24 (expression -> expression GT expression .) ]
  ! BWRSH           [ reduce using rule 24 (expression -> expression GT expression .) ]
  ! LPAREN          [ reduce using rule 24 (expression -> expression GT expression .) ]
  ! QMARK           [ shift and go to state 21 ]
  ! COALESCE        [ shift and go to state 22 ]
  ! IN              [ shift and go to state 35 ]
  ! NOT             [ shift and go to state 36 ]
  ! EQ              [ shift and go to state 37 ]
  ! NE              [ shift and go to state 38 ]
  ! GT              [ shift and go to state 39 ]
  ! GE              [ shift and go to state 40 ]
  ! LT              [ shift and go to state 41 ]
  ! LE              [ shift and go to state 42 ]
  ! EQ_FZM          [ shift and go to state 43 ]
  ! EQ_FZS          [ shift and go to state 44 ]
  ! NE_FZM          [ shift and go to state 45 ]
  ! NE_FZS          [ shift and go to state 46 ]
  ! AND             [ shift and go to state 47 ]
  ! OR              [ shift and go to state 48 ]


state 83

    (25) expression -> expression GE expression .
    (6) expression -> expression . QMARK expression COLON expression
    (7) expression -> expression . COALESCE expression
    (8) expression -> expression . MOD expression
    (9) expression -> expression . MUL expression
    (10) expression -> expression . FDIV expression
    (11) expression -> expression . TDIV expression
    (12) expression -> expression . POW expression
    (13) expression -> expression . ADD expression
    (14) expression -> expression . SUB expression
    (15) expression -> expression . BWAND expression
    (16) expression -> expression . BWOR expression
    (17) expression -> expression . BWXOR expression
    (18) expression -> expression . BWLSH expression
    (19) expression -> expression . BWRSH expression
    (20) expression -> expression . IN expression
    (21) expression -> expression . NOT IN expression
    (22) expression -> expression . EQ expression
    (23) expression -> expression . NE expression
    (24) expression -> expression . GT expression
    (25) expression -> expression . GE expression
    (26) expression -> expression . LT expression
    (27) expression -> expression . LE expression
    (28) expression -> expression . EQ_FZM expression
    (29) expression -> expression . EQ_FZS expression
    (30) expression -> expression . NE_FZM expression
    (31) expression -> expression . NE_FZS expression
    (32) expression -> expression . AND expression
    (33) expression -> expression . OR expression
    (68) object -> expression . LPAREN RPAREN
    (69) object -> expression . LPAREN ary_members RPAREN

    COMMENT         reduce using rule 25 (expression -> expression GE expression .)
    QMARK           reduce using rule 25 (expression -> expression GE expression .)
    COALESCE        reduce using rule 25 (expression -> expression GE expression .)
    IN              reduce using rule 25 (expression -> expression GE expression .)
    NOT             reduce using rule 25 (expression -> expression GE expression .)
    EQ              reduce using rule 25 (expression -> expression GE expression .)
    NE              reduce using rule 25 (expression -> expression GE expression .)
    GT              reduce using rule 25 (expression -> expression GE expression .)
    GE              reduce using rule 25 (expression -> expression GE expression .)
    LT              reduce using rule 25 (expression -> expression GE expression .)
    LE              reduce using rule 25 (expression -> expression GE expression .)
    EQ_FZM          reduce using rule 25 (expression -> expression GE expression .)
    EQ_FZS          reduce using rule 25 (expression -> expression GE expression .)
    NE_FZM          reduce using rule 25 (expression -> expression GE expression .)
    NE_FZS          reduce using rule 25 (expression -> expression GE expression .)
    AND             reduce using rule 25 (expression -> expression GE expression .)
    OR              reduce using rule 25 (expression -> expression GE expression .)
    $end            reduce using rule 25 (expression -> expression GE expression .)
    RPAREN          reduce using rule 25 (expression -> expression GE expression .)
    COLON           reduce using rule 25 (expression -> expression GE expression .)
    RBRACE          reduce using rule 25 (expression -> expression GE expression .)
    COMMA           reduce using rule 25 (expression -> expression GE expression .)
    FOR             reduce using rule 25 (expression -> expression GE expression .)
    RBRACKET        reduce using rule 25 (expression -> expression GE expression .)
    IF              reduce using rule 25 (expression -> expression GE expression .)
    MOD             shift and go to state 23
    MUL             shift and go to state 24
    FDIV            shift and go to state 25
    TDIV            shift and go to state 26
    POW             shift and go to state 27
    ADD             shift and go to state 28
    SUB             shift and go to state 29
    BWAND           shift and go to state 30
    BWOR            shift and go to state 31
    BWXOR           shift and go to state 32
    BWLSH           shift and go to state 33
    BWRSH           shift and go to state 34
    LPAREN          shift and go to state 49

  ! MOD             [ reduce using rule 25 (expression -> expression GE expression .) ]
  ! MUL             [ reduce using rule 25 (expression -> expression GE expression .) ]
  ! FDIV            [ reduce using rule 25 (expression -> expression GE expression .) ]
  ! TDIV            [ reduce using rule 25 (expression -> expression GE expression .) ]
  ! POW             [ reduce using rule 25 (expression -> expression GE expression .) ]
  ! ADD             [ reduce using rule 25 (expression -> expression GE expression .) ]
  ! SUB             [ reduce using rule 25 (expression -> expression GE expression .) ]
  ! BWAND           [ reduce using rule 25 (expression -> expression GE expression .) ]
  ! BWOR            [ reduce using rule 25 (expression -> expression GE expression .) ]
  ! BWXOR           [ reduce using rule 25 (expression -> expression GE expression .) ]
  ! BWLSH           [ reduce using rule 25 (expression -> expression GE expression .) ]
  ! BWRSH           [ reduce using rule 25 (expression -> expression GE expression .) ]
  ! LPAREN          [ reduce using rule 25 (expression -> expression GE expression .) ]
  ! QMARK           [ shift and go to state 21 ]
  ! COALESCE        [ shift and go to state 22 ]
  ! IN              [ shift and go to state 35 ]
  ! NOT             [ shift and go to state 36 ]
  ! EQ              [ shift and go to state 37 ]
  ! NE              [ shift and go to state 38 ]
  ! GT              [ shift and go to state 39 ]
  ! GE              [ shift and go to state 40 ]
  ! LT              [ shift and go to state 41 ]
  ! LE              [ shift and go to state 42 ]
  ! EQ_FZM          [ shift and go to state 43 ]
  ! EQ_FZS          [ shift and go to state 44 ]
  ! NE_FZM          [ shift and go to state 45 ]
  ! NE_FZS          [ shift and go to state 46 ]
  ! AND             [ shift and go to state 47 ]
  ! OR              [ shift and go to state 48 ]


state 84

    (26) expression -> expression LT expression .
    (6) expression -> expression . QMARK expression COLON expression
    (7) expression -> expression . COALESCE expression
    (8) expression -> expression . MOD expression
    (9) expression -> expression . MUL expression
    (10) expression -> expression . FDIV expression
    (11) expression -> expression . TDIV expression
    (12) expression -> expression . POW expression
    (13) expression -> expression . ADD expression
    (14) expression -> expression . SUB expression
    (15) expression -> expression . BWAND expression
    (16) expression -> expression . BWOR expression
    (17) expression -> expression . BWXOR expression
    (18) expression -> expression . BWLSH expression
    (19) expression -> expression . BWRSH expression
    (20) expression -> expression . IN expression
    (21) expression -> expression . NOT IN expression
    (22) expression -> expression . EQ expression
    (23) expression -> expression . NE expression
    (24) expression -> expression . GT expression
    (25) expression -> expression . GE expression
    (26) expression -> expression . LT expression
    (27) expression -> expression . LE expression
    (28) expression -> expression . EQ_FZM expression
    (29) expression -> expression . EQ_FZS expression
    (30) expression -> expression . NE_FZM expression
    (31) expression -> expression . NE_FZS expression
    (32) expression -> expression . AND expression
    (33) expression -> expression . OR expression
    (68) object -> expression . LPAREN RPAREN
    (69) object -> expression . LPAREN ary_members RPAREN

    COMMENT         reduce using rule 26 (expression -> expression LT expression .)
    QMARK           reduce using rule 26 (expression -> expression LT expression .)
    COALESCE        reduce using rule 26 (expression -> expression LT expression .)
    IN              reduce using rule 26 (expression -> expression LT expression .)
    NOT             reduce using rule 26 (expression -> expression LT expression .)
    EQ              reduce using rule 26 (expression -> expression LT expression .)
    NE              reduce using rule 26 (expression -> expression LT expression .)
    GT              reduce using rule 26 (expression -> expression LT expression .)
    GE              reduce using rule 26 (expression -> expression LT expression .)
    LT              reduce using rule 26 (expression -> expression LT expression .)
    LE              reduce using rule 26 (expression -> expression LT expression .)
    EQ_FZM          reduce using rule 26 (expression -> expression LT expression .)
    EQ_FZS          reduce using rule 26 (expression -> expression LT expression .)
    NE_FZM          reduce using rule 26 (expression -> expression LT expression .)
    NE_FZS          reduce using rule 26 (expression -> expression LT expression .)
    AND             reduce using rule 26 (expression -> expression LT expression .)
    OR              reduce using rule 26 (expression -> expression LT expression .)
    $end            reduce using rule 26 (expression -> expression LT expression .)
    RPAREN          reduce using rule 26 (expression -> expression LT expression .)
    COLON           reduce using rule 26 (expression -> expression LT expression .)
    RBRACE          reduce using rule 26 (expression -> expression LT expression .)
    COMMA           reduce using rule 26 (expression -> expression LT expression .)
    FOR             reduce using rule 26 (expression -> expression LT expression .)
    RBRACKET        reduce using rule 26 (expression -> expression LT expression .)
    IF              reduce using rule 26 (expression -> expression LT expression .)
    MOD             shift and go to state 23
    MUL             shift and go to state 24
    FDIV            shift and go to state 25
    TDIV            shift and go to state 26
    POW             shift and go to state 27
    ADD             shift and go to state 28
    SUB             shift and go to state 29
    BWAND           shift and go to state 30
    BWOR            shift and go to state 31
    BWXOR           shift and go to state 32
    BWLSH           shift and go to state 33
    BWRSH           shift and go to state 34
    LPAREN          shift and go to state 49

  ! MOD             [ reduce using rule 26 (expression -> expression LT expression .) ]
  ! MUL             [ reduce using rule 26 (expression -> expression LT expression .) ]
  ! FDIV            [ reduce using rule 26 (expression -> expression LT expression .) ]
  ! TDIV            [ reduce using rule 26 (expression -> expression LT expression .) ]
  ! POW             [ reduce using rule 26 (expression -> expression LT expression .) ]
  ! ADD             [ reduce using rule 26 (expression -> expression LT expression .) ]
  ! SUB             [ reduce using rule 26 (expression -> expression LT expression .) ]
  ! BWAND           [ reduce using rule 26 (expression -> expression LT expression .) ]
  ! BWOR            [ reduce using rule 26 (expression -> expression LT expression .) ]
  ! BWXOR           [ reduce using rule 26 (expression -> expression LT expression .) ]
  ! BWLSH           [ reduce using rule 26 (expression -> expression LT expression .) ]
  ! BWRSH           [ reduce using rule 26 (expression -> expression LT expression .) ]
  ! LPAREN          [ reduce using rule 26 (expression -> expression LT expression .) ]
  ! QMARK           [ shift and go to state 21 ]
  ! COALESCE        [ shift and go to state 22 ]
  ! IN              [ shift and go to state 35 ]
  ! NOT             [ shift and go to state 36 ]
  ! EQ              [ shift and go to state 37 ]
  ! NE              [ shift and go to state 38 ]
  ! GT              [ shift and go to state 39 ]
  ! GE              [ shift and go to state 40 ]
  ! LT              [ shift and go to state 41 ]
  ! LE              [ shift and go to state 42 ]
  ! EQ_FZM          [ shift and go to state 43 ]
  ! EQ_FZS          [ shift and go to state 44 ]
  ! NE_FZM          [ shift and go to state 45 ]
  ! NE_FZS          [ shift and go to state 46 ]
  ! AND             [ shift and go to state 47 ]
  ! OR              [ shift and go to state 48 ]


state 85

    (27) expression -> expression LE expression .
    (6) expression -> expression . QMARK expression COLON expression
    (7) expression -> expression . COALESCE expression
    (8) expression -> expression . MOD expression
    (9) expression -> expression . MUL expression
    (10) expression -> expression . FDIV expression
    (11) expression -> expression . TDIV expression
    (12) expression -> expression . POW expression
    (13) expression -> expression . ADD expression
    (14) expression -> expression . SUB expression
    (15) expression -> expression . BWAND expression
    (16) expression -> expression . BWOR expression
    (17) expression -> expression . BWXOR expression
    (18) expression -> expression . BWLSH expression
    (19) expression -> expression . BWRSH expression
    (20) expression -> expression . IN expression
    (21) expression -> expression . NOT IN expression
    (22) expression -> expression . EQ expression
    (23) expression -> expression . NE expression
    (24) expression -> expression . GT expression
    (25) expression -> expression . GE expression
    (26) expression -> expression . LT expression
    (27) expression -> expression . LE expression
    (28) expression -> expression . EQ_FZM expression
    (29) expression -> expression . EQ_FZS expression
    (30) expression -> expression . NE_FZM expression
    (31) expression -> expression . NE_FZS expression
    (32) expression -> expression . AND expression
    (33) expression -> expression . OR expression
    (68) object -> expression . LPAREN RPAREN
    (69) object -> expression . LPAREN ary_members RPAREN

    COMMENT         reduce using rule 27 (expression -> expression LE expression .)
    QMARK           reduce using rule 27 (expression -> expression LE expression .)
    COALESCE        reduce using rule 27 (expression -> expression LE expression .)
    IN              reduce using rule 27 (expression -> expression LE expression .)
    NOT             reduce using rule 27 (expression -> expression LE expression .)
    EQ              reduce using rule 27 (expression -> expression LE expression .)
    NE              reduce using rule 27 (expression -> expression LE expression .)
    GT              reduce using rule 27 (expression -> expression LE expression .)
    GE              reduce using rule 27 (expression -> expression LE expression .)
    LT              reduce using rule 27 (expression -> expression LE expression .)
    LE              reduce using rule 27 (expression -> expression LE expression .)
    EQ_FZM          reduce using rule 27 (expression -> expression LE expression .)
    EQ_FZS          reduce using rule 27 (expression -> expression LE expression .)
    NE_FZM          reduce using rule 27 (expression -> expression LE expression .)
    NE_FZS          reduce using rule 27 (expression -> expression LE expression .)
    AND             reduce using rule 27 (expression -> expression LE expression .)
    OR              reduce using rule 27 (expression -> expression LE expression .)
    $end            reduce using rule 27 (expression -> expression LE expression .)
    RPAREN          reduce using rule 27 (expression -> expression LE expression .)
    COLON           reduce using rule 27 (expression -> expression LE expression .)
    RBRACE          reduce using rule 27 (expression -> expression LE expression .)
    COMMA           reduce using rule 27 (expression -> expression LE expression .)
    FOR             reduce using rule 27 (expression -> expression LE expression .)
    RBRACKET        reduce using rule 27 (expression -> expression LE expression .)
    IF              reduce using rule 27 (expression -> expression LE expression .)
    MOD             shift and go to state 23
    MUL             shift and go to state 24
    FDIV            shift and go to state 25
    TDIV            shift and go to state 26
    POW             shift and go to state 27
    ADD             shift and go to state 28
    SUB             shift and go to state 29
    BWAND           shift and go to state 30
    BWOR            shift and go to state 31
    BWXOR           shift and go to state 32
    BWLSH           shift and go to state 33
    BWRSH           shift and go to state 34
    LPAREN          shift and go to state 49

  ! MOD             [ reduce using rule 27 (expression -> expression LE expression .) ]
  ! MUL             [ reduce using rule 27 (expression -> expression LE expression .) ]
  ! FDIV            [ reduce using rule 27 (expression -> expression LE expression .) ]
  ! TDIV            [ reduce using rule 27 (expression -> expression LE expression .) ]
  ! POW             [ reduce using rule 27 (expression -> expression LE expression .) ]
  ! ADD             [ reduce using rule 27 (expression -> expression LE expression .) ]
  ! SUB             [ reduce using rule 27 (expression -> expression LE expression .) ]
  ! BWAND           [ reduce using rule 27 (expression -> expression LE expression .) ]
  ! BWOR            [ reduce using rule 27 (expression -> expression LE expression .) ]
  ! BWXOR           [ reduce using rule 27 (expression -> expression LE expression .) ]
  ! BWLSH           [ reduce using rule 27 (expression -> expression LE expression .) ]
  ! BWRSH           [ reduce using rule 27 (expression -> expression LE expression .) ]
  ! LPAREN          [ reduce using rule 27 (expression -> expression LE expression .) ]
  ! QMARK           [ shift and go to state 21 ]
  ! COALESCE        [ shift and go to state 22 ]
  ! IN              [ shift and go to state 35 ]
  ! NOT             [ shift and go to state 36 ]
  ! EQ              [ shift and go to state 37 ]
  ! NE              [ shift and go to state 38 ]
  ! GT              [ shift and go to state 39 ]
  ! GE              [ shift and go to state 40 ]
  ! LT              [ shift and go to state 41 ]
  ! LE              [ shift and go to state 42 ]
  ! EQ_FZM          [ shift and go to state 43 ]
  ! EQ_FZS          [ shift and go to state 44 ]
  ! NE_FZM          [ shift and go to state 45 ]
  ! NE_FZS          [ shift and go to state 46 ]
  ! AND             [ shift and go to state 47 ]
  ! OR              [ shift and go to state 48 ]


state 86

    (28) expression -> expression EQ_FZM expression .
    (6) expression -> expression . QMARK expression COLON expression
    (7) expression -> expression . COALESCE expression
    (8) expression -> expression . MOD expression
    (9) expression -> expression . MUL expression
    (10) expression -> expression . FDIV expression
    (11) expression -> expression . TDIV expression
    (12) expression -> expression . POW expression
    (13) expression -> expression . ADD expression
    (14) expression -> expression . SUB expression
    (15) expression -> expression . BWAND expression
    (16) expression -> expression . BWOR expression
    (17) expression -> expression . BWXOR expression
    (18) expression -> expression . BWLSH expression
    (19) expression -> expression . BWRSH expression
    (20) expression -> expression . IN expression
    (21) expression -> expression . NOT IN expression
    (22) expression -> expression . EQ expression
    (23) expression -> expression . NE expression
    (24) expression -> expression . GT expression
    (25) expression -> expression . GE expression
    (26) expression -> expression . LT expression
    (27) expression -> expression . LE expression
    (28) expression -> expression . EQ_FZM expression
    (29) expression -> expression . EQ_FZS expression
    (30) expression -> expression . NE_FZM expression
    (31) expression -> expression . NE_FZS expression
    (32) expression -> expression . AND expression
    (33) expression -> expression . OR expression
    (68) object -> expression . LPAREN RPAREN
    (69) object -> expression . LPAREN ary_members RPAREN

    COMMENT         reduce using rule 28 (expression -> expression EQ_FZM expression .)
    QMARK           reduce using rule 28 (expression -> expression EQ_FZM expression .)
    COALESCE        reduce using rule 28 (expression -> expression EQ_FZM expression .)
    IN              reduce using rule 28 (expression -> expression EQ_FZM expression .)
    NOT             reduce using rule 28 (expression -> expression EQ_FZM expression .)
    EQ              reduce using rule 28 (expression -> expression EQ_FZM expression .)
    NE              reduce using rule 28 (expression -> expression EQ_FZM expression .)
    GT              reduce using rule 28 (expression -> expression EQ_FZM expression .)
    GE              reduce using rule 28 (expression -> expression EQ_FZM expression .)
    LT              reduce using rule 28 (expression -> expression EQ_FZM expression .)
    LE              reduce using rule 28 (expression -> expression EQ_FZM expression .)
    EQ_FZM          reduce using rule 28 (expression -> expression EQ_FZM expression .)
    EQ_FZS          reduce using rule 28 (expression -> expression EQ_FZM expression .)
    NE_FZM          reduce using rule 28 (expression -> expression EQ_FZM expression .)
    NE_FZS          reduce using rule 28 (expression -> expression EQ_FZM expression .)
    AND             reduce using rule 28 (expression -> expression EQ_FZM expression .)
    OR              reduce using rule 28 (expression -> expression EQ_FZM expression .)
    $end            reduce using rule 28 (expression -> expression EQ_FZM expression .)
    RPAREN          reduce using rule 28 (expression -> expression EQ_FZM expression .)
    COLON           reduce using rule 28 (expression -> expression EQ_FZM expression .)
    RBRACE          reduce using rule 28 (expression -> expression EQ_FZM expression .)
    COMMA           reduce using rule 28 (expression -> expression EQ_FZM expression .)
    FOR             reduce using rule 28 (expression -> expression EQ_FZM expression .)
    RBRACKET        reduce using rule 28 (expression -> expression EQ_FZM expression .)
    IF              reduce using rule 28 (expression -> expression EQ_FZM expression .)
    MOD             shift and go to state 23
    MUL             shift and go to state 24
    FDIV            shift and go to state 25
    TDIV            shift and go to state 26
    POW             shift and go to state 27
    ADD             shift and go to state 28
    SUB             shift and go to state 29
    BWAND           shift and go to state 30
    BWOR            shift and go to state 31
    BWXOR           shift and go to state 32
    BWLSH           shift and go to state 33
    BWRSH           shift and go to state 34
    LPAREN          shift and go to state 49

  ! MOD             [ reduce using rule 28 (expression -> expression EQ_FZM expression .) ]
  ! MUL             [ reduce using rule 28 (expression -> expression EQ_FZM expression .) ]
  ! FDIV            [ reduce using rule 28 (expression -> expression EQ_FZM expression .) ]
  ! TDIV            [ reduce using rule 28 (expression -> expression EQ_FZM expression .) ]
  ! POW             [ reduce using rule 28 (expression -> expression EQ_FZM expression .) ]
  ! ADD             [ reduce using rule 28 (expression -> expression EQ_FZM expression .) ]
  ! SUB             [ reduce using rule 28 (expression -> expression EQ_FZM expression .) ]
  ! BWAND           [ reduce using rule 28 (expression -> expression EQ_FZM expression .) ]
  ! BWOR            [ reduce using rule 28 (expression -> expression EQ_FZM expression .) ]
  ! BWXOR           [ reduce using rule 28 (expression -> expression EQ_FZM expression .) ]
  ! BWLSH           [ reduce using rule 28 (expression -> expression EQ_FZM expression .) ]
  ! BWRSH           [ reduce using rule 28 (expression -> expression EQ_FZM expression .) ]
  ! LPAREN          [ reduce using rule 28 (expression -> expression EQ_FZM expression .) ]
  ! QMARK           [ shift and go to state 21 ]
  ! COALESCE        [ shift and go to state 22 ]
  ! IN              [ shift and go to state 35 ]
  ! NOT             [ shift and go to state 36 ]
  ! EQ              [ shift and go to state 37 ]
  ! NE              [ shift and go to state 38 ]
  ! GT              [ shift and go to state 39 ]
  ! GE              [ shift and go to state 40 ]
  ! LT              [ shift and go to state 41 ]
  ! LE              [ shift and go to state 42 ]
  ! EQ_FZM          [ shift and go to state 43 ]
  ! EQ_FZS          [ shift and go to state 44 ]
  ! NE_FZM          [ shift and go to state 45 ]
  ! NE_FZS          [ shift and go to state 46 ]
  ! AND             [ shift and go to state 47 ]
  ! OR              [ shift and go to state 48 ]


state 87

    (29) expression -> expression EQ_FZS expression .
    (6) expression -> expression . QMARK expression COLON expression
    (7) expression -> expression . COALESCE expression
    (8) expression -> expression . MOD expression
    (9) expression -> expression . MUL expression
    (10) expression -> expression . FDIV expression
    (11) expression -> expression . TDIV expression
    (12) expression -> expression . POW expression
    (13) expression -> expression . ADD expression
    (14) expression -> expression . SUB expression
    (15) expression -> expression . BWAND expression
    (16) expression -> expression . BWOR expression
    (17) expression -> expression . BWXOR expression
    (18) expression -> expression . BWLSH expression
    (19) expression -> expression . BWRSH expression
    (20) expression -> expression . IN expression
    (21) expression -> expression . NOT IN expression
    (22) expression -> expression . EQ expression
    (23) expression -> expression . NE expression
    (24) expression -> expression . GT expression
    (25) expression -> expression . GE expression
    (26) expression -> expression . LT expression
    (27) expression -> expression . LE expression
    (28) expression -> expression . EQ_FZM expression
    (29) expression -> expression . EQ_FZS expression
    (30) expression -> expression . NE_FZM expression
    (31) expression -> expression . NE_FZS expression
    (32) expression -> expression . AND expression
    (33) expression -> expression . OR expression
    (68) object -> expression . LPAREN RPAREN
    (69) object -> expression . LPAREN ary_members RPAREN

    COMMENT         reduce using rule 29 (expression -> expression EQ_FZS expression .)
    QMARK           reduce using rule 29 (expression -> expression EQ_FZS expression .)
    COALESCE        reduce using rule 29 (expression -> expression EQ_FZS expression .)
    IN              reduce using rule 29 (expression -> expression EQ_FZS expression .)
    NOT             reduce using rule 29 (expression -> expression EQ_FZS expression .)
    EQ              reduce using rule 29 (expression -> expression EQ_FZS expression .)
    NE              reduce using rule 29 (expression -> expression EQ_FZS expression .)
    GT              reduce using rule 29 (expression -> expression EQ_FZS expression .)
    GE              reduce using rule 29 (expression -> expression EQ_FZS expression .)
    LT              reduce using rule 29 (expression -> expression EQ_FZS expression .)
    LE              reduce using rule 29 (expression -> expression EQ_FZS expression .)
    EQ_FZM          reduce using rule 29 (expression -> expression EQ_FZS expression .)
    EQ_FZS          reduce using rule 29 (expression -> expression EQ_FZS expression .)
    NE_FZM          reduce using rule 29 (expression -> expression EQ_FZS expression .)
    NE_FZS          reduce using rule 29 (expression -> expression EQ_FZS expression .)
    AND             reduce using rule 29 (expression -> expression EQ_FZS expression .)
    OR              reduce using rule 29 (expression -> expression EQ_FZS expression .)
    $end            reduce using rule 29 (expression -> expression EQ_FZS expression .)
    RPAREN          reduce using rule 29 (expression -> expression EQ_FZS expression .)
    COLON           reduce using rule 29 (expression -> expression EQ_FZS expression .)
    RBRACE          reduce using rule 29 (expression -> expression EQ_FZS expression .)
    COMMA           reduce using rule 29 (expression -> expression EQ_FZS expression .)
    FOR             reduce using rule 29 (expression -> expression EQ_FZS expression .)
    RBRACKET        reduce using rule 29 (expression -> expression EQ_FZS expression .)
    IF              reduce using rule 29 (expression -> expression EQ_FZS expression .)
    MOD             shift and go to state 23
    MUL             shift and go to state 24
    FDIV            shift and go to state 25
    TDIV            shift and go to state 26
    POW             shift and go to state 27
    ADD             shift and go to state 28
    SUB             shift and go to state 29
    BWAND           shift and go to state 30
    BWOR            shift and go to state 31
    BWXOR           shift and go to state 32
    BWLSH           shift and go to state 33
    BWRSH           shift and go to state 34
    LPAREN          shift and go to state 49

  ! MOD             [ reduce using rule 29 (expression -> expression EQ_FZS expression .) ]
  ! MUL             [ reduce using rule 29 (expression -> expression EQ_FZS expression .) ]
  ! FDIV            [ reduce using rule 29 (expression -> expression EQ_FZS expression .) ]
  ! TDIV            [ reduce using rule 29 (expression -> expression EQ_FZS expression .) ]
  ! POW             [ reduce using rule 29 (expression -> expression EQ_FZS expression .) ]
  ! ADD             [ reduce using rule 29 (expression -> expression EQ_FZS expression .) ]
  ! SUB             [ reduce using rule 29 (expression -> expression EQ_FZS expression .) ]
  ! BWAND           [ reduce using rule 29 (expression -> expression EQ_FZS expression .) ]
  ! BWOR            [ reduce using rule 29 (expression -> expression EQ_FZS expression .) ]
  ! BWXOR           [ reduce using rule 29 (expression -> expression EQ_FZS expression .) ]
  ! BWLSH           [ reduce using rule 29 (expression -> expression EQ_FZS expression .) ]
  ! BWRSH           [ reduce using rule 29 (expression -> expression EQ_FZS expression .) ]
  ! LPAREN          [ reduce using rule 29 (expression -> expression EQ_FZS expression .) ]
  ! QMARK           [ shift and go to state 21 ]
  ! COALESCE        [ shift and go to state 22 ]
  ! IN              [ shift and go to state 35 ]
  ! NOT             [ shift and go to state 36 ]
  ! EQ              [ shift and go to state 37 ]
  ! NE              [ shift and go to state 38 ]
  ! GT              [ shift and go to state 39 ]
  ! GE              [ shift and go to state 40 ]
  ! LT              [ shift and go to state 41 ]
  ! LE              [ shift and go to state 42 ]
  ! EQ_FZM          [ shift and go to state 43 ]
  ! EQ_FZS          [ shift and go to state 44 ]
  ! NE_FZM          [ shift and go to state 45 ]
  ! NE_FZS          [ shift and go to state 46 ]
  ! AND             [ shift and go to state 47 ]
  ! OR              [ shift and go to state 48 ]


state 88

    (30) expression -> expression NE_FZM expression .
    (6) expression -> expression . QMARK expression COLON expression
    (7) expression -> expression . COALESCE expression
    (8) expression -> expression . MOD expression
    (9) expression -> expression . MUL expression
    (10) expression -> expression . FDIV expression
    (11) expression -> expression . TDIV expression
    (12) expression -> expression . POW expression
    (13) expression -> expression . ADD expression
    (14) expression -> expression . SUB expression
    (15) expression -> expression . BWAND expression
    (16) expression -> expression . BWOR expression
    (17) expression -> expression . BWXOR expression
    (18) expression -> expression . BWLSH expression
    (19) expression -> expression . BWRSH expression
    (20) expression -> expression . IN expression
    (21) expression -> expression . NOT IN expression
    (22) expression -> expression . EQ expression
    (23) expression -> expression . NE expression
    (24) expression -> expression . GT expression
    (25) expression -> expression . GE expression
    (26) expression -> expression . LT expression
    (27) expression -> expression . LE expression
    (28) expression -> expression . EQ_FZM expression
    (29) expression -> expression . EQ_FZS expression
    (30) expression -> expression . NE_FZM expression
    (31) expression -> expression . NE_FZS expression
    (32) expression -> expression . AND expression
    (33) expression -> expression . OR expression
    (68) object -> expression . LPAREN RPAREN
    (69) object -> expression . LPAREN ary_members RPAREN

    COMMENT         reduce using rule 30 (expression -> expression NE_FZM expression .)
    QMARK           reduce using rule 30 (expression -> expression NE_FZM expression .)
    COALESCE        reduce using rule 30 (expression -> expression NE_FZM expression .)
    IN              reduce using rule 30 (expression -> expression NE_FZM expression .)
    NOT             reduce using rule 30 (expression -> expression NE_FZM expression .)
    EQ              reduce using rule 30 (expression -> expression NE_FZM expression .)
    NE              reduce using rule 30 (expression -> expression NE_FZM expression .)
    GT              reduce using rule 30 (expression -> expression NE_FZM expression .)
    GE              reduce using rule 30 (expression -> expression NE_FZM expression .)
    LT              reduce using rule 30 (expression -> expression NE_FZM expression .)
    LE              reduce using rule 30 (expression -> expression NE_FZM expression .)
    EQ_FZM          reduce using rule 30 (expression -> expression NE_FZM expression .)
    EQ_FZS          reduce using rule 30 (expression -> expression NE_FZM expression .)
    NE_FZM          reduce using rule 30 (expression -> expression NE_FZM expression .)
    NE_FZS          reduce using rule 30 (expression -> expression NE_FZM expression .)
    AND             reduce using rule 30 (expression -> expression NE_FZM expression .)
    OR              reduce using rule 30 (expression -> expression NE_FZM expression .)
    $end            reduce using rule 30 (expression -> expression NE_FZM expression .)
    RPAREN          reduce using rule 30 (expression -> expression NE_FZM expression .)
    COLON           reduce using rule 30 (expression -> expression NE_FZM expression .)
    RBRACE          reduce using rule 30 (expression -> expression NE_FZM expression .)
    COMMA           reduce using rule 30 (expression -> expression NE_FZM expression .)
    FOR             reduce using rule 30 (expression -> expression NE_FZM expression .)
    RBRACKET        reduce using rule 30 (expression -> expression NE_FZM expression .)
    IF              reduce using rule 30 (expression -> expression NE_FZM expression .)
    MOD             shift and go to state 23
    MUL             shift and go to state 24
    FDIV            shift and go to state 25
    TDIV            shift and go to state 26
    POW             shift and go to state 27
    ADD             shift and go to state 28
    SUB             shift and go to state 29
    BWAND           shift and go to state 30
    BWOR            shift and go to state 31
    BWXOR           shift and go to state 32
    BWLSH           shift and go to state 33
    BWRSH           shift and go to state 34
    LPAREN          shift and go to state 49

  ! MOD             [ reduce using rule 30 (expression -> expression NE_FZM expression .) ]
  ! MUL             [ reduce using rule 30 (expression -> expression NE_FZM expression .) ]
  ! FDIV            [ reduce using rule 30 (expression -> expression NE_FZM expression .) ]
  ! TDIV            [ reduce using rule 30 (expression -> expression NE_FZM expression .) ]
  ! POW             [ reduce using rule 30 (expression -> expression NE_FZM expression .) ]
  ! ADD             [ reduce using rule 30 (expression -> expression NE_FZM expression .) ]
  ! SUB             [ reduce using rule 30 (expression -> expression NE_FZM expression .) ]
  ! BWAND           [ reduce using rule 30 (expression -> expression NE_FZM expression .) ]
  ! BWOR            [ reduce using rule 30 (expression -> expression NE_FZM expression .) ]
  ! BWXOR           [ reduce using rule 30 (expression -> expression NE_FZM expression .) ]
  ! BWLSH           [ reduce using rule 30 (expression -> expression NE_FZM expression .) ]
  ! BWRSH           [ reduce using rule 30 (expression -> expression NE_FZM expression .) ]
  ! LPAREN          [ reduce using rule 30 (expression -> expression NE_FZM expression .) ]
  ! QMARK           [ shift and go to state 21 ]
  ! COALESCE        [ shift and go to state 22 ]
  ! IN              [ shift and go to state 35 ]
  ! NOT             [ shift and go to state 36 ]
  ! EQ              [ shift and go to state 37 ]
  ! NE              [ shift and go to state 38 ]
  ! GT              [ shift and go to state 39 ]
  ! GE              [ shift and go to state 40 ]
  ! LT              [ shift and go to state 41 ]
  ! LE              [ shift and go to state 42 ]
  ! EQ_FZM          [ shift and go to state 43 ]
  ! EQ_FZS          [ shift and go to state 44 ]
  ! NE_FZM          [ shift and go to state 45 ]
  ! NE_FZS          [ shift and go to state 46 ]
  ! AND             [ shift and go to state 47 ]
  ! OR              [ shift and go to state 48 ]


state 89

    (31) expression -> expression NE_FZS expression .
    (6) expression -> expression . QMARK expression COLON expression
    (7) expression -> expression . COALESCE expression
    (8) expression -> expression . MOD expression
    (9) expression -> expression . MUL expression
    (10) expression -> expression . FDIV expression
    (11) expression -> expression . TDIV expression
    (12) expression -> expression . POW expression
    (13) expression -> expression . ADD expression
    (14) expression -> expression . SUB expression
    (15) expression -> expression . BWAND expression
    (16) expression -> expression . BWOR expression
    (17) expression -> expression . BWXOR expression
    (18) expression -> expression . BWLSH expression
    (19) expression -> expression . BWRSH expression
    (20) expression -> expression . IN expression
    (21) expression -> expression . NOT IN expression
    (22) expression -> expression . EQ expression
    (23) expression -> expression . NE expression
    (24) expression -> expression . GT expression
    (25) expression -> expression . GE expression
    (26) expression -> expression . LT expression
    (27) expression -> expression . LE expression
    (28) expression -> expression . EQ_FZM expression
    (29) expression -> expression . EQ_FZS expression
    (30) expression -> expression . NE_FZM expression
    (31) expression -> expression . NE_FZS expression
    (32) expression -> expression . AND expression
    (33) expression -> expression . OR expression
    (68) object -> expression . LPAREN RPAREN
    (69) object -> expression . LPAREN ary_members RPAREN

    COMMENT         reduce using rule 31 (expression -> expression NE_FZS expression .)
    QMARK           reduce using rule 31 (expression -> expression NE_FZS expression .)
    COALESCE        reduce using rule 31 (expression -> expression NE_FZS expression .)
    IN              reduce using rule 31 (expression -> expression NE_FZS expression .)
    NOT             reduce using rule 31 (expression -> expression NE_FZS expression .)
    EQ              reduce using rule 31 (expression -> expression NE_FZS expression .)
    NE              reduce using rule 31 (expression -> expression NE_FZS expression .)
    GT              reduce using rule 31 (expression -> expression NE_FZS expression .)
    GE              reduce using rule 31 (expression -> expression NE_FZS expression .)
    LT              reduce using rule 31 (expression -> expression NE_FZS expression .)
    LE              reduce using rule 31 (expression -> expression NE_FZS expression .)
    EQ_FZM          reduce using rule 31 (expression -> expression NE_FZS expression .)
    EQ_FZS          reduce using rule 31 (expression -> expression NE_FZS expression .)
    NE_FZM          reduce using rule 31 (expression -> expression NE_FZS expression .)
    NE_FZS          reduce using rule 31 (expression -> expression NE_FZS expression .)
    AND             reduce using rule 31 (expression -> expression NE_FZS expression .)
    OR              reduce using rule 31 (expression -> expression NE_FZS expression .)
    $end            reduce using rule 31 (expression -> expression NE_FZS expression .)
    RPAREN          reduce using rule 31 (expression -> expression NE_FZS expression .)
    COLON           reduce using rule 31 (expression -> expression NE_FZS expression .)
    RBRACE          reduce using rule 31 (expression -> expression NE_FZS expression .)
    COMMA           reduce using rule 31 (expression -> expression NE_FZS expression .)
    FOR             reduce using rule 31 (expression -> expression NE_FZS expression .)
    RBRACKET        reduce using rule 31 (expression -> expression NE_FZS expression .)
    IF              reduce using rule 31 (expression -> expression NE_FZS expression .)
    MOD             shift and go to state 23
    MUL             shift and go to state 24
    FDIV            shift and go to state 25
    TDIV            shift and go to state 26
    POW             shift and go to state 27
    ADD             shift and go to state 28
    SUB             shift and go to state 29
    BWAND           shift and go to state 30
    BWOR            shift and go to state 31
    BWXOR           shift and go to state 32
    BWLSH           shift and go to state 33
    BWRSH           shift and go to state 34
    LPAREN          shift and go to state 49

  ! MOD             [ reduce using rule 31 (expression -> expression NE_FZS expression .) ]
  ! MUL             [ reduce using rule 31 (expression -> expression NE_FZS expression .) ]
  ! FDIV            [ reduce using rule 31 (expression -> expression NE_FZS expression .) ]
  ! TDIV            [ reduce using rule 31 (expression -> expression NE_FZS expression .) ]
  ! POW             [ reduce using rule 31 (expression -> expression NE_FZS expression .) ]
  ! ADD             [ reduce using rule 31 (expression -> expression NE_FZS expression .) ]
  ! SUB             [ reduce using rule 31 (expression -> expression NE_FZS expression .) ]
  ! BWAND           [ reduce using rule 31 (expression -> expression NE_FZS expression .) ]
  ! BWOR            [ reduce using rule 31 (expression -> expression NE_FZS expression .) ]
  ! BWXOR           [ reduce using rule 31 (expression -> expression NE_FZS expression .) ]
  ! BWLSH           [ reduce using rule 31 (expression -> expression NE_FZS expression .) ]
  ! BWRSH           [ reduce using rule 31 (expression -> expression NE_FZS expression .) ]
  ! LPAREN          [ reduce using rule 31 (expression -> expression NE_FZS expression .) ]
  ! QMARK           [ shift and go to state 21 ]
  ! COALESCE        [ shift and go to state 22 ]
  ! IN              [ shift and go to state 35 ]
  ! NOT             [ shift and go to state 36 ]
  ! EQ              [ shift and go to state 37 ]
  ! NE              [ shift and go to state 38 ]
  ! GT              [ shift and go to state 39 ]
  ! GE              [ shift and go to state 40 ]
  ! LT              [ shift and go to state 41 ]
  ! LE              [ shift and go to state 42 ]
  ! EQ_FZM          [ shift and go to state 43 ]
  ! EQ_FZS          [ shift and go to state 44 ]
  ! NE_FZM          [ shift and go to state 45 ]
  ! NE_FZS          [ shift and go to state 46 ]
  ! AND             [ shift and go to state 47 ]
  ! OR              [ shift and go to state 48 ]


state 90

    (32) expression -> expression AND expression .
    (6) expression -> expression . QMARK expression COLON expression
    (7) expression -> expression . COALESCE expression
    (8) expression -> expression . MOD expression
    (9) expression -> expression . MUL expression
    (10) expression -> expression . FDIV expression
    (11) expression -> expression . TDIV expression
    (12) expression -> expression . POW expression
    (13) expression -> expression . ADD expression
    (14) expression -> expression . SUB expression
    (15) expression -> expression . BWAND expression
    (16) expression -> expression . BWOR expression
    (17) expression -> expression . BWXOR expression
    (18) expression -> expression . BWLSH expression
    (19) expression -> expression . BWRSH expression
    (20) expression -> expression . IN expression
    (21) expression -> expression . NOT IN expression
    (22) expression -> expression . EQ expression
    (23) expression -> expression . NE expression
    (24) expression -> expression . GT expression
    (25) expression -> expression . GE expression
    (26) expression -> expression . LT expression
    (27) expression -> expression . LE expression
    (28) expression -> expression . EQ_FZM expression
    (29) expression -> expression . EQ_FZS expression
    (30) expression -> expression . NE_FZM expression
    (31) expression -> expression . NE_FZS expression
    (32) expression -> expression . AND expression
    (33) expression -> expression . OR expression
    (68) object -> expression . LPAREN RPAREN
    (69) object -> expression . LPAREN ary_members RPAREN

    COMMENT         reduce using rule 32 (expression -> expression AND expression .)
    QMARK           reduce using rule 32 (expression -> expression AND expression .)
    AND             reduce using rule 32 (expression -> expression AND expression .)
    OR              reduce using rule 32 (expression -> expression AND expression .)
    $end            reduce using rule 32 (expression -> expression AND expression .)
    RPAREN          reduce using rule 32 (expression -> expression AND expression .)
    COLON           reduce using rule 32 (expression -> expression AND expression .)
    RBRACE          reduce using rule 32 (expression -> expression AND expression .)
    COMMA           reduce using rule 32 (expression -> expression AND expression .)
    FOR             reduce using rule 32 (expression -> expression AND expression .)
    RBRACKET        reduce using rule 32 (expression -> expression AND expression .)
    IF              reduce using rule 32 (expression -> expression AND expression .)
    COALESCE        shift and go to state 22
    MOD             shift and go to state 23
    MUL             shift and go to state 24
    FDIV            shift and go to state 25
    TDIV            shift and go to state 26
    POW             shift and go to state 27
    ADD             shift and go to state 28
    SUB             shift and go to state 29
    BWAND           shift and go to state 30
    BWOR            shift and go to state 31
    BWXOR           shift and go to state 32
    BWLSH           shift and go to state 33
    BWRSH           shift and go to state 34
    IN              shift and go to state 35
    NOT             shift and go to state 36
    EQ              shift and go to state 37
    NE              shift and go to state 38
    GT              shift and go to state 39
    GE              shift and go to state 40
    LT              shift and go to state 41
    LE              shift and go to state 42
    EQ_FZM          shift and go to state 43
    EQ_FZS          shift and go to state 44
    NE_FZM          shift and go to state 45
    NE_FZS          shift and go to state 46
    LPAREN          shift and go to state 49

  ! COALESCE        [ reduce using rule 32 (expression -> expression AND expression .) ]
  ! MOD             [ reduce using rule 32 (expression -> expression AND expression .) ]
  ! MUL             [ reduce using rule 32 (expression -> expression AND expression .) ]
  ! FDIV            [ reduce using rule 32 (expression -> expression AND expression .) ]
  ! TDIV            [ reduce using rule 32 (expression -> expression AND expression .) ]
  ! POW             [ reduce using rule 32 (expression -> expression AND expression .) ]
  ! ADD             [ reduce using rule 32 (expression -> expression AND expression .) ]
  ! SUB             [ reduce using rule 32 (expression -> expression AND expression .) ]
  ! BWAND           [ reduce using rule 32 (expression -> expression AND expression .) ]
  ! BWOR            [ reduce using rule 32 (expression -> expression AND expression .) ]
  ! BWXOR           [ reduce using rule 32 (expression -> expression AND expression .) ]
  ! BWLSH           [ reduce using rule 32 (expression -> expression AND expression .) ]
  ! BWRSH           [ reduce using rule 32 (expression -> expression AND expression .) ]
  ! IN              [ reduce using rule 32 (expression -> expression AND expression .) ]
  ! NOT             [ reduce using rule 32 (expression -> expression AND expression .) ]
  ! EQ              [ reduce using rule 32 (expression -> expression AND expression .) ]
  ! NE              [ reduce using rule 32 (expression -> expression AND expression .) ]
  ! GT              [ reduce using rule 32 (expression -> expression AND expression .) ]
  ! GE              [ reduce using rule 32 (expression -> expression AND expression .) ]
  ! LT              [ reduce using rule 32 (expression -> expression AND expression .) ]
  ! LE              [ reduce using rule 32 (expression -> expression AND expression .) ]
  ! EQ_FZM          [ reduce using rule 32 (expression -> expression AND expression .) ]
  ! EQ_FZS          [ reduce using rule 32 (expression -> expression AND expression .) ]
  ! NE_FZM          [ reduce using rule 32 (expression -> expression AND expression .) ]
  ! NE_FZS          [ reduce using rule 32 (expression -> expression AND expression .) ]
  ! LPAREN          [ reduce using rule 32 (expression -> expression AND expression .) ]
  ! QMARK           [ shift and go to state 21 ]
  ! AND             [ shift and go to state 47 ]
  ! OR              [ shift and go to state 48 ]


state 91

    (33) expression -> expression OR expression .
    (6) expression -> expression . QMARK expression COLON expression
    (7) expression -> expression . COALESCE expression
    (8) expression -> expression . MOD expression
    (9) expression -> expression . MUL expression
    (10) expression -> expression . FDIV expression
    (11) expression -> expression . TDIV expression
    (12) expression -> expression . POW expression
    (13) expression -> expression . ADD expression
    (14) expression -> expression . SUB expression
    (15) expression -> expression . BWAND expression
    (16) expression -> expression . BWOR expression
    (17) expression -> expression . BWXOR expression
    (18) expression -> expression . BWLSH expression
    (19) expression -> expression . BWRSH expression
    (20) expression -> expression . IN expression
    (21) expression -> expression . NOT IN expression
    (22) expression -> expression . EQ expression
    (23) expression -> expression . NE expression
    (24) expression -> expression . GT expression
    (25) expression -> expression . GE expression
    (26) expression -> expression . LT expression
    (27) expression -> expression . LE expression
    (28) expression -> expression . EQ_FZM expression
    (29) expression -> expression . EQ_FZS expression
    (30) expression -> expression . NE_FZM expression
    (31) expression -> expression . NE_FZS expression
    (32) expression -> expression . AND expression
    (33) expression -> expression . OR expression
    (68) object -> expression . LPAREN RPAREN
    (69) object -> expression . LPAREN ary_members RPAREN

    COMMENT         reduce using rule 33 (expression -> expression OR expression .)
    QMARK           reduce using rule 33 (expression -> expression OR expression .)
    OR              reduce using rule 33 (expression -> expression OR expression .)
    $end            reduce using rule 33 (expression -> expression OR expression .)
    RPAREN          reduce using rule 33 (expression -> expression OR expression .)
    COLON           reduce using rule 33 (expression -> expression OR expression .)
    RBRACE          reduce using rule 33 (expression -> expression OR expression .)
    COMMA           reduce using rule 33 (expression -> expression OR expression .)
    FOR             reduce using rule 33 (expression -> expression OR expression .)
    RBRACKET        reduce using rule 33 (expression -> expression OR expression .)
    IF              reduce using rule 33 (expression -> expression OR expression .)
    COALESCE        shift and go to state 22
    MOD             shift and go to state 23
    MUL             shift and go to state 24
    FDIV            shift and go to state 25
    TDIV            shift and go to state 26
    POW             shift and go to state 27
    ADD             shift and go to state 28
    SUB             shift and go to state 29
    BWAND           shift and go to state 30
    BWOR            shift and go to state 31
    BWXOR           shift and go to state 32
    BWLSH           shift and go to state 33
    BWRSH           shift and go to state 34
    IN              shift and go to state 35
    NOT             shift and go to state 36
    EQ              shift and go to state 37
    NE              shift and go to state 38
    GT              shift and go to state 39
    GE              shift and go to state 40
    LT              shift and go to state 41
    LE              shift and go to state 42
    EQ_FZM          shift and go to state 43
    EQ_FZS          shift and go to state 44
    NE_FZM          shift and go to state 45
    NE_FZS          shift and go to state 46
    AND             shift and go to state 47
    LPAREN          shift and go to state 49

  ! COALESCE        [ reduce using rule 33 (expression -> expression OR expression .) ]
  ! MOD             [ reduce using rule 33 (expression -> expression OR expression .) ]
  ! MUL             [ reduce using rule 33 (expression -> expression OR expression .) ]
  ! FDIV            [ reduce using rule 33 (expression -> expression OR expression .) ]
  ! TDIV            [ reduce using rule 33 (expression -> expression OR expression .) ]
  ! POW             [ reduce using rule 33 (expression -> expression OR expression .) ]
  ! ADD             [ reduce using rule 33 (expression -> expression OR expression .) ]
  ! SUB             [ reduce using rule 33 (expression -> expression OR expression .) ]
  ! BWAND           [ reduce using rule 33 (expression -> expression OR expression .) ]
  ! BWOR            [ reduce using rule 33 (expression -> expression OR expression .) ]
  ! BWXOR           [ reduce using rule 33 (expression -> expression OR expression .) ]
  ! BWLSH           [ reduce using rule 33 (expression -> expression OR expression .) ]
  ! BWRSH           [ reduce using rule 33 (expression -> expression OR expression .) ]
  ! IN              [ reduce using rule 33 (expression -> expression OR expression .) ]
  ! NOT             [ reduce using rule 33 (expression -> expression OR expression .) ]
  ! EQ              [ reduce using rule 33 (expression -> expression OR expression .) ]
  ! NE              [ reduce using rule 33 (expression -> expression OR expression .) ]
  ! GT              [ reduce using rule 33 (expression -> expression OR expression .) ]
  ! GE              [ reduce using rule 33 (expression -> expression OR expression .) ]
  ! LT              [ reduce using rule 33 (expression -> expression OR expression .) ]
  ! LE              [ reduce using rule 33 (expression -> expression OR expression .) ]
  ! EQ_FZM          [ reduce using rule 33 (expression -> expression OR expression .) ]
  ! EQ_FZS          [ reduce using rule 33 (expression -> expression OR expression .) ]
  ! NE_FZM          [ reduce using rule 33 (expression -> expression OR expression .) ]
  ! NE_FZS          [ reduce using rule 33 (expression -> expression OR expression .) ]
  ! AND             [ reduce using rule 33 (expression -> expression OR expression .) ]
  ! LPAREN          [ reduce using rule 33 (expression -> expression OR expression .) ]
  ! QMARK           [ shift and go to state 21 ]
  ! OR              [ shift and go to state 48 ]


state 92

    (55) ary_members -> expression .
    (6) expression -> expression . QMARK expression COLON expression
    (7) expression -> expression . COALESCE expression
    (8) expression -> expression . MOD expression
    (9) expression -> expression . MUL expression
    (10) expression -> expression . FDIV expression
    (11) expression -> expression . TDIV expression
    (12) expression -> expression . POW expression
    (13) expression -> expression . ADD expression
    (14) expression -> expression . SUB expression
    (15) expression -> expression . BWAND expression
    (16) expression -> expression . BWOR expression
    (17) expression -> expression . BWXOR expression
    (18) expression -> expression . BWLSH expression
    (19) expression -> expression . BWRSH expression
    (20) expression -> expression . IN expression
    (21) expression -> expression . NOT IN expression
    (22) expression -> expression . EQ expression
    (23) expression -> expression . NE expression
    (24) expression -> expression . GT expression
    (25) expression -> expression . GE expression
    (26) expression -> expression . LT expression
    (27) expression -> expression . LE expression
    (28) expression -> expression . EQ_FZM expression
    (29) expression -> expression . EQ_FZS expression
    (30) expression -> expression . NE_FZM expression
    (31) expression -> expression . NE_FZS expression
    (32) expression -> expression . AND expression
    (33) expression -> expression . OR expression
    (68) object -> expression . LPAREN RPAREN
    (69) object -> expression . LPAREN ary_members RPAREN

    RPAREN          reduce using rule 55 (ary_members -> expression .)
    COMMA           reduce using rule 55 (ary_members -> expression .)
    QMARK           shift and go to state 21
    COALESCE        shift and go to state 22
    MOD             shift and go to state 23
    MUL             shift and go to state 24
    FDIV            shift and go to state 25
    TDIV            shift and go to state 26
    POW             shift and go to state 27
    ADD             shift and go to state 28
    SUB             shift and go to state 29
    BWAND           shift and go to state 30
    BWOR            shift and go to state 31
    BWXOR           shift and go to state 32
    BWLSH           shift and go to state 33
    BWRSH           shift and go to state 34
    IN              shift and go to state 35
    NOT             shift and go to state 36
    EQ              shift and go to state 37
    NE              shift and go to state 38
    GT              shift and go to state 39
    GE              shift and go to state 40
    LT              shift and go to state 41
    LE              shift and go to state 42
    EQ_FZM          shift and go to state 43
    EQ_FZS          shift and go to state 44
    NE_FZM          shift and go to state 45
    NE_FZS          shift and go to state 46
    AND             shift and go to state 47
    OR              shift and go to state 48
    LPAREN          shift and go to state 49


state 93

    (68) object -> expression LPAREN RPAREN .

    ATTR            reduce using rule 68 (object -> expression LPAREN RPAREN .)
    ATTR_SAFE       reduce using rule 68 (object -> expression LPAREN RPAREN .)
    LBRACKET        reduce using rule 68 (object -> expression LPAREN RPAREN .)
    COMMENT         reduce using rule 68 (object -> expression LPAREN RPAREN .)
    QMARK           reduce using rule 68 (object -> expression LPAREN RPAREN .)
    COALESCE        reduce using rule 68 (object -> expression LPAREN RPAREN .)
    MOD             reduce using rule 68 (object -> expression LPAREN RPAREN .)
    MUL             reduce using rule 68 (object -> expression LPAREN RPAREN .)
    FDIV            reduce using rule 68 (object -> expression LPAREN RPAREN .)
    TDIV            reduce using rule 68 (object -> expression LPAREN RPAREN .)
    POW             reduce using rule 68 (object -> expression LPAREN RPAREN .)
    ADD             reduce using rule 68 (object -> expression LPAREN RPAREN .)
    SUB             reduce using rule 68 (object -> expression LPAREN RPAREN .)
    BWAND           reduce using rule 68 (object -> expression LPAREN RPAREN .)
    BWOR            reduce using rule 68 (object -> expression LPAREN RPAREN .)
    BWXOR           reduce using rule 68 (object -> expression LPAREN RPAREN .)
    BWLSH           reduce using rule 68 (object -> expression LPAREN RPAREN .)
    BWRSH           reduce using rule 68 (object -> expression LPAREN RPAREN .)
    IN              reduce using rule 68 (object -> expression LPAREN RPAREN .)
    NOT             reduce using rule 68 (object -> expression LPAREN RPAREN .)
    EQ              reduce using rule 68 (object -> expression LPAREN RPAREN .)
    NE              reduce using rule 68 (object -> expression LPAREN RPAREN .)
    GT              reduce using rule 68 (object -> expression LPAREN RPAREN .)
    GE              reduce using rule 68 (object -> expression LPAREN RPAREN .)
    LT              reduce using rule 68 (object -> expression LPAREN RPAREN .)
    LE              reduce using rule 68 (object -> expression LPAREN RPAREN .)
    EQ_FZM          reduce using rule 68 (object -> expression LPAREN RPAREN .)
    EQ_FZS          reduce using rule 68 (object -> expression LPAREN RPAREN .)
    NE_FZM          reduce using rule 68 (object -> expression LPAREN RPAREN .)
    NE_FZS          reduce using rule 68 (object -> expression LPAREN RPAREN .)
    AND             reduce using rule 68 (object -> expression LPAREN RPAREN .)
    OR              reduce using rule 68 (object -> expression LPAREN RPAREN .)
    LPAREN          reduce using rule 68 (object -> expression LPAREN RPAREN .)
    $end            reduce using rule 68 (object -> expression LPAREN RPAREN .)
    RPAREN          reduce using rule 68 (object -> expression LPAREN RPAREN .)
    COLON           reduce using rule 68 (object -> expression LPAREN RPAREN .)
    RBRACE          reduce using rule 68 (object -> expression LPAREN RPAREN .)
    COMMA           reduce using rule 68 (object -> expression LPAREN RPAREN .)
    FOR             reduce using rule 68 (object -> expression LPAREN RPAREN .)
    RBRACKET        reduce using rule 68 (object -> expression LPAREN RPAREN .)
    IF              reduce using rule 68 (object -> expression LPAREN RPAREN .)


state 94

    (69) object -> expression LPAREN ary_members . RPAREN
    (56) ary_members -> ary_members . COMMA expression

    RPAREN          shift and go to state 110
    COMMA           shift and go to state 111


state 95

    (3) object -> object ATTR SYMBOL .

    ATTR            reduce using rule 3 (object -> object ATTR SYMBOL .)
    ATTR_SAFE       reduce using rule 3 (object -> object ATTR SYMBOL .)
    LBRACKET        reduce using rule 3 (object -> object ATTR SYMBOL .)
    COMMENT         reduce using rule 3 (object -> object ATTR SYMBOL .)
    QMARK           reduce using rule 3 (object -> object ATTR SYMBOL .)
    COALESCE        reduce using rule 3 (object -> object ATTR SYMBOL .)
    MOD             reduce using rule 3 (object -> object ATTR SYMBOL .)
    MUL             reduce using rule 3 (object -> object ATTR SYMBOL .)
    FDIV            reduce using rule 3 (object -> object ATTR SYMBOL .)
    TDIV            reduce using rule 3 (object -> object ATTR SYMBOL .)
    POW             reduce using rule 3 (object -> object ATTR SYMBOL .)
    ADD             reduce using rule 3 (object -> object ATTR SYMBOL .)
    SUB             reduce using rule 3 (object -> object ATTR SYMBOL .)
    BWAND           reduce using rule 3 (object -> object ATTR SYMBOL .)
    BWOR            reduce using rule 3 (object -> object ATTR SYMBOL .)
    BWXOR           reduce using rule 3 (object -> object ATTR SYMBOL .)
    BWLSH           reduce using rule 3 (object -> object ATTR SYMBOL .)
    BWRSH           reduce using rule 3 (object -> object ATTR SYMBOL .)
    IN              reduce using rule 3 (object -> object ATTR SYMBOL .)
    NOT             reduce using rule 3 (object -> object ATTR SYMBOL .)
    EQ              reduce using rule 3 (object -> object ATTR SYMBOL .)
    NE              reduce using rule 3 (object -> object ATTR SYMBOL .)
    GT              reduce using rule 3 (object -> object ATTR SYMBOL .)
    GE              reduce using rule 3 (object -> object ATTR SYMBOL .)
    LT              reduce using rule 3 (object -> object ATTR SYMBOL .)
    LE              reduce using rule 3 (object -> object ATTR SYMBOL .)
    EQ_FZM          reduce using rule 3 (object -> object ATTR SYMBOL .)
    EQ_FZS          reduce using rule 3 (object -> object ATTR SYMBOL .)
    NE_FZM          reduce using rule 3 (object -> object ATTR SYMBOL .)
    NE_FZS          reduce using rule 3 (object -> object ATTR SYMBOL .)
    AND             reduce using rule 3 (object -> object ATTR SYMBOL .)
    OR              reduce using rule 3 (object -> object ATTR SYMBOL .)
    LPAREN          reduce using rule 3 (object -> object ATTR SYMBOL .)
    $end            reduce using rule 3 (object -> object ATTR SYMBOL .)
    RPAREN          reduce using rule 3 (object -> object ATTR SYMBOL .)
    COLON           reduce using rule 3 (object -> object ATTR SYMBOL .)
    RBRACE          reduce using rule 3 (object -> object ATTR SYMBOL .)
    COMMA           reduce using rule 3 (object -> object ATTR SYMBOL .)
    FOR             reduce using rule 3 (object -> object ATTR SYMBOL .)
    RBRACKET        reduce using rule 3 (object -> object ATTR SYMBOL .)
    IF              reduce using rule 3 (object -> object ATTR SYMBOL .)


state 96

    (4) object -> object ATTR_SAFE SYMBOL .

    ATTR            reduce using rule 4 (object -> object ATTR_SAFE SYMBOL .)
    ATTR_SAFE       reduce using rule 4 (object -> object ATTR_SAFE SYMBOL .)
    LBRACKET        reduce using rule 4 (object -> object ATTR_SAFE SYMBOL .)
    COMMENT         reduce using rule 4 (object -> object ATTR_SAFE SYMBOL .)
    QMARK           reduce using rule 4 (object -> object ATTR_SAFE SYMBOL .)
    COALESCE        reduce using rule 4 (object -> object ATTR_SAFE SYMBOL .)
    MOD             reduce using rule 4 (object -> object ATTR_SAFE SYMBOL .)
    MUL             reduce using rule 4 (object -> object ATTR_SAFE SYMBOL .)
    FDIV            reduce using rule 4 (object -> object ATTR_SAFE SYMBOL .)
    TDIV            reduce using rule 4 (object -> object ATTR_SAFE SYMBOL .)
    POW             reduce using rule 4 (object -> object ATTR_SAFE SYMBOL .)
    ADD             reduce using rule 4 (object -> object ATTR_SAFE SYMBOL .)
    SUB             reduce using rule 4 (object -> object ATTR_SAFE SYMBOL .)
    BWAND           reduce using rule 4 (object -> object ATTR_SAFE SYMBOL .)
    BWOR            reduce using rule 4 (object -> object ATTR_SAFE SYMBOL .)
    BWXOR           reduce using rule 4 (object -> object ATTR_SAFE SYMBOL .)
    BWLSH           reduce using rule 4 (object -> object ATTR_SAFE SYMBOL .)
    BWRSH           reduce using rule 4 (object -> object ATTR_SAFE SYMBOL .)
    IN              reduce using rule 4 (object -> object ATTR_SAFE SYMBOL .)
    NOT             reduce using rule 4 (object -> object ATTR_SAFE SYMBOL .)
    EQ              reduce using rule 4 (object -> object ATTR_SAFE SYMBOL .)
    NE              reduce using rule 4 (object -> object ATTR_SAFE SYMBOL .)
    GT              reduce using rule 4 (object -> object ATTR_SAFE SYMBOL .)
    GE              reduce using rule 4 (object -> object ATTR_SAFE SYMBOL .)
    LT              reduce using rule 4 (object -> object ATTR_SAFE SYMBOL .)
    LE              reduce using rule 4 (object -> object ATTR_SAFE SYMBOL .)
    EQ_FZM          reduce using rule 4 (object -> object ATTR_SAFE SYMBOL .)
    EQ_FZS          reduce using rule 4 (object -> object ATTR_SAFE SYMBOL .)
    NE_FZM          reduce using rule 4 (object -> object ATTR_SAFE SYMBOL .)
    NE_FZS          reduce using rule 4 (object -> object ATTR_SAFE SYMBOL .)
    AND             reduce using rule 4 (object -> object ATTR_SAFE SYMBOL .)
    OR              reduce using rule 4 (object -> object ATTR_SAFE SYMBOL .)
    LPAREN          reduce using rule 4 (object -> object ATTR_SAFE SYMBOL .)
    $end            reduce using rule 4 (object -> object ATTR_SAFE SYMBOL .)
    RPAREN          reduce using rule 4 (object -> object ATTR_SAFE SYMBOL .)
    COLON           reduce using rule 4 (object -> object ATTR_SAFE SYMBOL .)
    RBRACE          reduce using rule 4 (object -> object ATTR_SAFE SYMBOL .)
    COMMA           reduce using rule 4 (object -> object ATTR_SAFE SYMBOL .)
    FOR             reduce using rule 4 (object -> object ATTR_SAFE SYMBOL .)
    RBRACKET        reduce using rule 4 (object -> object ATTR_SAFE SYMBOL .)
    IF              reduce using rule 4 (object -> object ATTR_SAFE SYMBOL .)


state 97

    (63) object -> object LBRACKET expression . RBRACKET
    (66) object -> object LBRACKET expression . COLON RBRACKET
    (67) object -> object LBRACKET expression . COLON expression RBRACKET
    (6) expression -> expression . QMARK expression COLON expression
    (7) expression -> expression . COALESCE expression
    (8) expression -> expression . MOD expression
    (9) expression -> expression . MUL expression
    (10) expression -> expression . FDIV expression
    (11) expression -> expression . TDIV expression
    (12) expression -> expression . POW expression
    (13) expression -> expression . ADD expression
    (14) expression -> expression . SUB expression
    (15) expression -> expression . BWAND expression
    (16) expression -> expression . BWOR expression
    (17) expression -> expression . BWXOR expression
    (18) expression -> expression . BWLSH expression
    (19) expression -> expression . BWRSH expression
    (20) expression -> expression . IN expression
    (21) expression -> expression . NOT IN expression
    (22) expression -> expression . EQ expression
    (23) expression -> expression . NE expression
    (24) expression -> expression . GT expression
    (25) expression -> expression . GE expression
    (26) expression -> expression . LT expression
    (27) expression -> expression . LE expression
    (28) expression -> expression . EQ_FZM expression
    (29) expression -> expression . EQ_FZS expression
    (30) expression -> expression . NE_FZM expression
    (31) expression -> expression . NE_FZS expression
    (32) expression -> expression . AND expression
    (33) expression -> expression . OR expression
    (68) object -> expression . LPAREN RPAREN
    (69) object -> expression . LPAREN ary_members RPAREN

    RBRACKET        shift and go to state 112
    COLON           shift and go to state 113
    QMARK           shift and go to state 21
    COALESCE        shift and go to state 22
    MOD             shift and go to state 23
    MUL             shift and go to state 24
    FDIV            shift and go to state 25
    TDIV            shift and go to state 26
    POW             shift and go to state 27
    ADD             shift and go to state 28
    SUB             shift and go to state 29
    BWAND           shift and go to state 30
    BWOR            shift and go to state 31
    BWXOR           shift and go to state 32
    BWLSH           shift and go to state 33
    BWRSH           shift and go to state 34
    IN              shift and go to state 35
    NOT             shift and go to state 36
    EQ              shift and go to state 37
    NE              shift and go to state 38
    GT              shift and go to state 39
    GE              shift and go to state 40
    LT              shift and go to state 41
    LE              shift and go to state 42
    EQ_FZM          shift and go to state 43
    EQ_FZS          shift and go to state 44
    NE_FZM          shift and go to state 45
    NE_FZS          shift and go to state 46
    AND             shift and go to state 47
    OR              shift and go to state 48
    LPAREN          shift and go to state 49


state 98

    (64) object -> object LBRACKET COLON . RBRACKET
    (65) object -> object LBRACKET COLON . expression RBRACKET
    (5) expression -> . object
    (6) expression -> . expression QMARK expression COLON expression
    (7) expression -> . expression COALESCE expression
    (8) expression -> . expression MOD expression
    (9) expression -> . expression MUL expression
    (10) expression -> . expression FDIV expression
    (11) expression -> . expression TDIV expression
    (12) expression -> . expression POW expression
    (13) expression -> . expression ADD expression
    (14) expression -> . expression SUB expression
    (15) expression -> . expression BWAND expression
    (16) expression -> . expression BWOR expression
    (17) expression -> . expression BWXOR expression
    (18) expression -> . expression BWLSH expression
    (19) expression -> . expression BWRSH expression
    (20) expression -> . expression IN expression
    (21) expression -> . expression NOT IN expression
    (22) expression -> . expression EQ expression
    (23) expression -> . expression NE expression
    (24) expression -> . expression GT expression
    (25) expression -> . expression GE expression
    (26) expression -> . expression LT expression
    (27) expression -> . expression LE expression
    (28) expression -> . expression EQ_FZM expression
    (29) expression -> . expression EQ_FZS expression
    (30) expression -> . expression NE_FZM expression
    (31) expression -> . expression NE_FZS expression
    (32) expression -> . expression AND expression
    (33) expression -> . expression OR expression
    (35) expression -> . NOT expression
    (37) expression -> . SUB expression
    (38) expression -> . TRUE
    (39) expression -> . FALSE
    (43) expression -> . FLOAT
    (44) expression -> . FLOAT_NAN
    (45) expression -> . FLOAT_INF
    (3) object -> . object ATTR SYMBOL
    (4) object -> . object ATTR_SAFE SYMBOL
    (34) object -> . LPAREN expression RPAREN
    (36) object -> . SYMBOL
    (40) object -> . BYTES
    (41) object -> . DATETIME
    (42) object -> . TIMEDELTA
    (46) object -> . NULL
    (47) object -> . LBRACE ary_members RBRACE
    (48) object -> . LBRACE ary_members COMMA RBRACE
    (49) object -> . STRING
    (50) object -> . LBRACKET RBRACKET
    (51) object -> . LBRACKET ary_members RBRACKET
    (52) object -> . LBRACKET ary_members COMMA RBRACKET
    (53) object -> . LBRACKET expression FOR SYMBOL IN expression RBRACKET
    (54) object -> . LBRACKET expression FOR SYMBOL IN expression IF expression RBRACKET
    (57) object -> . LBRACE RBRACE
    (58) object -> . LBRACE map_members RBRACE
    (59) object -> . LBRACE map_members COMMA RBRACE
    (63) object -> . object LBRACKET expression RBRACKET
    (64) object -> . object LBRACKET COLON RBRACKET
    (65) object -> . object LBRACKET COLON expression RBRACKET
    (66) object -> . object LBRACKET expression COLON RBRACKET
    (67) object -> . object LBRACKET expression COLON expression RBRACKET
    (68) object -> . expression LPAREN RPAREN
    (69) object -> . expression LPAREN ary_members RPAREN

    RBRACKET        shift and go to state 114
    NOT             shift and go to state 5
    SUB             shift and go to state 4
    TRUE            shift and go to state 6
    FALSE           shift and go to state 7
    FLOAT           shift and go to state 8
    FLOAT_NAN       shift and go to state 9
    FLOAT_INF       shift and go to state 10
    LPAREN          shift and go to state 12
    SYMBOL          shift and go to state 11
    BYTES           shift and go to state 13
    DATETIME        shift and go to state 14
    TIMEDELTA       shift and go to state 15
    NULL            shift and go to state 16
    LBRACE          shift and go to state 17
    STRING          shift and go to state 18
    LBRACKET        shift and go to state 19

    object                         shift and go to state 3
    expression                     shift and go to state 115

state 99

    (34) object -> LPAREN expression RPAREN .

    ATTR            reduce using rule 34 (object -> LPAREN expression RPAREN .)
    ATTR_SAFE       reduce using rule 34 (object -> LPAREN expression RPAREN .)
    LBRACKET        reduce using rule 34 (object -> LPAREN expression RPAREN .)
    COMMENT         reduce using rule 34 (object -> LPAREN expression RPAREN .)
    QMARK           reduce using rule 34 (object -> LPAREN expression RPAREN .)
    COALESCE        reduce using rule 34 (object -> LPAREN expression RPAREN .)
    MOD             reduce using rule 34 (object -> LPAREN expression RPAREN .)
    MUL             reduce using rule 34 (object -> LPAREN expression RPAREN .)
    FDIV            reduce using rule 34 (object -> LPAREN expression RPAREN .)
    TDIV            reduce using rule 34 (object -> LPAREN expression RPAREN .)
    POW             reduce using rule 34 (object -> LPAREN expression RPAREN .)
    ADD             reduce using rule 34 (object -> LPAREN expression RPAREN .)
    SUB             reduce using rule 34 (object -> LPAREN expression RPAREN .)
    BWAND           reduce using rule 34 (object -> LPAREN expression RPAREN .)
    BWOR            reduce using rule 34 (object -> LPAREN expression RPAREN .)
    BWXOR           reduce using rule 34 (object -> LPAREN expression RPAREN .)
    BWLSH           reduce using rule 34 (object -> LPAREN expression RPAREN .)
    BWRSH           reduce using rule 34 (object -> LPAREN expression RPAREN .)
    IN              reduce using rule 34 (object -> LPAREN expression RPAREN .)
    NOT             reduce using rule 34 (object -> LPAREN expression RPAREN .)
    EQ              reduce using rule 34 (object -> LPAREN expression RPAREN .)
    NE              reduce using rule 34 (object -> LPAREN expression RPAREN .)
    GT              reduce using rule 34 (object -> LPAREN expression RPAREN .)
    GE              reduce using rule 34 (object -> LPAREN expression RPAREN .)
    LT              reduce using rule 34 (object -> LPAREN expression RPAREN .)
    LE              reduce using rule 34 (object -> LPAREN expression RPAREN .)
    EQ_FZM          reduce using rule 34 (object -> LPAREN expression RPAREN .)
    EQ_FZS          reduce using rule 34 (object -> LPAREN expression RPAREN .)
    NE_FZM          reduce using rule 34 (object -> LPAREN expression RPAREN .)
    NE_FZS          reduce using rule 34 (object -> LPAREN expression RPAREN .)
    AND             reduce using rule 34 (object -> LPAREN expression RPAREN .)
    OR              reduce using rule 34 (object -> LPAREN expression RPAREN .)
    LPAREN          reduce using rule 34 (object -> LPAREN expression RPAREN .)
    $end            reduce using rule 34 (object -> LPAREN expression RPAREN .)
    RPAREN          reduce using rule 34 (object -> LPAREN expression RPAREN .)
    COLON           reduce using rule 34 (object -> LPAREN expression RPAREN .)
    RBRACE          reduce using rule 34 (object -> LPAREN expression RPAREN .)
    COMMA           reduce using rule 34 (object -> LPAREN expression RPAREN .)
    FOR             reduce using rule 34 (object -> LPAREN expression RPAREN .)
    RBRACKET        reduce using rule 34 (object -> LPAREN expression RPAREN .)
    IF              reduce using rule 34 (object -> LPAREN expression RPAREN .)


state 100

    (47) object -> LBRACE ary_members RBRACE .

    ATTR            reduce using rule 47 (object -> LBRACE ary_members RBRACE .)
    ATTR_SAFE       reduce using rule 47 (object -> LBRACE ary_members RBRACE .)
    LBRACKET        reduce using rule 47 (object -> LBRACE ary_members RBRACE .)
    COMMENT         reduce using rule 47 (object -> LBRACE ary_members RBRACE .)
    QMARK           reduce using rule 47 (object -> LBRACE ary_members RBRACE .)
    COALESCE        reduce using rule 47 (object -> LBRACE ary_members RBRACE .)
    MOD             reduce using rule 47 (object -> LBRACE ary_members RBRACE .)
    MUL             reduce using rule 47 (object -> LBRACE ary_members RBRACE .)
    FDIV            reduce using rule 47 (object -> LBRACE ary_members RBRACE .)
    TDIV            reduce using rule 47 (object -> LBRACE ary_members RBRACE .)
    POW             reduce using rule 47 (object -> LBRACE ary_members RBRACE .)
    ADD             reduce using rule 47 (object -> LBRACE ary_members RBRACE .)
    SUB             reduce using rule 47 (object -> LBRACE ary_members RBRACE .)
    BWAND           reduce using rule 47 (object -> LBRACE ary_members RBRACE .)
    BWOR            reduce using rule 47 (object -> LBRACE ary_members RBRACE .)
    BWXOR           reduce using rule 47 (object -> LBRACE ary_members RBRACE .)
    BWLSH           reduce using rule 47 (object -> LBRACE ary_members RBRACE .)
    BWRSH           reduce using rule 47 (object -> LBRACE ary_members RBRACE .)
    IN              reduce using rule 47 (object -> LBRACE ary_members RBRACE .)
    NOT             reduce using rule 47 (object -> LBRACE ary_members RBRACE .)
    EQ              reduce using rule 47 (object -> LBRACE ary_members RBRACE .)
    NE              reduce using rule 47 (object -> LBRACE ary_members RBRACE .)
    GT              reduce using rule 47 (object -> LBRACE ary_members RBRACE .)
    GE              reduce using rule 47 (object -> LBRACE ary_members RBRACE .)
    LT              reduce using rule 47 (object -> LBRACE ary_members RBRACE .)
    LE              reduce using rule 47 (object -> LBRACE ary_members RBRACE .)
    EQ_FZM          reduce using rule 47 (object -> LBRACE ary_members RBRACE .)
    EQ_FZS          reduce using rule 47 (object -> LBRACE ary_members RBRACE .)
    NE_FZM          reduce using rule 47 (object -> LBRACE ary_members RBRACE .)
    NE_FZS          reduce using rule 47 (object -> LBRACE ary_members RBRACE .)
    AND             reduce using rule 47 (object -> LBRACE ary_members RBRACE .)
    OR              reduce using rule 47 (object -> LBRACE ary_members RBRACE .)
    LPAREN          reduce using rule 47 (object -> LBRACE ary_members RBRACE .)
    $end            reduce using rule 47 (object -> LBRACE ary_members RBRACE .)
    RPAREN          reduce using rule 47 (object -> LBRACE ary_members RBRACE .)
    COLON           reduce using rule 47 (object -> LBRACE ary_members RBRACE .)
    RBRACE          reduce using rule 47 (object -> LBRACE ary_members RBRACE .)
    COMMA           reduce using rule 47 (object -> LBRACE ary_members RBRACE .)
    FOR             reduce using rule 47 (object -> LBRACE ary_members RBRACE .)
    RBRACKET        reduce using rule 47 (object -> LBRACE ary_members RBRACE .)
    IF              reduce using rule 47 (object -> LBRACE ary_members RBRACE .)


state 101

    (48) object -> LBRACE ary_members COMMA . RBRACE
    (56) ary_members -> ary_members COMMA . expression
    (5) expression -> . object
    (6) expression -> . expression QMARK expression COLON expression
    (7) expression -> . expression COALESCE expression
    (8) expression -> . expression MOD expression
    (9) expression -> . expression MUL expression
    (10) expression -> . expression FDIV expression
    (11) expression -> . expression TDIV expression
    (12) expression -> . expression POW expression
    (13) expression -> . expression ADD expression
    (14) expression -> . expression SUB expression
    (15) expression -> . expression BWAND expression
    (16) expression -> . expression BWOR expression
    (17) expression -> . expression BWXOR expression
    (18) expression -> . expression BWLSH expression
    (19) expression -> . expression BWRSH expression
    (20) expression -> . expression IN expression
    (21) expression -> . expression NOT IN expression
    (22) expression -> . expression EQ expression
    (23) expression -> . expression NE expression
    (24) expression -> . expression GT expression
    (25) expression -> . expression GE expression
    (26) expression -> . expression LT expression
    (27) expression -> . expression LE expression
    (28) expression -> . expression EQ_FZM expression
    (29) expression -> . expression EQ_FZS expression
    (30) expression -> . expression NE_FZM expression
    (31) expression -> . expression NE_FZS expression
    (32) expression -> . expression AND expression
    (33) expression -> . expression OR expression
    (35) expression -> . NOT expression
    (37) expression -> . SUB expression
    (38) expression -> . TRUE
    (39) expression -> . FALSE
    (43) expression -> . FLOAT
    (44) expression -> . FLOAT_NAN
    (45) expression -> . FLOAT_INF
    (3) object -> . object ATTR SYMBOL
    (4) object -> . object ATTR_SAFE SYMBOL
    (34) object -> . LPAREN expression RPAREN
    (36) object -> . SYMBOL
    (40) object -> . BYTES
    (41) object -> . DATETIME
    (42) object -> . TIMEDELTA
    (46) object -> . NULL
    (47) object -> . LBRACE ary_members RBRACE
    (48) object -> . LBRACE ary_members COMMA RBRACE
    (49) object -> . STRING
    (50) object -> . LBRACKET RBRACKET
    (51) object -> . LBRACKET ary_members RBRACKET
    (52) object -> . LBRACKET ary_members COMMA RBRACKET
    (53) object -> . LBRACKET expression FOR SYMBOL IN expression RBRACKET
    (54) object -> . LBRACKET expression FOR SYMBOL IN expression IF expression RBRACKET
    (57) object -> . LBRACE RBRACE
    (58) object -> . LBRACE map_members RBRACE
    (59) object -> . LBRACE map_members COMMA RBRACE
    (63) object -> . object LBRACKET expression RBRACKET
    (64) object -> . object LBRACKET COLON RBRACKET
    (65) object -> . object LBRACKET COLON expression RBRACKET
    (66) object -> . object LBRACKET expression COLON RBRACKET
    (67) object -> . object LBRACKET expression COLON expression RBRACKET
    (68) object -> . expression LPAREN RPAREN
    (69) object -> . expression LPAREN ary_members RPAREN

    RBRACE          shift and go to state 116
    NOT             shift and go to state 5
    SUB             shift and go to state 4
    TRUE            shift and go to state 6
    FALSE           shift and go to state 7
    FLOAT           shift and go to state 8
    FLOAT_NAN       shift and go to state 9
    FLOAT_INF       shift and go to state 10
    LPAREN          shift and go to state 12
    SYMBOL          shift and go to state 11
    BYTES           shift and go to state 13
    DATETIME        shift and go to state 14
    TIMEDELTA       shift and go to state 15
    NULL            shift and go to state 16
    LBRACE          shift and go to state 17
    STRING          shift and go to state 18
    LBRACKET        shift and go to state 19

    expression                     shift and go to state 117
    object                         shift and go to state 3

state 102

    (58) object -> LBRACE map_members RBRACE .

    ATTR            reduce using rule 58 (object -> LBRACE map_members RBRACE .)
    ATTR_SAFE       reduce using rule 58 (object -> LBRACE map_members RBRACE .)
    LBRACKET        reduce using rule 58 (object -> LBRACE map_members RBRACE .)
    COMMENT         reduce using rule 58 (object -> LBRACE map_members RBRACE .)
    QMARK           reduce using rule 58 (object -> LBRACE map_members RBRACE .)
    COALESCE        reduce using rule 58 (object -> LBRACE map_members RBRACE .)
    MOD             reduce using rule 58 (object -> LBRACE map_members RBRACE .)
    MUL             reduce using rule 58 (object -> LBRACE map_members RBRACE .)
    FDIV            reduce using rule 58 (object -> LBRACE map_members RBRACE .)
    TDIV            reduce using rule 58 (object -> LBRACE map_members RBRACE .)
    POW             reduce using rule 58 (object -> LBRACE map_members RBRACE .)
    ADD             reduce using rule 58 (object -> LBRACE map_members RBRACE .)
    SUB             reduce using rule 58 (object -> LBRACE map_members RBRACE .)
    BWAND           reduce using rule 58 (object -> LBRACE map_members RBRACE .)
    BWOR            reduce using rule 58 (object -> LBRACE map_members RBRACE .)
    BWXOR           reduce using rule 58 (object -> LBRACE map_members RBRACE .)
    BWLSH           reduce using rule 58 (object -> LBRACE map_members RBRACE .)
    BWRSH           reduce using rule 58 (object -> LBRACE map_members RBRACE .)
    IN              reduce using rule 58 (object -> LBRACE map_members RBRACE .)
    NOT             reduce using rule 58 (object -> LBRACE map_members RBRACE .)
    EQ              reduce using rule 58 (object -> LBRACE map_members RBRACE .)
    NE              reduce using rule 58 (object -> LBRACE map_members RBRACE .)
    GT              reduce using rule 58 (object -> LBRACE map_members RBRACE .)
    GE              reduce using rule 58 (object -> LBRACE map_members RBRACE .)
    LT              reduce using rule 58 (object -> LBRACE map_members RBRACE .)
    LE              reduce using rule 58 (object -> LBRACE map_members RBRACE .)
    EQ_FZM          reduce using rule 58 (object -> LBRACE map_members RBRACE .)
    EQ_FZS          reduce using rule 58 (object -> LBRACE map_members RBRACE .)
    NE_FZM          reduce using rule 58 (object -> LBRACE map_members RBRACE .)
    NE_FZS          reduce using rule 58 (object -> LBRACE map_members RBRACE .)
    AND             reduce using rule 58 (object -> LBRACE map_members RBRACE .)
    OR              reduce using rule 58 (object -> LBRACE map_members RBRACE .)
    LPAREN          reduce using rule 58 (object -> LBRACE map_members RBRACE .)
    $end            reduce using rule 58 (object -> LBRACE map_members RBRACE .)
    RPAREN          reduce using rule 58 (object -> LBRACE map_members RBRACE .)
    COLON           reduce using rule 58 (object -> LBRACE map_members RBRACE .)
    RBRACE          reduce using rule 58 (object -> LBRACE map_members RBRACE .)
    COMMA           reduce using rule 58 (object -> LBRACE map_members RBRACE .)
    FOR             reduce using rule 58 (object -> LBRACE map_members RBRACE .)
    RBRACKET        reduce using rule 58 (object -> LBRACE map_members RBRACE .)
    IF              reduce using rule 58 (object -> LBRACE map_members RBRACE .)


state 103

    (59) object -> LBRACE map_members COMMA . RBRACE
    (62) map_members -> map_members COMMA . map_member
    (60) map_member -> . expression COLON expression
    (5) expression -> . object
    (6) expression -> . expression QMARK expression COLON expression
    (7) expression -> . expression COALESCE expression
    (8) expression -> . expression MOD expression
    (9) expression -> . expression MUL expression
    (10) expression -> . expression FDIV expression
    (11) expression -> . expression TDIV expression
    (12) expression -> . expression POW expression
    (13) expression -> . expression ADD expression
    (14) expression -> . expression SUB expression
    (15) expression -> . expression BWAND expression
    (16) expression -> . expression BWOR expression
    (17) expression -> . expression BWXOR expression
    (18) expression -> . expression BWLSH expression
    (19) expression -> . expression BWRSH expression
    (20) expression -> . expression IN expression
    (21) expression -> . expression NOT IN expression
    (22) expression -> . expression EQ expression
    (23) expression -> . expression NE expression
    (24) expression -> . expression GT expression
    (25) expression -> . expression GE expression
    (26) expression -> . expression LT expression
    (27) expression -> . expression LE expression
    (28) expression -> . expression EQ_FZM expression
    (29) expression -> . expression EQ_FZS expression
    (30) expression -> . expression NE_FZM expression
    (31) expression -> . expression NE_FZS expression
    (32) expression -> . expression AND expression
    (33) expression -> . expression OR expression
    (35) expression -> . NOT expression
    (37) expression -> . SUB expression
    (38) expression -> . TRUE
    (39) expression -> . FALSE
    (43) expression -> . FLOAT
    (44) expression -> . FLOAT_NAN
    (45) expression -> . FLOAT_INF
    (3) object -> . object ATTR SYMBOL
    (4) object -> . object ATTR_SAFE SYMBOL
    (34) object -> . LPAREN expression RPAREN
    (36) object -> . SYMBOL
    (40) object -> . BYTES
    (41) object -> . DATETIME
    (42) object -> . TIMEDELTA
    (46) object -> . NULL
    (47) object -> . LBRACE ary_members RBRACE
    (48) object -> . LBRACE ary_members COMMA RBRACE
    (49) object -> . STRING
    (50) object -> . LBRACKET RBRACKET
    (51) object -> . LBRACKET ary_members RBRACKET
    (52) object -> . LBRACKET ary_members COMMA RBRACKET
    (53) object -> . LBRACKET expression FOR SYMBOL IN expression RBRACKET
    (54) object -> . LBRACKET expression FOR SYMBOL IN expression IF expression RBRACKET
    (57) object -> . LBRACE RBRACE
    (58) object -> . LBRACE map_members RBRACE
    (59) object -> . LBRACE map_members COMMA RBRACE
    (63) object -> . object LBRACKET expression RBRACKET
    (64) object -> . object LBRACKET COLON RBRACKET
    (65) object -> . object LBRACKET COLON expression RBRACKET
    (66) object -> . object LBRACKET expression COLON RBRACKET
    (67) object -> . object LBRACKET expression COLON expression RBRACKET
    (68) object -> . expression LPAREN RPAREN
    (69) object -> . expression LPAREN ary_members RPAREN

    RBRACE          shift and go to state 118
    NOT             shift and go to state 5
    SUB             shift and go to state 4
    TRUE            shift and go to state 6
    FALSE           shift and go to state 7
    FLOAT           shift and go to state 8
    FLOAT_NAN       shift and go to state 9
    FLOAT_INF       shift and go to state 10
    LPAREN          shift and go to state 12
    SYMBOL          shift and go to state 11
    BYTES           shift and go to state 13
    DATETIME        shift and go to state 14
    TIMEDELTA       shift and go to state 15
    NULL            shift and go to state 16
    LBRACE          shift and go to state 17
    STRING          shift and go to state 18
    LBRACKET        shift and go to state 19

    map_member                     shift and go to state 119
    expression                     shift and go to state 120
    object                         shift and go to state 3

state 104

    (60) map_member -> expression COLON . expression
    (5) expression -> . object
    (6) expression -> . expression QMARK expression COLON expression
    (7) expression -> . expression COALESCE expression
    (8) expression -> . expression MOD expression
    (9) expression -> . expression MUL expression
    (10) expression -> . expression FDIV expression
    (11) expression -> . expression TDIV expression
    (12) expression -> . expression POW expression
    (13) expression -> . expression ADD expression
    (14) expression -> . expression SUB expression
    (15) expression -> . expression BWAND expression
    (16) expression -> . expression BWOR expression
    (17) expression -> . expression BWXOR expression
    (18) expression -> . expression BWLSH expression
    (19) expression -> . expression BWRSH expression
    (20) expression -> . expression IN expression
    (21) expression -> . expression NOT IN expression
    (22) expression -> . expression EQ expression
    (23) expression -> . expression NE expression
    (24) expression -> . expression GT expression
    (25) expression -> . expression GE expression
    (26) expression -> . expression LT expression
    (27) expression -> . expression LE expression
    (28) expression -> . expression EQ_FZM expression
    (29) expression -> . expression EQ_FZS expression
    (30) expression -> . expression NE_FZM expression
    (31) expression -> . expression NE_FZS expression
    (32) expression -> . expression AND expression
    (33) expression -> . expression OR expression
    (35) expression -> . NOT expression
    (37) expression -> . SUB expression
    (38) expression -> . TRUE
    (39) expression -> . FALSE
    (43) expression -> . FLOAT
    (44) expression -> . FLOAT_NAN
    (45) expression -> . FLOAT_INF
    (3) object -> . object ATTR SYMBOL
    (4) object -> . object ATTR_SAFE SYMBOL
    (34) object -> . LPAREN expression RPAREN
    (36) object -> . SYMBOL
    (40) object -> . BYTES
    (41) object -> . DATETIME
    (42) object -> . TIMEDELTA
    (46) object -> . NULL
    (47) object -> . LBRACE ary_members RBRACE
    (48) object -> . LBRACE ary_members COMMA RBRACE
    (49) object -> . STRING
    (50) object -> . LBRACKET RBRACKET
    (51) object -> . LBRACKET ary_members RBRACKET
    (52) object -> . LBRACKET ary_members COMMA RBRACKET
    (53) object -> . LBRACKET expression FOR SYMBOL IN expression RBRACKET
    (54) object -> . LBRACKET expression FOR SYMBOL IN expression IF expression RBRACKET
    (57) object -> . LBRACE RBRACE
    (58) object -> . LBRACE map_members RBRACE
    (59) object -> . LBRACE map_members COMMA RBRACE
    (63) object -> . object LBRACKET expression RBRACKET
    (64) object -> . object LBRACKET COLON RBRACKET
    (65) object -> . object LBRACKET COLON expression RBRACKET
    (66) object -> . object LBRACKET expression COLON RBRACKET
    (67) object -> . object LBRACKET expression COLON expression RBRACKET
    (68) object -> . expression LPAREN RPAREN
    (69) object -> . expression LPAREN ary_members RPAREN

    NOT             shift and go to state 5
    SUB             shift and go to state 4
    TRUE            shift and go to state 6
    FALSE           shift and go to state 7
    FLOAT           shift and go to state 8
    FLOAT_NAN       shift and go to state 9
    FLOAT_INF       shift and go to state 10
    LPAREN          shift and go to state 12
    SYMBOL          shift and go to state 11
    BYTES           shift and go to state 13
    DATETIME        shift and go to state 14
    TIMEDELTA       shift and go to state 15
    NULL            shift and go to state 16
    LBRACE          shift and go to state 17
    STRING          shift and go to state 18
    LBRACKET        shift and go to state 19

    expression                     shift and go to state 121
    object                         shift and go to state 3

state 105

    (51) object -> LBRACKET ary_members RBRACKET .

    ATTR            reduce using rule 51 (object -> LBRACKET ary_members RBRACKET .)
    ATTR_SAFE       reduce using rule 51 (object -> LBRACKET ary_members RBRACKET .)
    LBRACKET        reduce using rule 51 (object -> LBRACKET ary_members RBRACKET .)
    COMMENT         reduce using rule 51 (object -> LBRACKET ary_members RBRACKET .)
    QMARK           reduce using rule 51 (object -> LBRACKET ary_members RBRACKET .)
    COALESCE        reduce using rule 51 (object -> LBRACKET ary_members RBRACKET .)
    MOD             reduce using rule 51 (object -> LBRACKET ary_members RBRACKET .)
    MUL             reduce using rule 51 (object -> LBRACKET ary_members RBRACKET .)
    FDIV            reduce using rule 51 (object -> LBRACKET ary_members RBRACKET .)
    TDIV            reduce using rule 51 (object -> LBRACKET ary_members RBRACKET .)
    POW             reduce using rule 51 (object -> LBRACKET ary_members RBRACKET .)
    ADD             reduce using rule 51 (object -> LBRACKET ary_members RBRACKET .)
    SUB             reduce using rule 51 (object -> LBRACKET ary_members RBRACKET .)
    BWAND           reduce using rule 51 (object -> LBRACKET ary_members RBRACKET .)
    BWOR            reduce using rule 51 (object -> LBRACKET ary_members RBRACKET .)
    BWXOR           reduce using rule 51 (object -> LBRACKET ary_members RBRACKET .)
    BWLSH           reduce using rule 51 (object -> LBRACKET ary_members RBRACKET .)
    BWRSH           reduce using rule 51 (object -> LBRACKET ary_members RBRACKET .)
    IN              reduce using rule 51 (object -> LBRACKET ary_members RBRACKET .)
    NOT             reduce using rule 51 (object -> LBRACKET ary_members RBRACKET .)
    EQ              reduce using rule 51 (object -> LBRACKET ary_members RBRACKET .)
    NE              reduce using rule 51 (object -> LBRACKET ary_members RBRACKET .)
    GT              reduce using rule 51 (object -> LBRACKET ary_members RBRACKET .)
    GE              reduce using rule 51 (object -> LBRACKET ary_members RBRACKET .)
    LT              reduce using rule 51 (object -> LBRACKET ary_members RBRACKET .)
    LE              reduce using rule 51 (object -> LBRACKET ary_members RBRACKET .)
    EQ_FZM          reduce using rule 51 (object -> LBRACKET ary_members RBRACKET .)
    EQ_FZS          reduce using rule 51 (object -> LBRACKET ary_members RBRACKET .)
    NE_FZM          reduce using rule 51 (object -> LBRACKET ary_members RBRACKET .)
    NE_FZS          reduce using rule 51 (object -> LBRACKET ary_members RBRACKET .)
    AND             reduce using rule 51 (object -> LBRACKET ary_members RBRACKET .)
    OR              reduce using rule 51 (object -> LBRACKET ary_members RBRACKET .)
    LPAREN          reduce using rule 51 (object -> LBRACKET ary_members RBRACKET .)
    $end            reduce using rule 51 (object -> LBRACKET ary_members RBRACKET .)
    RPAREN          reduce using rule 51 (object -> LBRACKET ary_members RBRACKET .)
    COLON           reduce using rule 51 (object -> LBRACKET ary_members RBRACKET .)
    RBRACE          reduce using rule 51 (object -> LBRACKET ary_members RBRACKET .)
    COMMA           reduce using rule 51 (object -> LBRACKET ary_members RBRACKET .)
    FOR             reduce using rule 51 (object -> LBRACKET ary_members RBRACKET .)
    RBRACKET        reduce using rule 51 (object -> LBRACKET ary_members RBRACKET .)
    IF              reduce using rule 51 (object -> LBRACKET ary_members RBRACKET .)


state 106

    (52) object -> LBRACKET ary_members COMMA . RBRACKET
    (56) ary_members -> ary_members COMMA . expression
    (5) expression -> . object
    (6) expression -> . expression QMARK expression COLON expression
    (7) expression -> . expression COALESCE expression
    (8) expression -> . expression MOD expression
    (9) expression -> . expression MUL expression
    (10) expression -> . expression FDIV expression
    (11) expression -> . expression TDIV expression
    (12) expression -> . expression POW expression
    (13) expression -> . expression ADD expression
    (14) expression -> . expression SUB expression
    (15) expression -> . expression BWAND expression
    (16) expression -> . expression BWOR expression
    (17) expression -> . expression BWXOR expression
    (18) expression -> . expression BWLSH expression
    (19) expression -> . expression BWRSH expression
    (20) expression -> . expression IN expression
    (21) expression -> . expression NOT IN expression
    (22) expression -> . expression EQ expression
    (23) expression -> . expression NE expression
    (24) expression -> . expression GT expression
    (25) expression -> . expression GE expression
    (26) expression -> . expression LT expression
    (27) expression -> . expression LE expression
    (28) expression -> . expression EQ_FZM expression
    (29) expression -> . expression EQ_FZS expression
    (30) expression -> . expression NE_FZM expression
    (31) expression -> . expression NE_FZS expression
    (32) expression -> . expression AND expression
    (33) expression -> . expression OR expression
    (35) expression -> . NOT expression
    (37) expression -> . SUB expression
    (38) expression -> . TRUE
    (39) expression -> . FALSE
    (43) expression -> . FLOAT
    (44) expression -> . FLOAT_NAN
    (45) expression -> . FLOAT_INF
    (3) object -> . object ATTR SYMBOL
    (4) object -> . object ATTR_SAFE SYMBOL
    (34) object -> . LPAREN expression RPAREN
    (36) object -> . SYMBOL
    (40) object -> . BYTES
    (41) object -> . DATETIME
    (42) object -> . TIMEDELTA
    (46) object -> . NULL
    (47) object -> . LBRACE ary_members RBRACE
    (48) object -> . LBRACE ary_members COMMA RBRACE
    (49) object -> . STRING
    (50) object -> . LBRACKET RBRACKET
    (51) object -> . LBRACKET ary_members RBRACKET
    (52) object -> . LBRACKET ary_members COMMA RBRACKET
    (53) object -> . LBRACKET expression FOR SYMBOL IN expression RBRACKET
    (54) object -> . LBRACKET expression FOR SYMBOL IN expression IF expression RBRACKET
    (57) object -> . LBRACE RBRACE
    (58) object -> . LBRACE map_members RBRACE
    (59) object -> . LBRACE map_members COMMA RBRACE
    (63) object -> . object LBRACKET expression RBRACKET
    (64) object -> . object LBRACKET COLON RBRACKET
    (65) object -> . object LBRACKET COLON expression RBRACKET
    (66) object -> . object LBRACKET expression COLON RBRACKET
    (67) object -> . object LBRACKET expression COLON expression RBRACKET
    (68) object -> . expression LPAREN RPAREN
    (69) object -> . expression LPAREN ary_members RPAREN

    RBRACKET        shift and go to state 122
    NOT             shift and go to state 5
    SUB             shift and go to state 4
    TRUE            shift and go to state 6
    FALSE           shift and go to state 7
    FLOAT           shift and go to state 8
    FLOAT_NAN       shift and go to state 9
    FLOAT_INF       shift and go to state 10
    LPAREN          shift and go to state 12
    SYMBOL          shift and go to state 11
    BYTES           shift and go to state 13
    DATETIME        shift and go to state 14
    TIMEDELTA       shift and go to state 15
    NULL            shift and go to state 16
    LBRACE          shift and go to state 17
    STRING          shift and go to state 18
    LBRACKET        shift and go to state 19

    expression                     shift and go to state 117
    object                         shift and go to state 3

state 107

    (53) object -> LBRACKET expression FOR . SYMBOL IN expression RBRACKET
    (54) object -> LBRACKET expression FOR . SYMBOL IN expression IF expression RBRACKET

    SYMBOL          shift and go to state 123


state 108

    (6) expression -> expression QMARK expression COLON . expression
    (5) expression -> . object
    (6) expression -> . expression QMARK expression COLON expression
    (7) expression -> . expression COALESCE expression
    (8) expression -> . expression MOD expression
    (9) expression -> . expression MUL expression
    (10) expression -> . expression FDIV expression
    (11) expression -> . expression TDIV expression
    (12) expression -> . expression POW expression
    (13) expression -> . expression ADD expression
    (14) expression -> . expression SUB expression
    (15) expression -> . expression BWAND expression
    (16) expression -> . expression BWOR expression
    (17) expression -> . expression BWXOR expression
    (18) expression -> . expression BWLSH expression
    (19) expression -> . expression BWRSH expression
    (20) expression -> . expression IN expression
    (21) expression -> . expression NOT IN expression
    (22) expression -> . expression EQ expression
    (23) expression -> . expression NE expression
    (24) expression -> . expression GT expression
    (25) expression -> . expression GE expression
    (26) expression -> . expression LT expression
    (27) expression -> . expression LE expression
    (28) expression -> . expression EQ_FZM expression
    (29) expression -> . expression EQ_FZS expression
    (30) expression -> . expression NE_FZM expression
    (31) expression -> . expression NE_FZS expression
    (32) expression -> . expression AND expression
    (33) expression -> . expression OR expression
    (35) expression -> . NOT expression
    (37) expression -> . SUB expression
    (38) expression -> . TRUE
    (39) expression -> . FALSE
    (43) expression -> . FLOAT
    (44) expression -> . FLOAT_NAN
    (45) expression -> . FLOAT_INF
    (3) object -> . object ATTR SYMBOL
    (4) object -> . object ATTR_SAFE SYMBOL
    (34) object -> . LPAREN expression RPAREN
    (36) object -> . SYMBOL
    (40) object -> . BYTES
    (41) object -> . DATETIME
    (42) object -> . TIMEDELTA
    (46) object -> . NULL
    (47) object -> . LBRACE ary_members RBRACE
    (48) object -> . LBRACE ary_members COMMA RBRACE
    (49) object -> . STRING
    (50) object -> . LBRACKET RBRACKET
    (51) object -> . LBRACKET ary_members RBRACKET
    (52) object -> . LBRACKET ary_members COMMA RBRACKET
    (53) object -> . LBRACKET expression FOR SYMBOL IN expression RBRACKET
    (54) object -> . LBRACKET expression FOR SYMBOL IN expression IF expression RBRACKET
    (57) object -> . LBRACE RBRACE
    (58) object -> . LBRACE map_members RBRACE
    (59) object -> . LBRACE map_members COMMA RBRACE
    (63) object -> . object LBRACKET expression RBRACKET
    (64) object -> . object LBRACKET COLON RBRACKET
    (65) object -> . object LBRACKET COLON expression RBRACKET
    (66) object -> . object LBRACKET expression COLON RBRACKET
    (67) object -> . object LBRACKET expression COLON expression RBRACKET
    (68) object -> . expression LPAREN RPAREN
    (69) object -> . expression LPAREN ary_members RPAREN

    NOT             shift and go to state 5
    SUB             shift and go to state 4
    TRUE            shift and go to state 6
    FALSE           shift and go to state 7
    FLOAT           shift and go to state 8
    FLOAT_NAN       shift and go to state 9
    FLOAT_INF       shift and go to state 10
    LPAREN          shift and go to state 12
    SYMBOL          shift and go to state 11
    BYTES           shift and go to state 13
    DATETIME        shift and go to state 14
    TIMEDELTA       shift and go to state 15
    NULL            shift and go to state 16
    LBRACE          shift and go to state 17
    STRING          shift and go to state 18
    LBRACKET        shift and go to state 19

    expression                     shift and go to state 124
    object                         shift and go to state 3

state 109

    (21) expression -> expression NOT IN expression .
    (6) expression -> expression . QMARK expression COLON expression
    (7) expression -> expression . COALESCE expression
    (8) expression -> expression . MOD expression
    (9) expression -> expression . MUL expression
    (10) expression -> expression . FDIV expression
    (11) expression -> expression . TDIV expression
    (12) expression -> expression . POW expression
    (13) expression -> expression . ADD expression
    (14) expression -> expression . SUB expression
    (15) expression -> expression . BWAND expression
    (16) expression -> expression . BWOR expression
    (17) expression -> expression . BWXOR expression
    (18) expression -> expression . BWLSH expression
    (19) expression -> expression . BWRSH expression
    (20) expression -> expression . IN expression
    (21) expression -> expression . NOT IN expression
    (22) expression -> expression . EQ expression
    (23) expression -> expression . NE expression
    (24) expression -> expression . GT expression
    (25) expression -> expression . GE expression
    (26) expression -> expression . LT expression
    (27) expression -> expression . LE expression
    (28) expression -> expression . EQ_FZM expression
    (29) expression -> expression . EQ_FZS expression
    (30) expression -> expression . NE_FZM expression
    (31) expression -> expression . NE_FZS expression
    (32) expression -> expression . AND expression
    (33) expression -> expression . OR expression
    (68) object -> expression . LPAREN RPAREN
    (69) object -> expression . LPAREN ary_members RPAREN

    COMMENT         reduce using rule 21 (expression -> expression NOT IN expression .)
    QMARK           reduce using rule 21 (expression -> expression NOT IN expression .)
    COALESCE        reduce using rule 21 (expression -> expression NOT IN expression .)
    IN              reduce using rule 21 (expression -> expression NOT IN expression .)
    NOT             reduce using rule 21 (expression -> expression NOT IN expression .)
    EQ              reduce using rule 21 (expression -> expression NOT IN expression .)
    NE              reduce using rule 21 (expression -> expression NOT IN expression .)
    GT              reduce using rule 21 (expression -> expression NOT IN expression .)
    GE              reduce using rule 21 (expression -> expression NOT IN expression .)
    LT              reduce using rule 21 (expression -> expression NOT IN expression .)
    LE              reduce using rule 21 (expression -> expression NOT IN expression .)
    EQ_FZM          reduce using rule 21 (expression -> expression NOT IN expression .)
    EQ_FZS          reduce using rule 21 (expression -> expression NOT IN expression .)
    NE_FZM          reduce using rule 21 (expression -> expression NOT IN expression .)
    NE_FZS          reduce using rule 21 (expression -> expression NOT IN expression .)
    AND             reduce using rule 21 (expression -> expression NOT IN expression .)
    OR              reduce using rule 21 (expression -> expression NOT IN expression .)
    $end            reduce using rule 21 (expression -> expression NOT IN expression .)
    RPAREN          reduce using rule 21 (expression -> expression NOT IN expression .)
    COLON           reduce using rule 21 (expression -> expression NOT IN expression .)
    RBRACE          reduce using rule 21 (expression -> expression NOT IN expression .)
    COMMA           reduce using rule 21 (expression -> expression NOT IN expression .)
    FOR             reduce using rule 21 (expression -> expression NOT IN expression .)
    RBRACKET        reduce using rule 21 (expression -> expression NOT IN expression .)
    IF              reduce using rule 21 (expression -> expression NOT IN expression .)
    MOD             shift and go to state 23
    MUL             shift and go to state 24
    FDIV            shift and go to state 25
    TDIV            shift and go to state 26
    POW             shift and go to state 27
    ADD             shift and go to state 28
    SUB             shift and go to state 29
    BWAND           shift and go to state 30
    BWOR            shift and go to state 31
    BWXOR           shift and go to state 32
    BWLSH           shift and go to state 33
    BWRSH           shift and go to state 34
    LPAREN          shift and go to state 49

  ! MOD             [ reduce using rule 21 (expression -> expression NOT IN expression .) ]
  ! MUL             [ reduce using rule 21 (expression -> expression NOT IN expression .) ]
  ! FDIV            [ reduce using rule 21 (expression -> expression NOT IN expression .) ]
  ! TDIV            [ reduce using rule 21 (expression -> expression NOT IN expression .) ]
  ! POW             [ reduce using rule 21 (expression -> expression NOT IN expression .) ]
  ! ADD             [ reduce using rule 21 (expression -> expression NOT IN expression .) ]
  ! SUB             [ reduce using rule 21 (expression -> expression NOT IN expression .) ]
  ! BWAND           [ reduce using rule 21 (expression -> expression NOT IN expression .) ]
  ! BWOR            [ reduce using rule 21 (expression -> expression NOT IN expression .) ]
  ! BWXOR           [ reduce using rule 21 (expression -> expression NOT IN expression .) ]
  ! BWLSH           [ reduce using rule 21 (expression -> expression NOT IN expression .) ]
  ! BWRSH           [ reduce using rule 21 (expression -> expression NOT IN expression .) ]
  ! LPAREN          [ reduce using rule 21 (expression -> expression NOT IN expression .) ]
  ! QMARK           [ shift and go to state 21 ]
  ! COALESCE        [ shift and go to state 22 ]
  ! IN              [ shift and go to state 35 ]
  ! NOT             [ shift and go to state 36 ]
  ! EQ              [ shift and go to state 37 ]
  ! NE              [ shift and go to state 38 ]
  ! GT              [ shift and go to state 39 ]
  ! GE              [ shift and go to state 40 ]
  ! LT              [ shift and go to state 41 ]
  ! LE              [ shift and go to state 42 ]
  ! EQ_FZM          [ shift and go to state 43 ]
  ! EQ_FZS          [ shift and go to state 44 ]
  ! NE_FZM          [ shift and go to state 45 ]
  ! NE_FZS          [ shift and go to state 46 ]
  ! AND             [ shift and go to state 47 ]
  ! OR              [ shift and go to state 48 ]


state 110

    (69) object -> expression LPAREN ary_members RPAREN .

    ATTR            reduce using rule 69 (object -> expression LPAREN ary_members RPAREN .)
    ATTR_SAFE       reduce using rule 69 (object -> expression LPAREN ary_members RPAREN .)
    LBRACKET        reduce using rule 69 (object -> expression LPAREN ary_members RPAREN .)
    COMMENT         reduce using rule 69 (object -> expression LPAREN ary_members RPAREN .)
    QMARK           reduce using rule 69 (object -> expression LPAREN ary_members RPAREN .)
    COALESCE        reduce using rule 69 (object -> expression LPAREN ary_members RPAREN .)
    MOD             reduce using rule 69 (object -> expression LPAREN ary_members RPAREN .)
    MUL             reduce using rule 69 (object -> expression LPAREN ary_members RPAREN .)
    FDIV            reduce using rule 69 (object -> expression LPAREN ary_members RPAREN .)
    TDIV            reduce using rule 69 (object -> expression LPAREN ary_members RPAREN .)
    POW             reduce using rule 69 (object -> expression LPAREN ary_members RPAREN .)
    ADD             reduce using rule 69 (object -> expression LPAREN ary_members RPAREN .)
    SUB             reduce using rule 69 (object -> expression LPAREN ary_members RPAREN .)
    BWAND           reduce using rule 69 (object -> expression LPAREN ary_members RPAREN .)
    BWOR            reduce using rule 69 (object -> expression LPAREN ary_members RPAREN .)
    BWXOR           reduce using rule 69 (object -> expression LPAREN ary_members RPAREN .)
    BWLSH           reduce using rule 69 (object -> expression LPAREN ary_members RPAREN .)
    BWRSH           reduce using rule 69 (object -> expression LPAREN ary_members RPAREN .)
    IN              reduce using rule 69 (object -> expression LPAREN ary_members RPAREN .)
    NOT             reduce using rule 69 (object -> expression LPAREN ary_members RPAREN .)
    EQ              reduce using rule 69 (object -> expression LPAREN ary_members RPAREN .)
    NE              reduce using rule 69 (object -> expression LPAREN ary_members RPAREN .)
    GT              reduce using rule 69 (object -> expression LPAREN ary_members RPAREN .)
    GE              reduce using rule 69 (object -> expression LPAREN ary_members RPAREN .)
    LT              reduce using rule 69 (object -> expression LPAREN ary_members RPAREN .)
    LE              reduce using rule 69 (object -> expression LPAREN ary_members RPAREN .)
    EQ_FZM          reduce using rule 69 (object -> expression LPAREN ary_members RPAREN .)
    EQ_FZS          reduce using rule 69 (object -> expression LPAREN ary_members RPAREN .)
    NE_FZM          reduce using rule 69 (object -> expression LPAREN ary_members RPAREN .)
    NE_FZS          reduce using rule 69 (object -> expression LPAREN ary_members RPAREN .)
    AND             reduce using rule 69 (object -> expression LPAREN ary_members RPAREN .)
    OR              reduce using rule 69 (object -> expression LPAREN ary_members RPAREN .)
    LPAREN          reduce using rule 69 (object -> expression LPAREN ary_members RPAREN .)
    $end            reduce using rule 69 (object -> expression LPAREN ary_members RPAREN .)
    RPAREN          reduce using rule 69 (object -> expression LPAREN ary_members RPAREN .)
    COLON           reduce using rule 69 (object -> expression LPAREN ary_members RPAREN .)
    RBRACE          reduce using rule 69 (object -> expression LPAREN ary_members RPAREN .)
    COMMA           reduce using rule 69 (object -> expression LPAREN ary_members RPAREN .)
    FOR             reduce using rule 69 (object -> expression LPAREN ary_members RPAREN .)
    RBRACKET        reduce using rule 69 (object -> expression LPAREN ary_members RPAREN .)
    IF              reduce using rule 69 (object -> expression LPAREN ary_members RPAREN .)


state 111

    (56) ary_members -> ary_members COMMA . expression
    (5) expression -> . object
    (6) expression -> . expression QMARK expression COLON expression
    (7) expression -> . expression COALESCE expression
    (8) expression -> . expression MOD expression
    (9) expression -> . expression MUL expression
    (10) expression -> . expression FDIV expression
    (11) expression -> . expression TDIV expression
    (12) expression -> . expression POW expression
    (13) expression -> . expression ADD expression
    (14) expression -> . expression SUB expression
    (15) expression -> . expression BWAND expression
    (16) expression -> . expression BWOR expression
    (17) expression -> . expression BWXOR expression
    (18) expression -> . expression BWLSH expression
    (19) expression -> . expression BWRSH expression
    (20) expression -> . expression IN expression
    (21) expression -> . expression NOT IN expression
    (22) expression -> . expression EQ expression
    (23) expression -> . expression NE expression
    (24) expression -> . expression GT expression
    (25) expression -> . expression GE expression
    (26) expression -> . expression LT expression
    (27) expression -> . expression LE expression
    (28) expression -> . expression EQ_FZM expression
    (29) expression -> . expression EQ_FZS expression
    (30) expression -> . expression NE_FZM expression
    (31) expression -> . expression NE_FZS expression
    (32) expression -> . expression AND expression
    (33) expression -> . expression OR expression
    (35) expression -> . NOT expression
    (37) expression -> . SUB expression
    (38) expression -> . TRUE
    (39) expression -> . FALSE
    (43) expression -> . FLOAT
    (44) expression -> . FLOAT_NAN
    (45) expression -> . FLOAT_INF
    (3) object -> . object ATTR SYMBOL
    (4) object -> . object ATTR_SAFE SYMBOL
    (34) object -> . LPAREN expression RPAREN
    (36) object -> . SYMBOL
    (40) object -> . BYTES
    (41) object -> . DATETIME
    (42) object -> . TIMEDELTA
    (46) object -> . NULL
    (47) object -> . LBRACE ary_members RBRACE
    (48) object -> . LBRACE ary_members COMMA RBRACE
    (49) object -> . STRING
    (50) object -> . LBRACKET RBRACKET
    (51) object -> . LBRACKET ary_members RBRACKET
    (52) object -> . LBRACKET ary_members COMMA RBRACKET
    (53) object -> . LBRACKET expression FOR SYMBOL IN expression RBRACKET
    (54) object -> . LBRACKET expression FOR SYMBOL IN expression IF expression RBRACKET
    (57) object -> . LBRACE RBRACE
    (58) object -> . LBRACE map_members RBRACE
    (59) object -> . LBRACE map_members COMMA RBRACE
    (63) object -> . object LBRACKET expression RBRACKET
    (64) object -> . object LBRACKET COLON RBRACKET
    (65) object -> . object LBRACKET COLON expression RBRACKET
    (66) object -> . object LBRACKET expression COLON RBRACKET
    (67) object -> . object LBRACKET expression COLON expression RBRACKET
    (68) object -> . expression LPAREN RPAREN
    (69) object -> . expression LPAREN ary_members RPAREN

    NOT             shift and go to state 5
    SUB             shift and go to state 4
    TRUE            shift and go to state 6
    FALSE           shift and go to state 7
    FLOAT           shift and go to state 8
    FLOAT_NAN       shift and go to state 9
    FLOAT_INF       shift and go to state 10
    LPAREN          shift and go to state 12
    SYMBOL          shift and go to state 11
    BYTES           shift and go to state 13
    DATETIME        shift and go to state 14
    TIMEDELTA       shift and go to state 15
    NULL            shift and go to state 16
    LBRACE          shift and go to state 17
    STRING          shift and go to state 18
    LBRACKET        shift and go to state 19

    expression                     shift and go to state 117
    object                         shift and go to state 3

state 112

    (63) object -> object LBRACKET expression RBRACKET .

    ATTR            reduce using rule 63 (object -> object LBRACKET expression RBRACKET .)
    ATTR_SAFE       reduce using rule 63 (object -> object LBRACKET expression RBRACKET .)
    LBRACKET        reduce using rule 63 (object -> object LBRACKET expression RBRACKET .)
    COMMENT         reduce using rule 63 (object -> object LBRACKET expression RBRACKET .)
    QMARK           reduce using rule 63 (object -> object LBRACKET expression RBRACKET .)
    COALESCE        reduce using rule 63 (object -> object LBRACKET expression RBRACKET .)
    MOD             reduce using rule 63 (object -> object LBRACKET expression RBRACKET .)
    MUL             reduce using rule 63 (object -> object LBRACKET expression RBRACKET .)
    FDIV            reduce using rule 63 (object -> object LBRACKET expression RBRACKET .)
    TDIV            reduce using rule 63 (object -> object LBRACKET expression RBRACKET .)
    POW             reduce using rule 63 (object -> object LBRACKET expression RBRACKET .)
    ADD             reduce using rule 63 (object -> object LBRACKET expression RBRACKET .)
    SUB             reduce using rule 63 (object -> object LBRACKET expression RBRACKET .)
    BWAND           reduce using rule 63 (object -> object LBRACKET expression RBRACKET .)
    BWOR            reduce using rule 63 (object -> object LBRACKET expression RBRACKET .)
    BWXOR           reduce using rule 63 (object -> object LBRACKET expression RBRACKET .)
    BWLSH           reduce using rule 63 (object -> object LBRACKET expression RBRACKET .)
    BWRSH           reduce using rule 63 (object -> object LBRACKET expression RBRACKET .)
    IN              reduce using rule 63 (object -> object LBRACKET expression RBRACKET .)
    NOT             reduce using rule 63 (object -> object LBRACKET expression RBRACKET .)
    EQ              reduce using rule 63 (object -> object LBRACKET expression RBRACKET .)
    NE              reduce using rule 63 (object -> object LBRACKET expression RBRACKET .)
    GT              reduce using rule 63 (object -> object LBRACKET expression RBRACKET .)
    GE              reduce using rule 63 (object -> object LBRACKET expression RBRACKET .)
    LT              reduce using rule 63 (object -> object LBRACKET expression RBRACKET .)
    LE              reduce using rule 63 (object -> object LBRACKET expression RBRACKET .)
    EQ_FZM          reduce using rule 63 (object -> object LBRACKET expression RBRACKET .)
    EQ_FZS          reduce using rule 63 (object -> object LBRACKET expression RBRACKET .)
    NE_FZM          reduce using rule 63 (object -> object LBRACKET expression RBRACKET .)
    NE_FZS          reduce using rule 63 (object -> object LBRACKET expression RBRACKET .)
    AND             reduce using rule 63 (object -> object LBRACKET expression RBRACKET .)
    OR              reduce using rule 63 (object -> object LBRACKET expression RBRACKET .)
    LPAREN          reduce using rule 63 (object -> object LBRACKET expression RBRACKET .)
    $end            reduce using rule 63 (object -> object LBRACKET expression RBRACKET .)
    RPAREN          reduce using rule 63 (object -> object LBRACKET expression RBRACKET .)
    COLON           reduce using rule 63 (object -> object LBRACKET expression RBRACKET .)
    RBRACE          reduce using rule 63 (object -> object LBRACKET expression RBRACKET .)
    COMMA           reduce using rule 63 (object -> object LBRACKET expression RBRACKET .)
    FOR             reduce using rule 63 (object -> object LBRACKET expression RBRACKET .)
    RBRACKET        reduce using rule 63 (object -> object LBRACKET expression RBRACKET .)
    IF              reduce using rule 63 (object -> object LBRACKET expression RBRACKET .)


state 113

    (66) object -> object LBRACKET expression COLON . RBRACKET
    (67) object -> object LBRACKET expression COLON . expression RBRACKET
    (5) expression -> . object
    (6) expression -> . expression QMARK expression COLON expression
    (7) expression -> . expression COALESCE expression
    (8) expression -> . expression MOD expression
    (9) expression -> . expression MUL expression
    (10) expression -> . expression FDIV expression
    (11) expression -> . expression TDIV expression
    (12) expression -> . expression POW expression
    (13) expression -> . expression ADD expression
    (14) expression -> . expression SUB expression
    (15) expression -> . expression BWAND expression
    (16) expression -> . expression BWOR expression
    (17) expression -> . expression BWXOR expression
    (18) expression -> . expression BWLSH expression
    (19) expression -> . expression BWRSH expression
    (20) expression -> . expression IN expression
    (21) expression -> . expression NOT IN expression
    (22) expression -> . expression EQ expression
    (23) expression -> . expression NE expression
    (24) expression -> . expression GT expression
    (25) expression -> . expression GE expression
    (26) expression -> . expression LT expression
    (27) expression -> . expression LE expression
    (28) expression -> . expression EQ_FZM expression
    (29) expression -> . expression EQ_FZS expression
    (30) expression -> . expression NE_FZM expression
    (31) expression -> . expression NE_FZS expression
    (32) expression -> . expression AND expression
    (33) expression -> . expression OR expression
    (35) expression -> . NOT expression
    (37) expression -> . SUB expression
    (38) expression -> . TRUE
    (39) expression -> . FALSE
    (43) expression -> . FLOAT
    (44) expression -> . FLOAT_NAN
    (45) expression -> . FLOAT_INF
    (3) object -> . object ATTR SYMBOL
    (4) object -> . object ATTR_SAFE SYMBOL
    (34) object -> . LPAREN expression RPAREN
    (36) object -> . SYMBOL
    (40) object -> . BYTES
    (41) object -> . DATETIME
    (42) object -> . TIMEDELTA
    (46) object -> . NULL
    (47) object -> . LBRACE ary_members RBRACE
    (48) object -> . LBRACE ary_members COMMA RBRACE
    (49) object -> . STRING
    (50) object -> . LBRACKET RBRACKET
    (51) object -> . LBRACKET ary_members RBRACKET
    (52) object -> . LBRACKET ary_members COMMA RBRACKET
    (53) object -> . LBRACKET expression FOR SYMBOL IN expression RBRACKET
    (54) object -> . LBRACKET expression FOR SYMBOL IN expression IF expression RBRACKET
    (57) object -> . LBRACE RBRACE
    (58) object -> . LBRACE map_members RBRACE
    (59) object -> . LBRACE map_members COMMA RBRACE
    (63) object -> . object LBRACKET expression RBRACKET
    (64) object -> . object LBRACKET COLON RBRACKET
    (65) object -> . object LBRACKET COLON expression RBRACKET
    (66) object -> . object LBRACKET expression COLON RBRACKET
    (67) object -> . object LBRACKET expression COLON expression RBRACKET
    (68) object -> . expression LPAREN RPAREN
    (69) object -> . expression LPAREN ary_members RPAREN

    RBRACKET        shift and go to state 126
    NOT             shift and go to state 5
    SUB             shift and go to state 4
    TRUE            shift and go to state 6
    FALSE           shift and go to state 7
    FLOAT           shift and go to state 8
    FLOAT_NAN       shift and go to state 9
    FLOAT_INF       shift and go to state 10
    LPAREN          shift and go to state 12
    SYMBOL          shift and go to state 11
    BYTES           shift and go to state 13
    DATETIME        shift and go to state 14
    TIMEDELTA       shift and go to state 15
    NULL            shift and go to state 16
    LBRACE          shift and go to state 17
    STRING          shift and go to state 18
    LBRACKET        shift and go to state 19

    object                         shift and go to state 3
    expression                     shift and go to state 125

state 114

    (64) object -> object LBRACKET COLON RBRACKET .

    ATTR            reduce using rule 64 (object -> object LBRACKET COLON RBRACKET .)
    ATTR_SAFE       reduce using rule 64 (object -> object LBRACKET COLON RBRACKET .)
    LBRACKET        reduce using rule 64 (object -> object LBRACKET COLON RBRACKET .)
    COMMENT         reduce using rule 64 (object -> object LBRACKET COLON RBRACKET .)
    QMARK           reduce using rule 64 (object -> object LBRACKET COLON RBRACKET .)
    COALESCE        reduce using rule 64 (object -> object LBRACKET COLON RBRACKET .)
    MOD             reduce using rule 64 (object -> object LBRACKET COLON RBRACKET .)
    MUL             reduce using rule 64 (object -> object LBRACKET COLON RBRACKET .)
    FDIV            reduce using rule 64 (object -> object LBRACKET COLON RBRACKET .)
    TDIV            reduce using rule 64 (object -> object LBRACKET COLON RBRACKET .)
    POW             reduce using rule 64 (object -> object LBRACKET COLON RBRACKET .)
    ADD             reduce using rule 64 (object -> object LBRACKET COLON RBRACKET .)
    SUB             reduce using rule 64 (object -> object LBRACKET COLON RBRACKET .)
    BWAND           reduce using rule 64 (object -> object LBRACKET COLON RBRACKET .)
    BWOR            reduce using rule 64 (object -> object LBRACKET COLON RBRACKET .)
    BWXOR           reduce using rule 64 (object -> object LBRACKET COLON RBRACKET .)
    BWLSH           reduce using rule 64 (object -> object LBRACKET COLON RBRACKET .)
    BWRSH           reduce using rule 64 (object -> object LBRACKET COLON RBRACKET .)
    IN              reduce using rule 64 (object -> object LBRACKET COLON RBRACKET .)
    NOT             reduce using rule 64 (object -> object LBRACKET COLON RBRACKET .)
    EQ              reduce using rule 64 (object -> object LBRACKET COLON RBRACKET .)
    NE              reduce using rule 64 (object -> object LBRACKET COLON RBRACKET .)
    GT              reduce using rule 64 (object -> object LBRACKET COLON RBRACKET .)
    GE              reduce using rule 64 (object -> object LBRACKET COLON RBRACKET .)
    LT              reduce using rule 64 (object -> object LBRACKET COLON RBRACKET .)
    LE              reduce using rule 64 (object -> object LBRACKET COLON RBRACKET .)
    EQ_FZM          reduce using rule 64 (object -> object LBRACKET COLON RBRACKET .)
    EQ_FZS          reduce using rule 64 (object -> object LBRACKET COLON RBRACKET .)
    NE_FZM          reduce using rule 64 (object -> object LBRACKET COLON RBRACKET .)
    NE_FZS          reduce using rule 64 (object -> object LBRACKET COLON RBRACKET .)
    AND             reduce using rule 64 (object -> object LBRACKET COLON RBRACKET .)
    OR              reduce using rule 64 (object -> object LBRACKET COLON RBRACKET .)
    LPAREN          reduce using rule 64 (object -> object LBRACKET COLON RBRACKET .)
    $end            reduce using rule 64 (object -> object LBRACKET COLON RBRACKET .)
    RPAREN          reduce using rule 64 (object -> object LBRACKET COLON RBRACKET .)
    COLON           reduce using rule 64 (object -> object LBRACKET COLON RBRACKET .)
    RBRACE          reduce using rule 64 (object -> object LBRACKET COLON RBRACKET .)
    COMMA           reduce using rule 64 (object -> object LBRACKET COLON RBRACKET .)
    FOR             reduce using rule 64 (object -> object LBRACKET COLON RBRACKET .)
    RBRACKET        reduce using rule 64 (object -> object LBRACKET COLON RBRACKET .)
    IF              reduce using rule 64 (object -> object LBRACKET COLON RBRACKET .)


state 115

    (65) object -> object LBRACKET COLON expression . RBRACKET
    (6) expression -> expression . QMARK expression COLON expression
    (7) expression -> expression . COALESCE expression
    (8) expression -> expression . MOD expression
    (9) expression -> expression . MUL expression
    (10) expression -> expression . FDIV expression
    (11) expression -> expression . TDIV expression
    (12) expression -> expression . POW expression
    (13) expression -> expression . ADD expression
    (14) expression -> expression . SUB expression
    (15) expression -> expression . BWAND expression
    (16) expression -> expression . BWOR expression
    (17) expression -> expression . BWXOR expression
    (18) expression -> expression . BWLSH expression
    (19) expression -> expression . BWRSH expression
    (20) expression -> expression . IN expression
    (21) expression -> expression . NOT IN expression
    (22) expression -> expression . EQ expression
    (23) expression -> expression . NE expression
    (24) expression -> expression . GT expression
    (25) expression -> expression . GE expression
    (26) expression -> expression . LT expression
    (27) expression -> expression . LE expression
    (28) expression -> expression . EQ_FZM expression
    (29) expression -> expression . EQ_FZS expression
    (30) expression -> expression . NE_FZM expression
    (31) expression -> expression . NE_FZS expression
    (32) expression -> expression . AND expression
    (33) expression -> expression . OR expression
    (68) object -> expression . LPAREN RPAREN
    (69) object -> expression . LPAREN ary_members RPAREN

    RBRACKET        shift and go to state 127
    QMARK           shift and go to state 21
    COALESCE        shift and go to state 22
    MOD             shift and go to state 23
    MUL             shift and go to state 24
    FDIV            shift and go to state 25
    TDIV            shift and go to state 26
    POW             shift and go to state 27
    ADD             shift and go to state 28
    SUB             shift and go to state 29
    BWAND           shift and go to state 30
    BWOR            shift and go to state 31
    BWXOR           shift and go to state 32
    BWLSH           shift and go to state 33
    BWRSH           shift and go to state 34
    IN              shift and go to state 35
    NOT             shift and go to state 36
    EQ              shift and go to state 37
    NE              shift and go to state 38
    GT              shift and go to state 39
    GE              shift and go to state 40
    LT              shift and go to state 41
    LE              shift and go to state 42
    EQ_FZM          shift and go to state 43
    EQ_FZS          shift and go to state 44
    NE_FZM          shift and go to state 45
    NE_FZS          shift and go to state 46
    AND             shift and go to state 47
    OR              shift and go to state 48
    LPAREN          shift and go to state 49


state 116

    (48) object -> LBRACE ary_members COMMA RBRACE .

    ATTR            reduce using rule 48 (object -> LBRACE ary_members COMMA RBRACE .)
    ATTR_SAFE       reduce using rule 48 (object -> LBRACE ary_members COMMA RBRACE .)
    LBRACKET        reduce using rule 48 (object -> LBRACE ary_members COMMA RBRACE .)
    COMMENT         reduce using rule 48 (object -> LBRACE ary_members COMMA RBRACE .)
    QMARK           reduce using rule 48 (object -> LBRACE ary_members COMMA RBRACE .)
    COALESCE        reduce using rule 48 (object -> LBRACE ary_members COMMA RBRACE .)
    MOD             reduce using rule 48 (object -> LBRACE ary_members COMMA RBRACE .)
    MUL             reduce using rule 48 (object -> LBRACE ary_members COMMA RBRACE .)
    FDIV            reduce using rule 48 (object -> LBRACE ary_members COMMA RBRACE .)
    TDIV            reduce using rule 48 (object -> LBRACE ary_members COMMA RBRACE .)
    POW             reduce using rule 48 (object -> LBRACE ary_members COMMA RBRACE .)
    ADD             reduce using rule 48 (object -> LBRACE ary_members COMMA RBRACE .)
    SUB             reduce using rule 48 (object -> LBRACE ary_members COMMA RBRACE .)
    BWAND           reduce using rule 48 (object -> LBRACE ary_members COMMA RBRACE .)
    BWOR            reduce using rule 48 (object -> LBRACE ary_members COMMA RBRACE .)
    BWXOR           reduce using rule 48 (object -> LBRACE ary_members COMMA RBRACE .)
    BWLSH           reduce using rule 48 (object -> LBRACE ary_members COMMA RBRACE .)
    BWRSH           reduce using rule 48 (object -> LBRACE ary_members COMMA RBRACE .)
    IN              reduce using rule 48 (object -> LBRACE ary_members COMMA RBRACE .)
    NOT             reduce using rule 48 (object -> LBRACE ary_members COMMA RBRACE .)
    EQ              reduce using rule 48 (object -> LBRACE ary_members COMMA RBRACE .)
    NE              reduce using rule 48 (object -> LBRACE ary_members COMMA RBRACE .)
    GT              reduce using rule 48 (object -> LBRACE ary_members COMMA RBRACE .)
    GE              reduce using rule 48 (object -> LBRACE ary_members COMMA RBRACE .)
    LT              reduce using rule 48 (object -> LBRACE ary_members COMMA RBRACE .)
    LE              reduce using rule 48 (object -> LBRACE ary_members COMMA RBRACE .)
    EQ_FZM          reduce using rule 48 (object -> LBRACE ary_members COMMA RBRACE .)
    EQ_FZS          reduce using rule 48 (object -> LBRACE ary_members COMMA RBRACE .)
    NE_FZM          reduce using rule 48 (object -> LBRACE ary_members COMMA RBRACE .)
    NE_FZS          reduce using rule 48 (object -> LBRACE ary_members COMMA RBRACE .)
    AND             reduce using rule 48 (object -> LBRACE ary_members COMMA RBRACE .)
    OR              reduce using rule 48 (object -> LBRACE ary_members COMMA RBRACE .)
    LPAREN          reduce using rule 48 (object -> LBRACE ary_members COMMA RBRACE .)
    $end            reduce using rule 48 (object -> LBRACE ary_members COMMA RBRACE .)
    RPAREN          reduce using rule 48 (object -> LBRACE ary_members COMMA RBRACE .)
    COLON           reduce using rule 48 (object -> LBRACE ary_members COMMA RBRACE .)
    RBRACE          reduce using rule 48 (object -> LBRACE ary_members COMMA RBRACE .)
    COMMA           reduce using rule 48 (object -> LBRACE ary_members COMMA RBRACE .)
    FOR             reduce using rule 48 (object -> LBRACE ary_members COMMA RBRACE .)
    RBRACKET        reduce using rule 48 (object -> LBRACE ary_members COMMA RBRACE .)
    IF              reduce using rule 48 (object -> LBRACE ary_members COMMA RBRACE .)


state 117

    (56) ary_members -> ary_members COMMA expression .
    (6) expression -> expression . QMARK expression COLON expression
    (7) expression -> expression . COALESCE expression
    (8) expression -> expression . MOD expression
    (9) expression -> expression . MUL expression
    (10) expression -> expression . FDIV expression
    (11) expression -> expression . TDIV expression
    (12) expression -> expression . POW expression
    (13) expression -> expression . ADD expression
    (14) expression -> expression . SUB expression
    (15) expression -> expression . BWAND expression
    (16) expression -> expression . BWOR expression
    (17) expression -> expression . BWXOR expression
    (18) expression -> expression . BWLSH expression
    (19) expression -> expression . BWRSH expression
    (20) expression -> expression . IN expression
    (21) expression -> expression . NOT IN expression
    (22) expression -> expression . EQ expression
    (23) expression -> expression . NE expression
    (24) expression -> expression . GT expression
    (25) expression -> expression . GE expression
    (26) expression -> expression . LT expression
    (27) expression -> expression . LE expression
    (28) expression -> expression . EQ_FZM expression
    (29) expression -> expression . EQ_FZS expression
    (30) expression -> expression . NE_FZM expression
    (31) expression -> expression . NE_FZS expression
    (32) expression -> expression . AND expression
    (33) expression -> expression . OR expression
    (68) object -> expression . LPAREN RPAREN
    (69) object -> expression . LPAREN ary_members RPAREN

    RBRACE          reduce using rule 56 (ary_members -> ary_members COMMA expression .)
    COMMA           reduce using rule 56 (ary_members -> ary_members COMMA expression .)
    RBRACKET        reduce using rule 56 (ary_members -> ary_members COMMA expression .)
    RPAREN          reduce using rule 56 (ary_members -> ary_members COMMA expression .)
    QMARK           shift and go to state 21
    COALESCE        shift and go to state 22
    MOD             shift and go to state 23
    MUL             shift and go to state 24
    FDIV            shift and go to state 25
    TDIV            shift and go to state 26
    POW             shift and go to state 27
    ADD             shift and go to state 28
    SUB             shift and go to state 29
    BWAND           shift and go to state 30
    BWOR            shift and go to state 31
    BWXOR           shift and go to state 32
    BWLSH           shift and go to state 33
    BWRSH           shift and go to state 34
    IN              shift and go to state 35
    NOT             shift and go to state 36
    EQ              shift and go to state 37
    NE              shift and go to state 38
    GT              shift and go to state 39
    GE              shift and go to state 40
    LT              shift and go to state 41
    LE              shift and go to state 42
    EQ_FZM          shift and go to state 43
    EQ_FZS          shift and go to state 44
    NE_FZM          shift and go to state 45
    NE_FZS          shift and go to state 46
    AND             shift and go to state 47
    OR              shift and go to state 48
    LPAREN          shift and go to state 49


state 118

    (59) object -> LBRACE map_members COMMA RBRACE .

    ATTR            reduce using rule 59 (object -> LBRACE map_members COMMA RBRACE .)
    ATTR_SAFE       reduce using rule 59 (object -> LBRACE map_members COMMA RBRACE .)
    LBRACKET        reduce using rule 59 (object -> LBRACE map_members COMMA RBRACE .)
    COMMENT         reduce using rule 59 (object -> LBRACE map_members COMMA RBRACE .)
    QMARK           reduce using rule 59 (object -> LBRACE map_members COMMA RBRACE .)
    COALESCE        reduce using rule 59 (object -> LBRACE map_members COMMA RBRACE .)
    MOD             reduce using rule 59 (object -> LBRACE map_members COMMA RBRACE .)
    MUL             reduce using rule 59 (object -> LBRACE map_members COMMA RBRACE .)
    FDIV            reduce using rule 59 (object -> LBRACE map_members COMMA RBRACE .)
    TDIV            reduce using rule 59 (object -> LBRACE map_members COMMA RBRACE .)
    POW             reduce using rule 59 (object -> LBRACE map_members COMMA RBRACE .)
    ADD             reduce using rule 59 (object -> LBRACE map_members COMMA RBRACE .)
    SUB             reduce using rule 59 (object -> LBRACE map_members COMMA RBRACE .)
    BWAND           reduce using rule 59 (object -> LBRACE map_members COMMA RBRACE .)
    BWOR            reduce using rule 59 (object -> LBRACE map_members COMMA RBRACE .)
    BWXOR           reduce using rule 59 (object -> LBRACE map_members COMMA RBRACE .)
    BWLSH           reduce using rule 59 (object -> LBRACE map_members COMMA RBRACE .)
    BWRSH           reduce using rule 59 (object -> LBRACE map_members COMMA RBRACE .)
    IN              reduce using rule 59 (object -> LBRACE map_members COMMA RBRACE .)
    NOT             reduce using rule 59 (object -> LBRACE map_members COMMA RBRACE .)
    EQ              reduce using rule 59 (object -> LBRACE map_members COMMA RBRACE .)
    NE              reduce using rule 59 (object -> LBRACE map_members COMMA RBRACE .)
    GT              reduce using rule 59 (object -> LBRACE map_members COMMA RBRACE .)
    GE              reduce using rule 59 (object -> LBRACE map_members COMMA RBRACE .)
    LT              reduce using rule 59 (object -> LBRACE map_members COMMA RBRACE .)
    LE              reduce using rule 59 (object -> LBRACE map_members COMMA RBRACE .)
    EQ_FZM          reduce using rule 59 (object -> LBRACE map_members COMMA RBRACE .)
    EQ_FZS          reduce using rule 59 (object -> LBRACE map_members COMMA RBRACE .)
    NE_FZM          reduce using rule 59 (object -> LBRACE map_members COMMA RBRACE .)
    NE_FZS          reduce using rule 59 (object -> LBRACE map_members COMMA RBRACE .)
    AND             reduce using rule 59 (object -> LBRACE map_members COMMA RBRACE .)
    OR              reduce using rule 59 (object -> LBRACE map_members COMMA RBRACE .)
    LPAREN          reduce using rule 59 (object -> LBRACE map_members COMMA RBRACE .)
    $end            reduce using rule 59 (object -> LBRACE map_members COMMA RBRACE .)
    RPAREN          reduce using rule 59 (object -> LBRACE map_members COMMA RBRACE .)
    COLON           reduce using rule 59 (object -> LBRACE map_members COMMA RBRACE .)
    RBRACE          reduce using rule 59 (object -> LBRACE map_members COMMA RBRACE .)
    COMMA           reduce using rule 59 (object -> LBRACE map_members COMMA RBRACE .)
    FOR             reduce using rule 59 (object -> LBRACE map_members COMMA RBRACE .)
    RBRACKET        reduce using rule 59 (object -> LBRACE map_members COMMA RBRACE .)
    IF              reduce using rule 59 (object -> LBRACE map_members COMMA RBRACE .)


state 119

    (62) map_members -> map_members COMMA map_member .

    RBRACE          reduce using rule 62 (map_members -> map_members COMMA map_member .)
    COMMA           reduce using rule 62 (map_members -> map_members COMMA map_member .)


state 120

    (60) map_member -> expression . COLON expression
    (6) expression -> expression . QMARK expression COLON expression
    (7) expression -> expression . COALESCE expression
    (8) expression -> expression . MOD expression
    (9) expression -> expression . MUL expression
    (10) expression -> expression . FDIV expression
    (11) expression -> expression . TDIV expression
    (12) expression -> expression . POW expression
    (13) expression -> expression . ADD expression
    (14) expression -> expression . SUB expression
    (15) expression -> expression . BWAND expression
    (16) expression -> expression . BWOR expression
    (17) expression -> expression . BWXOR expression
    (18) expression -> expression . BWLSH expression
    (19) expression -> expression . BWRSH expression
    (20) expression -> expression . IN expression
    (21) expression -> expression . NOT IN expression
    (22) expression -> expression . EQ expression
    (23) expression -> expression . NE expression
    (24) expression -> expression . GT expression
    (25) expression -> expression . GE expression
    (26) expression -> expression . LT expression
    (27) expression -> expression . LE expression
    (28) expression -> expression . EQ_FZM expression
    (29) expression -> expression . EQ_FZS expression
    (30) expression -> expression . NE_FZM expression
    (31) expression -> expression . NE_FZS expression
    (32) expression -> expression . AND expression
    (33) expression -> expression . OR expression
    (68) object -> expression . LPAREN RPAREN
    (69) object -> expression . LPAREN ary_members RPAREN

    COLON           shift and go to state 104
    QMARK           shift and go to state 21
    COALESCE        shift and go to state 22
    MOD             shift and go to state 23
    MUL             shift and go to state 24
    FDIV            shift and go to state 25
    TDIV            shift and go to state 26
    POW             shift and go to state 27
    ADD             shift and go to state 28
    SUB             shift and go to state 29
    BWAND           shift and go to state 30
    BWOR            shift and go to state 31
    BWXOR           shift and go to state 32
    BWLSH           shift and go to state 33
    BWRSH           shift and go to state 34
    IN              shift and go to state 35
    NOT             shift and go to state 36
    EQ              shift and go to state 37
    NE              shift and go to state 38
    GT              shift and go to state 39
    GE              shift and go to state 40
    LT              shift and go to state 41
    LE              shift and go to state 42
    EQ_FZM          shift and go to state 43
    EQ_FZS          shift and go to state 44
    NE_FZM          shift and go to state 45
    NE_FZS          shift and go to state 46
    AND             shift and go to state 47
    OR              shift and go to state 48
    LPAREN          shift and go to state 49


state 121

    (60) map_member -> expression COLON expression .
    (6) expression -> expression . QMARK expression COLON expression
    (7) expression -> expression . COALESCE expression
    (8) expression -> expression . MOD expression
    (9) expression -> expression . MUL expression
    (10) expression -> expression . FDIV expression
    (11) expression -> expression . TDIV expression
    (12) expression -> expression . POW expression
    (13) expression -> expression . ADD expression
    (14) expression -> expression . SUB expression
    (15) expression -> expression . BWAND expression
    (16) expression -> expression . BWOR expression
    (17) expression -> expression . BWXOR expression
    (18) expression -> expression . BWLSH expression
    (19) expression -> expression . BWRSH expression
    (20) expression -> expression . IN expression
    (21) expression -> expression . NOT IN expression
    (22) expression -> expression . EQ expression
    (23) expression -> expression . NE expression
    (24) expression -> expression . GT expression
    (25) expression -> expression . GE expression
    (26) expression -> expression . LT expression
    (27) expression -> expression . LE expression
    (28) expression -> expression . EQ_FZM expression
    (29) expression -> expression . EQ_FZS expression
    (30) expression -> expression . NE_FZM expression
    (31) expression -> expression . NE_FZS expression
    (32) expression -> expression . AND expression
    (33) expression -> expression . OR expression
    (68) object -> expression . LPAREN RPAREN
    (69) object -> expression . LPAREN ary_members RPAREN

    RBRACE          reduce using rule 60 (map_member -> expression COLON expression .)
    COMMA           reduce using rule 60 (map_member -> expression COLON expression .)
    QMARK           shift and go to state 21
    COALESCE        shift and go to state 22
    MOD             shift and go to state 23
    MUL             shift and go to state 24
    FDIV            shift and go to state 25
    TDIV            shift and go to state 26
    POW             shift and go to state 27
    ADD             shift and go to state 28
    SUB             shift and go to state 29
    BWAND           shift and go to state 30
    BWOR            shift and go to state 31
    BWXOR           shift and go to state 32
    BWLSH           shift and go to state 33
    BWRSH           shift and go to state 34
    IN              shift and go to state 35
    NOT             shift and go to state 36
    EQ              shift and go to state 37
    NE              shift and go to state 38
    GT              shift and go to state 39
    GE              shift and go to state 40
    LT              shift and go to state 41
    LE              shift and go to state 42
    EQ_FZM          shift and go to state 43
    EQ_FZS          shift and go to state 44
    NE_FZM          shift and go to state 45
    NE_FZS          shift and go to state 46
    AND             shift and go to state 47
    OR              shift and go to state 48
    LPAREN          shift and go to state 49


state 122

    (52) object -> LBRACKET ary_members COMMA RBRACKET .

    ATTR            reduce using rule 52 (object -> LBRACKET ary_members COMMA RBRACKET .)
    ATTR_SAFE       reduce using rule 52 (object -> LBRACKET ary_members COMMA RBRACKET .)
    LBRACKET        reduce using rule 52 (object -> LBRACKET ary_members COMMA RBRACKET .)
    COMMENT         reduce using rule 52 (object -> LBRACKET ary_members COMMA RBRACKET .)
    QMARK           reduce using rule 52 (object -> LBRACKET ary_members COMMA RBRACKET .)
    COALESCE        reduce using rule 52 (object -> LBRACKET ary_members COMMA RBRACKET .)
    MOD             reduce using rule 52 (object -> LBRACKET ary_members COMMA RBRACKET .)
    MUL             reduce using rule 52 (object -> LBRACKET ary_members COMMA RBRACKET .)
    FDIV            reduce using rule 52 (object -> LBRACKET ary_members COMMA RBRACKET .)
    TDIV            reduce using rule 52 (object -> LBRACKET ary_members COMMA RBRACKET .)
    POW             reduce using rule 52 (object -> LBRACKET ary_members COMMA RBRACKET .)
    ADD             reduce using rule 52 (object -> LBRACKET ary_members COMMA RBRACKET .)
    SUB             reduce using rule 52 (object -> LBRACKET ary_members COMMA RBRACKET .)
    BWAND           reduce using rule 52 (object -> LBRACKET ary_members COMMA RBRACKET .)
    BWOR            reduce using rule 52 (object -> LBRACKET ary_members COMMA RBRACKET .)
    BWXOR           reduce using rule 52 (object -> LBRACKET ary_members COMMA RBRACKET .)
    BWLSH           reduce using rule 52 (object -> LBRACKET ary_members COMMA RBRACKET .)
    BWRSH           reduce using rule 52 (object -> LBRACKET ary_members COMMA RBRACKET .)
    IN              reduce using rule 52 (object -> LBRACKET ary_members COMMA RBRACKET .)
    NOT             reduce using rule 52 (object -> LBRACKET ary_members COMMA RBRACKET .)
    EQ              reduce using rule 52 (object -> LBRACKET ary_members COMMA RBRACKET .)
    NE              reduce using rule 52 (object -> LBRACKET ary_members COMMA RBRACKET .)
    GT              reduce using rule 52 (object -> LBRACKET ary_members COMMA RBRACKET .)
    GE              reduce using rule 52 (object -> LBRACKET ary_members COMMA RBRACKET .)
    LT              reduce using rule 52 (object -> LBRACKET ary_members COMMA RBRACKET .)
    LE              reduce using rule 52 (object -> LBRACKET ary_members COMMA RBRACKET .)
    EQ_FZM          reduce using rule 52 (object -> LBRACKET ary_members COMMA RBRACKET .)
    EQ_FZS          reduce using rule 52 (object -> LBRACKET ary_members COMMA RBRACKET .)
    NE_FZM          reduce using rule 52 (object -> LBRACKET ary_members COMMA RBRACKET .)
    NE_FZS          reduce using rule 52 (object -> LBRACKET ary_members COMMA RBRACKET .)
    AND             reduce using rule 52 (object -> LBRACKET ary_members COMMA RBRACKET .)
    OR              reduce using rule 52 (object -> LBRACKET ary_members COMMA RBRACKET .)
    LPAREN          reduce using rule 52 (object -> LBRACKET ary_members COMMA RBRACKET .)
    $end            reduce using rule 52 (object -> LBRACKET ary_members COMMA RBRACKET .)
    RPAREN          reduce using rule 52 (object -> LBRACKET ary_members COMMA RBRACKET .)
    COLON           reduce using rule 52 (object -> LBRACKET ary_members COMMA RBRACKET .)
    RBRACE          reduce using rule 52 (object -> LBRACKET ary_members COMMA RBRACKET .)
    COMMA           reduce using rule 52 (object -> LBRACKET ary_members COMMA RBRACKET .)
    FOR             reduce using rule 52 (object -> LBRACKET ary_members COMMA RBRACKET .)
    RBRACKET        reduce using rule 52 (object -> LBRACKET ary_members COMMA RBRACKET .)
    IF              reduce using rule 52 (object -> LBRACKET ary_members COMMA RBRACKET .)


state 123

    (53) object -> LBRACKET expression FOR SYMBOL . IN expression RBRACKET
    (54) object -> LBRACKET expression FOR SYMBOL . IN expression IF expression RBRACKET

    IN              shift and go to state 128


state 124

    (6) expression -> expression QMARK expression COLON expression .
    (6) expression -> expression . QMARK expression COLON expression
    (7) expression -> expression . COALESCE expression
    (8) expression -> expression . MOD expression
    (9) expression -> expression . MUL expression
    (10) expression -> expression . FDIV expression
    (11) expression -> expression . TDIV expression
    (12) expression -> expression . POW expression
    (13) expression -> expression . ADD expression
    (14) expression -> expression . SUB expression
    (15) expression -> expression . BWAND expression
    (16) expression -> expression . BWOR expression
    (17) expression -> expression . BWXOR expression
    (18) expression -> expression . BWLSH expression
    (19) expression -> expression . BWRSH expression
    (20) expression -> expression . IN expression
    (21) expression -> expression . NOT IN expression
    (22) expression -> expression . EQ expression
    (23) expression -> expression . NE expression
    (24) expression -> expression . GT expression
    (25) expression -> expression . GE expression
    (26) expression -> expression . LT expression
    (27) expression -> expression . LE expression
    (28) expression -> expression . EQ_FZM expression
    (29) expression -> expression . EQ_FZS expression
    (30) expression -> expression . NE_FZM expression
    (31) expression -> expression . NE_FZS expression
    (32) expression -> expression . AND expression
    (33) expression -> expression . OR expression
    (68) object -> expression . LPAREN RPAREN
    (69) object -> expression . LPAREN ary_members RPAREN

    COMMENT         reduce using rule 6 (expression -> expression QMARK expression COLON expression .)
    $end            reduce using rule 6 (expression -> expression QMARK expression COLON expression .)
    RPAREN          reduce using rule 6 (expression -> expression QMARK expression COLON expression .)
    COLON           reduce using rule 6 (expression -> expression QMARK expression COLON expression .)
    RBRACE          reduce using rule 6 (expression -> expression QMARK expression COLON expression .)
    COMMA           reduce using rule 6 (expression -> expression QMARK expression COLON expression .)
    FOR             reduce using rule 6 (expression -> expression QMARK expression COLON expression .)
    RBRACKET        reduce using rule 6 (expression -> expression QMARK expression COLON expression .)
    IF              reduce using rule 6 (expression -> expression QMARK expression COLON expression .)
    QMARK           shift and go to state 21
    COALESCE        shift and go to state 22
    MOD             shift and go to state 23
    MUL             shift and go to state 24
    FDIV            shift and go to state 25
    TDIV            shift and go to state 26
    POW             shift and go to state 27
    ADD             shift and go to state 28
    SUB             shift and go to state 29
    BWAND           shift and go to state 30
    BWOR            shift and go to state 31
    BWXOR           shift and go to state 32
    BWLSH           shift and go to state 33
    BWRSH           shift and go to state 34
    IN              shift and go to state 35
    NOT             shift and go to state 36
    EQ              shift and go to state 37
    NE              shift and go to state 38
    GT              shift and go to state 39
    GE              shift and go to state 40
    LT              shift and go to state 41
    LE              shift and go to state 42
    EQ_FZM          shift and go to state 43
    EQ_FZS          shift and go to state 44
    NE_FZM          shift and go to state 45
    NE_FZS          shift and go to state 46
    AND             shift and go to state 47
    OR              shift and go to state 48
    LPAREN          shift and go to state 49

  ! QMARK           [ reduce using rule 6 (expression -> expression QMARK expression COLON expression .) ]
  ! COALESCE        [ reduce using rule 6 (expression -> expression QMARK expression COLON expression .) ]
  ! MOD             [ reduce using rule 6 (expression -> expression QMARK expression COLON expression .) ]
  ! MUL             [ reduce using rule 6 (expression -> expression QMARK expression COLON expression .) ]
  ! FDIV            [ reduce using rule 6 (expression -> expression QMARK expression COLON expression .) ]
  ! TDIV            [ reduce using rule 6 (expression -> expression QMARK expression COLON expression .) ]
  ! POW             [ reduce using rule 6 (expression -> expression QMARK expression COLON expression .) ]
  ! ADD             [ reduce using rule 6 (expression -> expression QMARK expression COLON expression .) ]
  ! SUB             [ reduce using rule 6 (expression -> expression QMARK expression COLON expression .) ]
  ! BWAND           [ reduce using rule 6 (expression -> expression QMARK expression COLON expression .) ]
  ! BWOR            [ reduce using rule 6 (expression -> expression QMARK expression COLON expression .) ]
  ! BWXOR           [ reduce using rule 6 (expression -> expression QMARK expression COLON expression .) ]
  ! BWLSH           [ reduce using rule 6 (expression -> expression QMARK expression COLON expression .) ]
  ! BWRSH           [ reduce using rule 6 (expression -> expression QMARK expression COLON expression .) ]
  ! IN              [ reduce using rule 6 (expression -> expression QMARK expression COLON expression .) ]
  ! NOT             [ reduce using rule 6 (expression -> expression QMARK expression COLON expression .) ]
  ! EQ              [ reduce using rule 6 (expression -> expression QMARK expression COLON expression .) ]
  ! NE              [ reduce using rule 6 (expression -> expression QMARK expression COLON expression .) ]
  ! GT              [ reduce using rule 6 (expression -> expression QMARK expression COLON expression .) ]
  ! GE              [ reduce using rule 6 (expression -> expression QMARK expression COLON expression .) ]
  ! LT              [ reduce using rule 6 (expression -> expression QMARK expression COLON expression .) ]
  ! LE              [ reduce using rule 6 (expression -> expression QMARK expression COLON expression .) ]
  ! EQ_FZM          [ reduce using rule 6 (expression -> expression QMARK expression COLON expression .) ]
  ! EQ_FZS          [ reduce using rule 6 (expression -> expression QMARK expression COLON expression .) ]
  ! NE_FZM          [ reduce using rule 6 (expression -> expression QMARK expression COLON expression .) ]
  ! NE_FZS          [ reduce using rule 6 (expression -> expression QMARK expression COLON expression .) ]
  ! AND             [ reduce using rule 6 (expression -> expression QMARK expression COLON expression .) ]
  ! OR              [ reduce using rule 6 (expression -> expression QMARK expression COLON expression .) ]
  ! LPAREN          [ reduce using rule 6 (expression -> expression QMARK expression COLON expression .) ]


state 125

    (67) object -> object LBRACKET expression COLON expression . RBRACKET
    (6) expression -> expression . QMARK expression COLON expression
    (7) expression -> expression . COALESCE expression
    (8) expression -> expression . MOD expression
    (9) expression -> expression . MUL expression
    (10) expression -> expression . FDIV expression
    (11) expression -> expression . TDIV expression
    (12) expression -> expression . POW expression
    (13) expression -> expression . ADD expression
    (14) expression -> expression . SUB expression
    (15) expression -> expression . BWAND expression
    (16) expression -> expression . BWOR expression
    (17) expression -> expression . BWXOR expression
    (18) expression -> expression . BWLSH expression
    (19) expression -> expression . BWRSH expression
    (20) expression -> expression . IN expression
    (21) expression -> expression . NOT IN expression
    (22) expression -> expression . EQ expression
    (23) expression -> expression . NE expression
    (24) expression -> expression . GT expression
    (25) expression -> expression . GE expression
    (26) expression -> expression . LT expression
    (27) expression -> expression . LE expression
    (28) expression -> expression . EQ_FZM expression
    (29) expression -> expression . EQ_FZS expression
    (30) expression -> expression . NE_FZM expression
    (31) expression -> expression . NE_FZS expression
    (32) expression -> expression . AND expression
    (33) expression -> expression . OR expression
    (68) object -> expression . LPAREN RPAREN
    (69) object -> expression . LPAREN ary_members RPAREN

    RBRACKET        shift and go to state 129
    QMARK           shift and go to state 21
    COALESCE        shift and go to state 22
    MOD             shift and go to state 23
    MUL             shift and go to state 24
    FDIV            shift and go to state 25
    TDIV            shift and go to state 26
    POW             shift and go to state 27
    ADD             shift and go to state 28
    SUB             shift and go to state 29
    BWAND           shift and go to state 30
    BWOR            shift and go to state 31
    BWXOR           shift and go to state 32
    BWLSH           shift and go to state 33
    BWRSH           shift and go to state 34
    IN              shift and go to state 35
    NOT             shift and go to state 36
    EQ              shift and go to state 37
    NE              shift and go to state 38
    GT              shift and go to state 39
    GE              shift and go to state 40
    LT              shift and go to state 41
    LE              shift and go to state 42
    EQ_FZM          shift and go to state 43
    EQ_FZS          shift and go to state 44
    NE_FZM          shift and go to state 45
    NE_FZS          shift and go to state 46
    AND             shift and go to state 47
    OR              shift and go to state 48
    LPAREN          shift and go to state 49


state 126

    (66) object -> object LBRACKET expression COLON RBRACKET .

    ATTR            reduce using rule 66 (object -> object LBRACKET expression COLON RBRACKET .)
    ATTR_SAFE       reduce using rule 66 (object -> object LBRACKET expression COLON RBRACKET .)
    LBRACKET        reduce using rule 66 (object -> object LBRACKET expression COLON RBRACKET .)
    COMMENT         reduce using rule 66 (object -> object LBRACKET expression COLON RBRACKET .)
    QMARK           reduce using rule 66 (object -> object LBRACKET expression COLON RBRACKET .)
    COALESCE        reduce using rule 66 (object -> object LBRACKET expression COLON RBRACKET .)
    MOD             reduce using rule 66 (object -> object LBRACKET expression COLON RBRACKET .)
    MUL             reduce using rule 66 (object -> object LBRACKET expression COLON RBRACKET .)
    FDIV            reduce using rule 66 (object -> object LBRACKET expression COLON RBRACKET .)
    TDIV            reduce using rule 66 (object -> object LBRACKET expression COLON RBRACKET .)
    POW             reduce using rule 66 (object -> object LBRACKET expression COLON RBRACKET .)
    ADD             reduce using rule 66 (object -> object LBRACKET expression COLON RBRACKET .)
    SUB             reduce using rule 66 (object -> object LBRACKET expression COLON RBRACKET .)
    BWAND           reduce using rule 66 (object -> object LBRACKET expression COLON RBRACKET .)
    BWOR            reduce using rule 66 (object -> object LBRACKET expression COLON RBRACKET .)
    BWXOR           reduce using rule 66 (object -> object LBRACKET expression COLON RBRACKET .)
    BWLSH           reduce using rule 66 (object -> object LBRACKET expression COLON RBRACKET .)
    BWRSH           reduce using rule 66 (object -> object LBRACKET expression COLON RBRACKET .)
    IN              reduce using rule 66 (object -> object LBRACKET expression COLON RBRACKET .)
    NOT             reduce using rule 66 (object -> object LBRACKET expression COLON RBRACKET .)
    EQ              reduce using rule 66 (object -> object LBRACKET expression COLON RBRACKET .)
    NE              reduce using rule 66 (object -> object LBRACKET expression COLON RBRACKET .)
    GT              reduce using rule 66 (object -> object LBRACKET expression COLON RBRACKET .)
    GE              reduce using rule 66 (object -> object LBRACKET expression COLON RBRACKET .)
    LT              reduce using rule 66 (object -> object LBRACKET expression COLON RBRACKET .)
    LE              reduce using rule 66 (object -> object LBRACKET expression COLON RBRACKET .)
    EQ_FZM          reduce using rule 66 (object -> object LBRACKET expression COLON RBRACKET .)
    EQ_FZS          reduce using rule 66 (object -> object LBRACKET expression COLON RBRACKET .)
    NE_FZM          reduce using rule 66 (object -> object LBRACKET expression COLON RBRACKET .)
    NE_FZS          reduce using rule 66 (object -> object LBRACKET expression COLON RBRACKET .)
    AND             reduce using rule 66 (object -> object LBRACKET expression COLON RBRACKET .)
    OR              reduce using rule 66 (object -> object LBRACKET expression COLON RBRACKET .)
    LPAREN          reduce using rule 66 (object -> object LBRACKET expression COLON RBRACKET .)
    $end            reduce using rule 66 (object -> object LBRACKET expression COLON RBRACKET .)
    RPAREN          reduce using rule 66 (object -> object LBRACKET expression COLON RBRACKET .)
    COLON           reduce using rule 66 (object -> object LBRACKET expression COLON RBRACKET .)
    RBRACE          reduce using rule 66 (object -> object LBRACKET expression COLON RBRACKET .)
    COMMA           reduce using rule 66 (object -> object LBRACKET expression COLON RBRACKET .)
    FOR             reduce using rule 66 (object -> object LBRACKET expression COLON RBRACKET .)
    RBRACKET        reduce using rule 66 (object -> object LBRACKET expression COLON RBRACKET .)
    IF              reduce using rule 66 (object -> object LBRACKET expression COLON RBRACKET .)


state 127

    (65) object -> object LBRACKET COLON expression RBRACKET .

    ATTR            reduce using rule 65 (object -> object LBRACKET COLON expression RBRACKET .)
    ATTR_SAFE       reduce using rule 65 (object -> object LBRACKET COLON expression RBRACKET .)
    LBRACKET        reduce using rule 65 (object -> object LBRACKET COLON expression RBRACKET .)
    COMMENT         reduce using rule 65 (object -> object LBRACKET COLON expression RBRACKET .)
    QMARK           reduce using rule 65 (object -> object LBRACKET COLON expression RBRACKET .)
    COALESCE        reduce using rule 65 (object -> object LBRACKET COLON expression RBRACKET .)
    MOD             reduce using rule 65 (object -> object LBRACKET COLON expression RBRACKET .)
    MUL             reduce using rule 65 (object -> object LBRACKET COLON expression RBRACKET .)
    FDIV            reduce using rule 65 (object -> object LBRACKET COLON expression RBRACKET .)
    TDIV            reduce using rule 65 (object -> object LBRACKET COLON expression RBRACKET .)
    POW             reduce using rule 65 (object -> object LBRACKET COLON expression RBRACKET .)
    ADD             reduce using rule 65 (object -> object LBRACKET COLON expression RBRACKET .)
    SUB             reduce using rule 65 (object -> object LBRACKET COLON expression RBRACKET .)
    BWAND           reduce using rule 65 (object -> object LBRACKET COLON expression RBRACKET .)
    BWOR            reduce using rule 65 (object -> object LBRACKET COLON expression RBRACKET .)
    BWXOR           reduce using rule 65 (object -> object LBRACKET COLON expression RBRACKET .)
    BWLSH           reduce using rule 65 (object -> object LBRACKET COLON expression RBRACKET .)
    BWRSH           reduce using rule 65 (object -> object LBRACKET COLON expression RBRACKET .)
    IN              reduce using rule 65 (object -> object LBRACKET COLON expression RBRACKET .)
    NOT             reduce using rule 65 (object -> object LBRACKET COLON expression RBRACKET .)
    EQ              reduce using rule 65 (object -> object LBRACKET COLON expression RBRACKET .)
    NE              reduce using rule 65 (object -> object LBRACKET COLON expression RBRACKET .)
    GT              reduce using rule 65 (object -> object LBRACKET COLON expression RBRACKET .)
    GE              reduce using rule 65 (object -> object LBRACKET COLON expression RBRACKET .)
    LT              reduce using rule 65 (object -> object LBRACKET COLON expression RBRACKET .)
    LE              reduce using rule 65 (object -> object LBRACKET COLON expression RBRACKET .)
    EQ_FZM          reduce using rule 65 (object -> object LBRACKET COLON expression RBRACKET .)
    EQ_FZS          reduce using rule 65 (object -> object LBRACKET COLON expression RBRACKET .)
    NE_FZM          reduce using rule 65 (object -> object LBRACKET COLON expression RBRACKET .)
    NE_FZS          reduce using rule 65 (object -> object LBRACKET COLON expression RBRACKET .)
    AND             reduce using rule 65 (object -> object LBRACKET COLON expression RBRACKET .)
    OR              reduce using rule 65 (object -> object LBRACKET COLON expression RBRACKET .)
    LPAREN          reduce using rule 65 (object -> object LBRACKET COLON expression RBRACKET .)
    $end            reduce using rule 65 (object -> object LBRACKET COLON expression RBRACKET .)
    RPAREN          reduce using rule 65 (object -> object LBRACKET COLON expression RBRACKET .)
    COLON           reduce using rule 65 (object -> object LBRACKET COLON expression RBRACKET .)
    RBRACE          reduce using rule 65 (object -> object LBRACKET COLON expression RBRACKET .)
    COMMA           reduce using rule 65 (object -> object LBRACKET COLON expression RBRACKET .)
    FOR             reduce using rule 65 (object -> object LBRACKET COLON expression RBRACKET .)
    RBRACKET        reduce using rule 65 (object -> object LBRACKET COLON expression RBRACKET .)
    IF              reduce using rule 65 (object -> object LBRACKET COLON expression RBRACKET .)


state 128

    (53) object -> LBRACKET expression FOR SYMBOL IN . expression RBRACKET
    (54) object -> LBRACKET expression FOR SYMBOL IN . expression IF expression RBRACKET
    (5) expression -> . object
    (6) expression -> . expression QMARK expression COLON expression
    (7) expression -> . expression COALESCE expression
    (8) expression -> . expression MOD expression
    (9) expression -> . expression MUL expression
    (10) expression -> . expression FDIV expression
    (11) expression -> . expression TDIV expression
    (12) expression -> . expression POW expression
    (13) expression -> . expression ADD expression
    (14) expression -> . expression SUB expression
    (15) expression -> . expression BWAND expression
    (16) expression -> . expression BWOR expression
    (17) expression -> . expression BWXOR expression
    (18) expression -> . expression BWLSH expression
    (19) expression -> . expression BWRSH expression
    (20) expression -> . expression IN expression
    (21) expression -> . expression NOT IN expression
    (22) expression -> . expression EQ expression
    (23) expression -> . expression NE expression
    (24) expression -> . expression GT expression
    (25) expression -> . expression GE expression
    (26) expression -> . expression LT expression
    (27) expression -> . expression LE expression
    (28) expression -> . expression EQ_FZM expression
    (29) expression -> . expression EQ_FZS expression
    (30) expression -> . expression NE_FZM expression
    (31) expression -> . expression NE_FZS expression
    (32) expression -> . expression AND expression
    (33) expression -> . expression OR expression
    (35) expression -> . NOT expression
    (37) expression -> . SUB expression
    (38) expression -> . TRUE
    (39) expression -> . FALSE
    (43) expression -> . FLOAT
    (44) expression -> . FLOAT_NAN
    (45) expression -> . FLOAT_INF
    (3) object -> . object ATTR SYMBOL
    (4) object -> . object ATTR_SAFE SYMBOL
    (34) object -> . LPAREN expression RPAREN
    (36) object -> . SYMBOL
    (40) object -> . BYTES
    (41) object -> . DATETIME
    (42) object -> . TIMEDELTA
    (46) object -> . NULL
    (47) object -> . LBRACE ary_members RBRACE
    (48) object -> . LBRACE ary_members COMMA RBRACE
    (49) object -> . STRING
    (50) object -> . LBRACKET RBRACKET
    (51) object -> . LBRACKET ary_members RBRACKET
    (52) object -> . LBRACKET ary_members COMMA RBRACKET
    (53) object -> . LBRACKET expression FOR SYMBOL IN expression RBRACKET
    (54) object -> . LBRACKET expression FOR SYMBOL IN expression IF expression RBRACKET
    (57) object -> . LBRACE RBRACE
    (58) object -> . LBRACE map_members RBRACE
    (59) object -> . LBRACE map_members COMMA RBRACE
    (63) object -> . object LBRACKET expression RBRACKET
    (64) object -> . object LBRACKET COLON RBRACKET
    (65) object -> . object LBRACKET COLON expression RBRACKET
    (66) object -> . object LBRACKET expression COLON RBRACKET
    (67) object -> . object LBRACKET expression COLON expression RBRACKET
    (68) object -> . expression LPAREN RPAREN
    (69) object -> . expression LPAREN ary_members RPAREN

    NOT             shift and go to state 5
    SUB             shift and go to state 4
    TRUE            shift and go to state 6
    FALSE           shift and go to state 7
    FLOAT           shift and go to state 8
    FLOAT_NAN       shift and go to state 9
    FLOAT_INF       shift and go to state 10
    LPAREN          shift and go to state 12
    SYMBOL          shift and go to state 11
    BYTES           shift and go to state 13
    DATETIME        shift and go to state 14
    TIMEDELTA       shift and go to state 15
    NULL            shift and go to state 16
    LBRACE          shift and go to state 17
    STRING          shift and go to state 18
    LBRACKET        shift and go to state 19

    expression                     shift and go to state 130
    object                         shift and go to state 3

state 129

    (67) object -> object LBRACKET expression COLON expression RBRACKET .

    ATTR            reduce using rule 67 (object -> object LBRACKET expression COLON expression RBRACKET .)
    ATTR_SAFE       reduce using rule 67 (object -> object LBRACKET expression COLON expression RBRACKET .)
    LBRACKET        reduce using rule 67 (object -> object LBRACKET expression COLON expression RBRACKET .)
    COMMENT         reduce using rule 67 (object -> object LBRACKET expression COLON expression RBRACKET .)
    QMARK           reduce using rule 67 (object -> object LBRACKET expression COLON expression RBRACKET .)
    COALESCE        reduce using rule 67 (object -> object LBRACKET expression COLON expression RBRACKET .)
    MOD             reduce using rule 67 (object -> object LBRACKET expression COLON expression RBRACKET .)
    MUL             reduce using rule 67 (object -> object LBRACKET expression COLON expression RBRACKET .)
    FDIV            reduce using rule 67 (object -> object LBRACKET expression COLON expression RBRACKET .)
    TDIV            reduce using rule 67 (object -> object LBRACKET expression COLON expression RBRACKET .)
    POW             reduce using rule 67 (object -> object LBRACKET expression COLON expression RBRACKET .)
    ADD             reduce using rule 67 (object -> object LBRACKET expression COLON expression RBRACKET .)
    SUB             reduce using rule 67 (object -> object LBRACKET expression COLON expression RBRACKET .)
    BWAND           reduce using rule 67 (object -> object LBRACKET expression COLON expression RBRACKET .)
    BWOR            reduce using rule 67 (object -> object LBRACKET expression COLON expression RBRACKET .)
    BWXOR           reduce using rule 67 (object -> object LBRACKET expression COLON expression RBRACKET .)
    BWLSH           reduce using rule 67 (object -> object LBRACKET expression COLON expression RBRACKET .)
    BWRSH           reduce using rule 67 (object -> object LBRACKET expression COLON expression RBRACKET .)
    IN              reduce using rule 67 (object -> object LBRACKET expression COLON expression RBRACKET .)
    NOT             reduce using rule 67 (object -> object LBRACKET expression COLON expression RBRACKET .)
    EQ              reduce using rule 67 (object -> object LBRACKET expression COLON expression RBRACKET .)
    NE              reduce using rule 67 (object -> object LBRACKET expression COLON expression RBRACKET .)
    GT              reduce using rule 67 (object -> object LBRACKET expression COLON expression RBRACKET .)
    GE              reduce using rule 67 (object -> object LBRACKET expression COLON expression RBRACKET .)
    LT              reduce using rule 67 (object -> object LBRACKET expression COLON expression RBRACKET .)
    LE              reduce using rule 67 (object -> object LBRACKET expression COLON expression RBRACKET .)
    EQ_FZM          reduce using rule 67 (object -> object LBRACKET expression COLON expression RBRACKET .)
    EQ_FZS          reduce using rule 67 (object -> object LBRACKET expression COLON expression RBRACKET .)
    NE_FZM          reduce using rule 67 (object -> object LBRACKET expression COLON expression RBRACKET .)
    NE_FZS          reduce using rule 67 (object -> object LBRACKET expression COLON expression RBRACKET .)
    AND             reduce using rule 67 (object -> object LBRACKET expression COLON expression RBRACKET .)
    OR              reduce using rule 67 (object -> object LBRACKET expression COLON expression RBRACKET .)
    LPAREN          reduce using rule 67 (object -> object LBRACKET expression COLON expression RBRACKET .)
    $end            reduce using rule 67 (object -> object LBRACKET expression COLON expression RBRACKET .)
    RPAREN          reduce using rule 67 (object -> object LBRACKET expression COLON expression RBRACKET .)
    COLON           reduce using rule 67 (object -> object LBRACKET expression COLON expression RBRACKET .)
    RBRACE          reduce using rule 67 (object -> object LBRACKET expression COLON expression RBRACKET .)
    COMMA           reduce using rule 67 (object -> object LBRACKET expression COLON expression RBRACKET .)
    FOR             reduce using rule 67 (object -> object LBRACKET expression COLON expression RBRACKET .)
    RBRACKET        reduce using rule 67 (object -> object LBRACKET expression COLON expression RBRACKET .)
    IF              reduce using rule 67 (object -> object LBRACKET expression COLON expression RBRACKET .)


state 130

    (53) object -> LBRACKET expression FOR SYMBOL IN expression . RBRACKET
    (54) object -> LBRACKET expression FOR SYMBOL IN expression . IF expression RBRACKET
    (6) expression -> expression . QMARK expression COLON expression
    (7) expression -> expression . COALESCE expression
    (8) expression -> expression . MOD expression
    (9) expression -> expression . MUL expression
    (10) expression -> expression . FDIV expression
    (11) expression -> expression . TDIV expression
    (12) expression -> expression . POW expression
    (13) expression -> expression . ADD expression
    (14) expression -> expression . SUB expression
    (15) expression -> expression . BWAND expression
    (16) expression -> expression . BWOR expression
    (17) expression -> expression . BWXOR expression
    (18) expression -> expression . BWLSH expression
    (19) expression -> expression . BWRSH expression
    (20) expression -> expression . IN expression
    (21) expression -> expression . NOT IN expression
    (22) expression -> expression . EQ expression
    (23) expression -> expression . NE expression
    (24) expression -> expression . GT expression
    (25) expression -> expression . GE expression
    (26) expression -> expression . LT expression
    (27) expression -> expression . LE expression
    (28) expression -> expression . EQ_FZM expression
    (29) expression -> expression . EQ_FZS expression
    (30) expression -> expression . NE_FZM expression
    (31) expression -> expression . NE_FZS expression
    (32) expression -> expression . AND expression
    (33) expression -> expression . OR expression
    (68) object -> expression . LPAREN RPAREN
    (69) object -> expression . LPAREN ary_members RPAREN

    RBRACKET        shift and go to state 131
    IF              shift and go to state 132
    QMARK           shift and go to state 21
    COALESCE        shift and go to state 22
    MOD             shift and go to state 23
    MUL             shift and go to state 24
    FDIV            shift and go to state 25
    TDIV            shift and go to state 26
    POW             shift and go to state 27
    ADD             shift and go to state 28
    SUB             shift and go to state 29
    BWAND           shift and go to state 30
    BWOR            shift and go to state 31
    BWXOR           shift and go to state 32
    BWLSH           shift and go to state 33
    BWRSH           shift and go to state 34
    IN              shift and go to state 35
    NOT             shift and go to state 36
    EQ              shift and go to state 37
    NE              shift and go to state 38
    GT              shift and go to state 39
    GE              shift and go to state 40
    LT              shift and go to state 41
    LE              shift and go to state 42
    EQ_FZM          shift and go to state 43
    EQ_FZS          shift and go to state 44
    NE_FZM          shift and go to state 45
    NE_FZS          shift and go to state 46
    AND             shift and go to state 47
    OR              shift and go to state 48
    LPAREN          shift and go to state 49


state 131

    (53) object -> LBRACKET expression FOR SYMBOL IN expression RBRACKET .

    ATTR            reduce using rule 53 (object -> LBRACKET expression FOR SYMBOL IN expression RBRACKET .)
    ATTR_SAFE       reduce using rule 53 (object -> LBRACKET expression FOR SYMBOL IN expression RBRACKET .)
    LBRACKET        reduce using rule 53 (object -> LBRACKET expression FOR SYMBOL IN expression RBRACKET .)
    COMMENT         reduce using rule 53 (object -> LBRACKET expression FOR SYMBOL IN expression RBRACKET .)
    QMARK           reduce using rule 53 (object -> LBRACKET expression FOR SYMBOL IN expression RBRACKET .)
    COALESCE        reduce using rule 53 (object -> LBRACKET expression FOR SYMBOL IN expression RBRACKET .)
    MOD             reduce using rule 53 (object -> LBRACKET expression FOR SYMBOL IN expression RBRACKET .)
    MUL             reduce using rule 53 (object -> LBRACKET expression FOR SYMBOL IN expression RBRACKET .)
    FDIV            reduce using rule 53 (object -> LBRACKET expression FOR SYMBOL IN expression RBRACKET .)
    TDIV            reduce using rule 53 (object -> LBRACKET expression FOR SYMBOL IN expression RBRACKET .)
    POW             reduce using rule 53 (object -> LBRACKET expression FOR SYMBOL IN expression RBRACKET .)
    ADD             reduce using rule 53 (object -> LBRACKET expression FOR SYMBOL IN expression RBRACKET .)
    SUB             reduce using rule 53 (object -> LBRACKET expression FOR SYMBOL IN expression RBRACKET .)
    BWAND           reduce using rule 53 (object -> LBRACKET expression FOR SYMBOL IN expression RBRACKET .)
    BWOR            reduce using rule 53 (object -> LBRACKET expression FOR SYMBOL IN expression RBRACKET .)
    BWXOR           reduce using rule 53 (object -> LBRACKET expression FOR SYMBOL IN expression RBRACKET .)
    BWLSH           reduce using rule 53 (object -> LBRACKET expression FOR SYMBOL IN expression RBRACKET .)
    BWRSH           reduce using rule 53 (object -> LBRACKET expression FOR SYMBOL IN expression RBRACKET .)
    IN              reduce using rule 53 (object -> LBRACKET expression FOR SYMBOL IN expression RBRACKET .)
    NOT             reduce using rule 53 (object -> LBRACKET expression FOR SYMBOL IN expression RBRACKET .)
    EQ              reduce using rule 53 (object -> LBRACKET expression FOR SYMBOL IN expression RBRACKET .)
    NE              reduce using rule 53 (object -> LBRACKET expression FOR SYMBOL IN expression RBRACKET .)
    GT              reduce using rule 53 (object -> LBRACKET expression FOR SYMBOL IN expression RBRACKET .)
    GE              reduce using rule 53 (object -> LBRACKET expression FOR SYMBOL IN expression RBRACKET .)
    LT              reduce using rule 53 (object -> LBRACKET expression FOR SYMBOL IN expression RBRACKET .)
    LE              reduce using rule 53 (object -> LBRACKET expression FOR SYMBOL IN expression RBRACKET .)
    EQ_FZM          reduce using rule 53 (object -> LBRACKET expression FOR SYMBOL IN expression RBRACKET .)
    EQ_FZS          reduce using rule 53 (object -> LBRACKET expression FOR SYMBOL IN expression RBRACKET .)
    NE_FZM          reduce using rule 53 (object -> LBRACKET expression FOR SYMBOL IN expression RBRACKET .)
    NE_FZS          reduce using rule 53 (object -> LBRACKET expression FOR SYMBOL IN expression RBRACKET .)
    AND             reduce using rule 53 (object -> LBRACKET expression FOR SYMBOL IN expression RBRACKET .)
    OR              reduce using rule 53 (object -> LBRACKET expression FOR SYMBOL IN expression RBRACKET .)
    LPAREN          reduce using rule 53 (object -> LBRACKET expression FOR SYMBOL IN expression RBRACKET .)
    $end            reduce using rule 53 (object -> LBRACKET expression FOR SYMBOL IN expression RBRACKET .)
    RPAREN          reduce using rule 53 (object -> LBRACKET expression FOR SYMBOL IN expression RBRACKET .)
    COLON           reduce using rule 53 (object -> LBRACKET expression FOR SYMBOL IN expression RBRACKET .)
    RBRACE          reduce using rule 53 (object -> LBRACKET expression FOR SYMBOL IN expression RBRACKET .)
    COMMA           reduce using rule 53 (object -> LBRACKET expression FOR SYMBOL IN expression RBRACKET .)
    FOR             reduce using rule 53 (object -> LBRACKET expression FOR SYMBOL IN expression RBRACKET .)
    RBRACKET        reduce using rule 53 (object -> LBRACKET expression FOR SYMBOL IN expression RBRACKET .)
    IF              reduce using rule 53 (object -> LBRACKET expression FOR SYMBOL IN expression RBRACKET .)


state 132

    (54) object -> LBRACKET expression FOR SYMBOL IN expression IF . expression RBRACKET
    (5) expression -> . object
    (6) expression -> . expression QMARK expression COLON expression
    (7) expression -> . expression COALESCE expression
    (8) expression -> . expression MOD expression
    (9) expression -> . expression MUL expression
    (10) expression -> . expression FDIV expression
    (11) expression -> . expression TDIV expression
    (12) expression -> . expression POW expression
    (13) expression -> . expression ADD expression
    (14) expression -> . expression SUB expression
    (15) expression -> . expression BWAND expression
    (16) expression -> . expression BWOR expression
    (17) expression -> . expression BWXOR expression
    (18) expression -> . expression BWLSH expression
    (19) expression -> . expression BWRSH expression
    (20) expression -> . expression IN expression
    (21) expression -> . expression NOT IN expression
    (22) expression -> . expression EQ expression
    (23) expression -> . expression NE expression
    (24) expression -> . expression GT expression
    (25) expression -> . expression GE expression
    (26) expression -> . expression LT expression
    (27) expression -> . expression LE expression
    (28) expression -> . expression EQ_FZM expression
    (29) expression -> . expression EQ_FZS expression
    (30) expression -> . expression NE_FZM expression
    (31) expression -> . expression NE_FZS expression
    (32) expression -> . expression AND expression
    (33) expression -> . expression OR expression
    (35) expression -> . NOT expression
    (37) expression -> . SUB expression
    (38) expression -> . TRUE
    (39) expression -> . FALSE
    (43) expression -> . FLOAT
    (44) expression -> . FLOAT_NAN
    (45) expression -> . FLOAT_INF
    (3) object -> . object ATTR SYMBOL
    (4) object -> . object ATTR_SAFE SYMBOL
    (34) object -> . LPAREN expression RPAREN
    (36) object -> . SYMBOL
    (40) object -> . BYTES
    (41) object -> . DATETIME
    (42) object -> . TIMEDELTA
    (46) object -> . NULL
    (47) object -> . LBRACE ary_members RBRACE
    (48) object -> . LBRACE ary_members COMMA RBRACE
    (49) object -> . STRING
    (50) object -> . LBRACKET RBRACKET
    (51) object -> . LBRACKET ary_members RBRACKET
    (52) object -> . LBRACKET ary_members COMMA RBRACKET
    (53) object -> . LBRACKET expression FOR SYMBOL IN expression RBRACKET
    (54) object -> . LBRACKET expression FOR SYMBOL IN expression IF expression RBRACKET
    (57) object -> . LBRACE RBRACE
    (58) object -> . LBRACE map_members RBRACE
    (59) object -> . LBRACE map_members COMMA RBRACE
    (63) object -> . object LBRACKET expression RBRACKET
    (64) object -> . object LBRACKET COLON RBRACKET
    (65) object -> . object LBRACKET COLON expression RBRACKET
    (66) object -> . object LBRACKET expression COLON RBRACKET
    (67) object -> . object LBRACKET expression COLON expression RBRACKET
    (68) object -> . expression LPAREN RPAREN
    (69) object -> . expression LPAREN ary_members RPAREN

    NOT             shift and go to state 5
    SUB             shift and go to state 4
    TRUE            shift and go to state 6
    FALSE           shift and go to state 7
    FLOAT           shift and go to state 8
    FLOAT_NAN       shift and go to state 9
    FLOAT_INF       shift and go to state 10
    LPAREN          shift and go to state 12
    SYMBOL          shift and go to state 11
    BYTES           shift and go to state 13
    DATETIME        shift and go to state 14
    TIMEDELTA       shift and go to state 15
    NULL            shift and go to state 16
    LBRACE          shift and go to state 17
    STRING          shift and go to state 18
    LBRACKET        shift and go to state 19

    expression                     shift and go to state 133
    object                         shift and go to state 3

state 133

    (54) object -> LBRACKET expression FOR SYMBOL IN expression IF expression . RBRACKET
    (6) expression -> expression . QMARK expression COLON expression
    (7) expression -> expression . COALESCE expression
    (8) expression -> expression . MOD expression
    (9) expression -> expression . MUL expression
    (10) expression -> expression . FDIV expression
    (11) expression -> expression . TDIV expression
    (12) expression -> expression . POW expression
    (13) expression -> expression . ADD expression
    (14) expression -> expression . SUB expression
    (15) expression -> expression . BWAND expression
    (16) expression -> expression . BWOR expression
    (17) expression -> expression . BWXOR expression
    (18) expression -> expression . BWLSH expression
    (19) expression -> expression . BWRSH expression
    (20) expression -> expression . IN expression
    (21) expression -> expression . NOT IN expression
    (22) expression -> expression . EQ expression
    (23) expression -> expression . NE expression
    (24) expression -> expression . GT expression
    (25) expression -> expression . GE expression
    (26) expression -> expression . LT expression
    (27) expression -> expression . LE expression
    (28) expression -> expression . EQ_FZM expression
    (29) expression -> expression . EQ_FZS expression
    (30) expression -> expression . NE_FZM expression
    (31) expression -> expression . NE_FZS expression
    (32) expression -> expression . AND expression
    (33) expression -> expression . OR expression
    (68) object -> expression . LPAREN RPAREN
    (69) object -> expression . LPAREN ary_members RPAREN

    RBRACKET        shift and go to state 134
    QMARK           shift and go to state 21
    COALESCE        shift and go to state 22
    MOD             shift and go to state 23
    MUL             shift and go to state 24
    FDIV            shift and go to state 25
    TDIV            shift and go to state 26
    POW             shift and go to state 27
    ADD             shift and go to state 28
    SUB             shift and go to state 29
    BWAND           shift and go to state 30
    BWOR            shift and go to state 31
    BWXOR           shift and go to state 32
    BWLSH           shift and go to state 33
    BWRSH           shift and go to state 34
    IN              shift and go to state 35
    NOT             shift and go to state 36
    EQ              shift and go to state 37
    NE              shift and go to state 38
    GT              shift and go to state 39
    GE              shift and go to state 40
    LT              shift and go to state 41
    LE              shift and go to state 42
    EQ_FZM          shift and go to state 43
    EQ_FZS          shift and go to state 44
    NE_FZM          shift and go to state 45
    NE_FZS          shift and go to state 46
    AND             shift and go to state 47
    OR              shift and go to state 48
    LPAREN          shift and go to state 49


state 134

    (54) object -> LBRACKET expression FOR SYMBOL IN expression IF expression RBRACKET .

    ATTR            reduce using rule 54 (object -> LBRACKET expression FOR SYMBOL IN expression IF expression RBRACKET .)
    ATTR_SAFE       reduce using rule 54 (object -> LBRACKET expression FOR SYMBOL IN expression IF expression RBRACKET .)
    LBRACKET        reduce using rule 54 (object -> LBRACKET expression FOR SYMBOL IN expression IF expression RBRACKET .)
    COMMENT         reduce using rule 54 (object -> LBRACKET expression FOR SYMBOL IN expression IF expression RBRACKET .)
    QMARK           reduce using rule 54 (object -> LBRACKET expression FOR SYMBOL IN expression IF expression RBRACKET .)
    COALESCE        reduce using rule 54 (object -> LBRACKET expression FOR SYMBOL IN expression IF expression RBRACKET .)
    MOD             reduce using rule 54 (object -> LBRACKET expression FOR SYMBOL IN expression IF expression RBRACKET .)
    MUL             reduce using rule 54 (object -> LBRACKET expression FOR SYMBOL IN expression IF expression RBRACKET .)
    FDIV            reduce using rule 54 (object -> LBRACKET expression FOR SYMBOL IN expression IF expression RBRACKET .)
    TDIV            reduce using rule 54 (object -> LBRACKET expression FOR SYMBOL IN expression IF expression RBRACKET .)
    POW             reduce using rule 54 (object -> LBRACKET expression FOR SYMBOL IN expression IF expression RBRACKET .)
    ADD             reduce using rule 54 (object -> LBRACKET expression FOR SYMBOL IN expression IF expression RBRACKET .)
    SUB             reduce using rule 54 (object -> LBRACKET expression FOR SYMBOL IN expression IF expression RBRACKET .)
    BWAND           reduce using rule 54 (object -> LBRACKET expression FOR SYMBOL IN expression IF expression RBRACKET .)
    BWOR            reduce using rule 54 (object -> LBRACKET expression FOR SYMBOL IN expression IF expression RBRACKET .)
    BWXOR           reduce using rule 54 (object -> LBRACKET expression FOR SYMBOL IN expression IF expression RBRACKET .)
    BWLSH           reduce using rule 54 (object -> LBRACKET expression FOR SYMBOL IN expression IF expression RBRACKET .)
    BWRSH           reduce using rule 54 (object -> LBRACKET expression FOR SYMBOL IN expression IF expression RBRACKET .)
    IN              reduce using rule 54 (object -> LBRACKET expression FOR SYMBOL IN expression IF expression RBRACKET .)
    NOT             reduce using rule 54 (object -> LBRACKET expression FOR SYMBOL IN expression IF expression RBRACKET .)
    EQ              reduce using rule 54 (object -> LBRACKET expression FOR SYMBOL IN expression IF expression RBRACKET .)
    NE              reduce using rule 54 (object -> LBRACKET expression FOR SYMBOL IN expression IF expression RBRACKET .)
    GT              reduce using rule 54 (object -> LBRACKET expression FOR SYMBOL IN expression IF expression RBRACKET .)
    GE              reduce using rule 54 (object -> LBRACKET expression FOR SYMBOL IN expression IF expression RBRACKET .)
    LT              reduce using rule 54 (object -> LBRACKET expression FOR SYMBOL IN expression IF expression RBRACKET .)
    LE              reduce using rule 54 (object -> LBRACKET expression FOR SYMBOL IN expression IF expression RBRACKET .)
    EQ_FZM          reduce using rule 54 (object -> LBRACKET expression FOR SYMBOL IN expression IF expression RBRACKET .)
    EQ_FZS          reduce using rule 54 (object -> LBRACKET expression FOR SYMBOL IN expression IF expression RBRACKET .)
    NE_FZM          reduce using rule 54 (object -> LBRACKET expression FOR SYMBOL IN expression IF expression RBRACKET .)
    NE_FZS          reduce using rule 54 (object -> LBRACKET expression FOR SYMBOL IN expression IF expression RBRACKET .)
    AND             reduce using rule 54 (object -> LBRACKET expression FOR SYMBOL IN expression IF expression RBRACKET .)
    OR              reduce using rule 54 (object -> LBRACKET expression FOR SYMBOL IN expression IF expression RBRACKET .)
    LPAREN          reduce using rule 54 (object -> LBRACKET expression FOR SYMBOL IN expression IF expression RBRACKET .)
    $end            reduce using rule 54 (object -> LBRACKET expression FOR SYMBOL IN expression IF expression RBRACKET .)
    RPAREN          reduce using rule 54 (object -> LBRACKET expression FOR SYMBOL IN expression IF expression RBRACKET .)
    COLON           reduce using rule 54 (object -> LBRACKET expression FOR SYMBOL IN expression IF expression RBRACKET .)
    RBRACE          reduce using rule 54 (object -> LBRACKET expression FOR SYMBOL IN expression IF expression RBRACKET .)
    COMMA           reduce using rule 54 (object -> LBRACKET expression FOR SYMBOL IN expression IF expression RBRACKET .)
    FOR             reduce using rule 54 (object -> LBRACKET expression FOR SYMBOL IN expression IF expression RBRACKET .)
    RBRACKET        reduce using rule 54 (object -> LBRACKET expression FOR SYMBOL IN expression IF expression RBRACKET .)
    IF              reduce using rule 54 (object -> LBRACKET expression FOR SYMBOL IN expression IF expression RBRACKET .)

